,number,value,datetime_start,datetime_complete,duration,params_1D_featurizer,params_1d_model,params_2d_model,params_C_linear_svc,params_C_logistic_regression,params_C_passive_aggressive_classifier,params_C_svc,params_Cs_logistic_regression_cv,params_activation_mlp_classifier,params_algorithm_ada_boost_classifier,params_algorithm_kneighbors_classifier,params_algorithm_radius_neighbors_classifier,params_alpha_bernoulli_nb,params_alpha_complement_nb,params_alpha_mlp_classifier,params_alpha_ridge_classifier,params_alpha_ridge_classifier_cv,params_attention_dropout_0,params_attention_key_dim_0,params_base_estimator_bagging_classifier,params_base_filters,params_batch_normalization_0,params_batch_normalization_1,params_batch_normalization_2,params_batch_normalization_3,params_batch_normalization_4,params_batch_size_deepchem,params_batchnorm,params_bootstrap_bagging_classifier,params_bootstrap_features,params_classification_model,params_conv_activation_0,params_conv_activation_1,params_conv_activation_2,params_conv_batch_norm_0,params_conv_batch_norm_1,params_conv_batch_norm_2,params_conv_dropout_0,params_conv_dropout_1,params_conv_dropout_2,params_criterion_gradient_boosting_classifier,params_degree_nu_svc,params_degree_one_class_svm,params_degree_svc,params_dense_activation,params_dense_dropout,params_dense_layer_size,params_dense_units,params_depth_dmpnn,params_dropout,params_dropout_attentive_fp,params_dropout_dag,params_dropout_gcn,params_dropout_graph_conv,params_dropout_pagtn,params_dropout_text_cnn,params_dropouts_weave,params_embedding_dim,params_embedding_output_dim,params_epochs_deepchem,params_f1,params_f2,params_feature_selector,params_featurizer_type,params_filter_0,params_filter_1,params_filter_2,params_filters,params_fnn_dropout_p,params_fnn_layers,params_fpSize,params_g_noise,params_gamma_nu_svc,params_gamma_one_class_svm,params_gamma_svc,params_graph_conv_layers_conv_model,params_graph_conv_layers_gcn,params_graph_feat_size_attentive_fp,params_gru_dropout_0,params_gru_dropout_1,params_gru_units_0,params_gru_units_1,params_hidden_activation_0,params_hidden_activation_1,params_hidden_activation_2,params_hidden_activation_3,params_hidden_activation_4,params_hidden_dropout_0,params_hidden_dropout_1,params_hidden_dropout_2,params_hidden_dropout_3,params_hidden_dropout_4,params_hidden_layer_sizes_mlp_classifier,params_hidden_layer_units_0,params_hidden_layer_units_1,params_hidden_layer_units_2,params_hidden_layer_units_3,params_hidden_layer_units_4,params_k,params_kernel_nu_svc,params_kernel_one_class_svm,params_kernel_size_0,params_kernel_size_1,params_kernel_size_2,params_kernel_size_smiles_to_vec,params_kernel_svc,params_l1_0,params_l1_1,params_l1_2,params_l1_3,params_l1_4,params_l2_0,params_l2_1,params_l2_2,params_l2_3,params_l2_4,params_layer_sizes_dag,params_layer_sizes_gather,params_leaf_size_kneighbors_classifier,params_leaf_size_radius_neighbors_classifier,params_learning_rate_ada_boost_classifier,params_learning_rate_gradient_boosting_classifier,params_learning_rate_hist_gradient_boosting_classifier,params_loss_gradient_boosting_classifier,params_lstm_dropout_0,params_lstm_dropout_1,params_lstm_dropout_2,params_lstm_units_0,params_lstm_units_1,params_lstm_units_2,params_master_atom,params_maxLength,params_maxPath,params_max_features_gradient_boosting_classifier,params_max_length_pagtn,params_max_path,params_minLength,params_minPath,params_min_path,params_model_steps,params_model_type,params_nBits,params_n_attention_heads,params_n_attention_layers,params_n_bits,params_n_conv_layers,params_n_embedding_text_cnn,params_n_estimators,params_n_estimators_ada_boost_classifier,params_n_estimators_bagging_classifier,params_n_estimators_gradient_boosting_classifier,params_n_graph_feat_dag,params_n_graph_feat_weave,params_n_gru_layers,params_n_hidden_layers,params_n_hidden_weave,params_n_lstm_layers,params_n_neighbors_kneighbors_classifier,params_n_rnn_layers,params_norm,params_nu_nu_svc,params_nu_one_class_svm,params_num_heads,params_num_layers_attentive_fp,params_num_layers_pagtn,params_p,params_percentile,params_predictor_dropout_gcn,params_radius,params_radius_n_radius_neighbors_classifier,params_reg_param,params_rnn_dropouts_0,params_rnn_units_0,params_scaler,params_standardization_type,params_standardizer,params_stride_0,params_stride_1,params_stride_2,params_strides,params_support_weak,params_threshold,params_use_chirality_attentive_fp,params_use_chirality_gat,params_use_chirality_gcn,params_use_chirality_graph_conv,params_use_chirality_weave,params_use_edges_gat,params_use_edges_gcn,params_use_partial_charge_attentive_fp,params_use_partial_charge_gat,params_use_partial_charge_gcn,params_weights_kneighbors_classifier,params_weights_radius_neighbors_classifier,params_with_mean,params_with_std,state
0,0,-inf,2024-02-15 16:59:21.978678,2024-02-15 16:59:24.631380,0 days 00:00:02.652702,,,keras_rnn,,,,,,,,,,,,,,,,,,,,,,,,,,,,,,,,,,,,,,,,,,relu,0.35872681040620685,,176.0,,,,,,,,,,,,,,,,2D,,,,,,,,,,,,,,,0.4823237986859651,0.3618426734599767,211.0,226.0,,,,,,,,,,,,,,,,,,,,,,,,,,,,,,,,,,,,,,,,,,,0.004194148970776745,0.05322218834885967,0.14935185688469077,173.0,196.0,247.0,,,,,,,,,,,keras,,,,,,,,,,,,,2.0,,,3.0,,,,,,,,,,,,,,,,,,,,,,,,,,,,,,,,,,,,,,,,COMPLETE
1,1,-inf,2024-02-15 16:59:24.653138,2024-02-15 19:59:24.883140,0 days 03:00:00.230002,,,,,,,,,,,,,,,,,,,,,,,,,,,256.0,False,,,,,,,,,,,,,,,,,,,,,,,,,0.0,,,,,,,837.0,,,,,,,,,,,,,,,,,"[64, 64]",,,,,,,,,,,,,,,,,,,,,,,,,,,,,,,,,,,,,,,,,,,,,,,,,,,,,,,,,,,,,,,gcn_model,deepchem,,,,,,,,,,,,,,,,,,,,,,,,,,,0.0,,,,,,,heavy_standardisation,custom_standardizer,,,,,,,,,True,,,,False,,,True,,,,,COMPLETE
2,2,-inf,2024-02-15 19:59:24.996955,2024-02-15 20:03:20.738299,0 days 00:03:55.741344,2d_descriptors,,,,,,,,,,,,,0.41536335472100294,,,,,,,,,,,,,,,,,complement_nb_model,,,,,,,,,,,,,,,,,,,,,,,,,,,,,,,,pass_through_transformer,,,,,,,,,,,,,,,,,,,,,,,,,,,,,,,,,,,,,,,,,,,,,,,,,,,,,,,,,,,,,,,,,,,,,,,,,,,,,,sklearn,,,,,,,,,,,,,,,,,,,l1,,,,,,,,,,,,,,normalizer,,chembl_standardizer,,,,,,,,,,,,,,,,,,,,,COMPLETE
3,3,-inf,2024-02-15 20:03:20.786880,2024-02-15 23:03:20.964075,0 days 03:00:00.177195,,,,,,,,,,,,,,,,,,,,,,,,,,,8.0,,,,,,,,,,,,,,,,,,,,,,,,,,,,,,0.5,,,881.0,,,,,,,,,,,,,,,,,,,,,,,,,,,,,,,,,,,,,,,,,,,,,,,,,,,,,,,,,,,,,,,,,,,,,,,,,,,,,,,,weave_model,deepchem,,,,,,,,,,,,256.0,,,50.0,,,,,,,,,,,,,,,,,,,,pass_through_standardizer,,,,,,,,,,,True,,,,,,,,,,COMPLETE
4,4,-inf,2024-02-15 23:03:20.999524,2024-02-15 23:03:38.285546,0 days 00:00:17.286022,,,keras_rnn,,,,,,,,,,,,,,,,,,,,,,,,,,,,,,,,,,,,,,,,,,tanh,0.37928601845895965,,48.0,,,,,,,,,,,,,,,,2D,,,,,,,,,,,,,,,0.07442211157799528,,255.0,,,,,,,,,,,,,,,,,,,,,,,,,,,,,,,,,,,,,,,,,,,,0.47788322291681895,5.362825986848785e-05,0.008270520959487326,101.0,228.0,225.0,,,,,,,,,,,keras,,,,,,,,,,,,,1.0,,,3.0,,,,,,,,,,,,,,,,,,,,,,,,,,,,,,,,,,,,,,,,COMPLETE
5,5,-inf,2024-02-15 23:03:38.305237,2024-02-16 02:03:39.682199,0 days 03:00:01.376962,,,,,,,,,,,,,,,,,,,,,,,,,,,256.0,,,,,,,,,,,,,,,,,,,,,,,,,,,,,,,64.0,,489.0,,,,,,,,32.0,,,,,,,,,,,,,,,,,,,,,,,,,,,,,,,,,,,,,3.0,,,,,,,,,,,,,,,,,,,,,,,,,,,,,,,,,,,smiles_to_vec_model,deepchem,,,,,,,,,,,,,,,,,,,,,,,,,,,,,,,,,,,basic_standardizer,,,,1.0,,,,,,,,,,,,,,,,,COMPLETE
6,6,-inf,2024-02-16 02:03:39.713529,2024-02-16 05:03:40.572742,0 days 03:00:00.859213,,,,,,,,,,,,,,,,,,,,,8.0,,,,,,512.0,,,,,,,,,,,,,,,,,,,,,,,,,,,,,,,,,802.0,,,,,,,,,,,,,,,,,,,,,,,,,,,,,,,,,,,,,,,,,,,,,,,,,,,,,,,,,,,,,,,,,,,,,,,,,,,,,,,,chem_ception_model,deepchem,,,,,,,,,,,,,,,,,,,,,,,,,,,,,,,,,,,basic_standardizer,,,,,,,,,,,,,,,,,,,,,COMPLETE
7,7,-inf,2024-02-16 05:03:40.617036,2024-02-16 05:04:20.614081,0 days 00:00:39.997045,,,keras_rnn,,,,,,,,,,,,,,,,,,,,,,,,,,,,,,,,,,,,,,,,,,tanh,0.20975190811172678,,96.0,,,,,,,,,,,,,,,,2D,,,,,,,,,,,,,,,0.3517456930279847,,20.0,,,,,,,,,,,,,,,,,,,,,,,,,,,,,,,,,,,,,,,,,,,,0.21729785468980506,0.4117340545260709,0.4131363139325514,129.0,189.0,61.0,,,,,,,,,,,keras,,,,,,,,,,,,,1.0,,,3.0,,,,,,,,,,,,,,,,,,,,,,,,,,,,,,,,,,,,,,,,COMPLETE
8,8,-inf,2024-02-16 05:04:20.640089,2024-02-16 05:04:20.823618,0 days 00:00:00.183529,2d_descriptors,keras_1d_cnn,,,,,,,,,,,,,,,,,,,,,,,,,,,,,,relu,,,False,,,0.2874331245861077,,,,,,,tanh,,,64.0,,0.7801002966063946,,,,,,,,,,,,,,1D,30.0,,,,,,,0.07274094340001747,,,,,,,,,,,,,,,,,,,,,,,,,,,,,,30.0,,,,,,,,,,,,,,,,,,,,,,,,,,,,,,,,,,,,,,,keras,,,,,1.0,,,,,,,,,,,,,,,,,,,,,,,,,,,,binarizer,,,2.0,,,,,,,,,,,,,,,,,,,,COMPLETE
9,9,-inf,2024-02-16 05:04:20.840364,2024-02-16 08:04:23.009785,0 days 03:00:02.169421,,,,,,,,,,,,,,,,,,,,,,,,,,,512.0,,,,,,,,,,,,,,,,,,,,,,,,,,,,0.0,,,,,348.0,,,,,,,,,,,,,,,,,,,,,,,,,,,,,,,,,,,,,,,,,,,,,,,,,,,,,,,,,,,,,,,,,,,,,,,,,,,10.0,,,,,pagtn_model,deepchem,,,,,,,,,,,,,,,,,,,,,,1.0,,2.0,,,,,,,,,,,chembl_standardizer,,,,,,,,,,,,,,,,,,,,,COMPLETE
10,10,0.6200767005032503,2024-02-16 08:04:23.046613,2024-02-16 09:19:16.921590,0 days 01:14:53.874977,atom_pair,,,,,,,,,,,,0.22380813925869114,,,,,,,,,,,,,,,,,,bernoulli_nb_model,,,,,,,,,,,,,,,,,,,,,,,,,,,,,,,,boruta_algorithm,,,,,,,,,,,,,,,,,,,,,,,,,,,,,,,,,,,,,,,,,,,,,,,,,,,,,,,,,,,,,,,,,,,,,20.0,,,,,2.0,,,,sklearn,2048.0,,,,,,,,,,,,,,,,,,,,,,,,,,,,,,,,,,pass_through_standardizer,,,,,False,,,,,,,,,,,,,,,,COMPLETE
11,11,0.6202171499414525,2024-02-16 09:19:16.954898,2024-02-16 10:32:03.127719,0 days 01:12:46.172821,atom_pair,,,,,,,,,,,,0.20047461533798827,,,,,,,,,,,,,,,,,,bernoulli_nb_model,,,,,,,,,,,,,,,,,,,,,,,,,,,,,,,,boruta_algorithm,,,,,,,,,,,,,,,,,,,,,,,,,,,,,,,,,,,,,,,,,,,,,,,,,,,,,,,,,,,,,,,,,,,,,20.0,,,,,2.0,,,,sklearn,2048.0,,,,,,,,,,,,,,,,,,,,,,,,,,,,,,,,,,pass_through_standardizer,,,,,False,,,,,,,,,,,,,,,,COMPLETE
12,12,0.6202171499414525,2024-02-16 10:32:03.154582,2024-02-16 11:05:18.625059,0 days 00:33:15.470477,atom_pair,,,,,,,,,,,,0.21127795240494174,,,,,,,,,,,,,,,,,,bernoulli_nb_model,,,,,,,,,,,,,,,,,,,,,,,,,,,,,,,,boruta_algorithm,,,,,,,,,,,,,,,,,,,,,,,,,,,,,,,,,,,,,,,,,,,,,,,,,,,,,,,,,,,,,,,,,,,,,20.0,,,,,2.0,,,,sklearn,2048.0,,,,,,,,,,,,,,,,,,,,,,,,,,,,,,,,,,pass_through_standardizer,,,,,False,,,,,,,,,,,,,,,,COMPLETE
13,13,0.6203575993796547,2024-02-16 11:05:18.647048,2024-02-16 11:38:56.162811,0 days 00:33:37.515763,atom_pair,,,,,,,,,,,,0.1731521838574307,,,,,,,,,,,,,,,,,,bernoulli_nb_model,,,,,,,,,,,,,,,,,,,,,,,,,,,,,,,,boruta_algorithm,,,,,,,,,,,,,,,,,,,,,,,,,,,,,,,,,,,,,,,,,,,,,,,,,,,,,,,,,,,,,,,,,,,,,20.0,,,,,2.0,,,,sklearn,2048.0,,,,,,,,,,,,,,,,,,,,,,,,,,,,,,,,,,pass_through_standardizer,,,,,False,,,,,,,,,,,,,,,,COMPLETE
14,14,0.5,2024-02-16 11:38:56.234053,2024-02-16 11:48:23.843675,0 days 00:09:27.609622,layered,,,,,,,,,,,brute,,,,,,,,,,,,,,,,,,,radius_neighbors_classifier_model,,,,,,,,,,,,,,,,,,,,,,,,,,,,,,,,percentil_fs,,,,,,,,1024.0,,,,,,,,,,,,,,,,,,,,,,,,,,,,,,,,,,,,,,,,,,,,,,,,,9.0,,,,,,,,,,,,,8.0,,,,,2.0,,,sklearn,,,,,,,,,,,,,,,,,,,,,,,,,6.0,60.0,,,7.0,,,,,,pass_through_standardizer,,,,,,,,,,,,,,,,,,uniform,,,COMPLETE
15,15,0.5695577207606423,2024-02-16 11:48:23.913140,2024-02-16 12:24:35.723265,0 days 00:36:11.810125,atom_pair,,,,,,,,,,,,,,,,,,,,,,,,,,,,,,gaussian_nb_model,,,,,,,,,,,,,,,,,,,,,,,,,,,,,,,,boruta_algorithm,,,,,,,,,,,,,,,,,,,,,,,,,,,,,,,,,,,,,,,,,,,,,,,,,,,,,,,,,,,,,,,,,,,,,30.0,,,,,1.0,,,,sklearn,2048.0,,,,,,,,,,,,,,,,,,,,,,,,,,,,,,,,,,pass_through_standardizer,,,,,False,,,,,,,,,,,,,,,,COMPLETE
16,16,0.5001501853092929,2024-02-16 12:24:35.744685,2024-02-16 12:53:42.363493,0 days 00:29:06.618808,mol2vec,,,,,,,8.0,,,,,,,,,,,,,,,,,,,,,,,logistic_regression_cv_model,,,,,,,,,,,,,,,,,,,,,,,,,,,,,,,,select_from_model_fs,,,,,,,,,,,,,,,,,,,,,,,,,,,,,,,,,,,,,,,,,,,,,,,,,,,,,,,,,,,,,,,,,,,,,,,,,,,,,,sklearn,,,,,,,444.0,,,,,,,,,,,,,,,,,,,,,,,,,,,simple_standardisation,custom_standardizer,,,,,,,,,,,,,,,,,,,,,COMPLETE
17,17,0.622309690591152,2024-02-16 12:53:42.453030,2024-02-16 13:06:44.849631,0 days 00:13:02.396601,maccs,,,,,,,,tanh,,,,,,0.0001873878875511713,,,,,,,,,,,,,,,,mlp_classifier_model,,,,,,,,,,,,,,,,,,,,,,,,,,,,,,,,k_best,,,,,,,,,,,,,,,,,,,,,,,,,,,,,,"(50, 50)",,,,,,8.0,,,,,,,,,,,,,,,,,,,,,,,,,,,,,,,,,,,,,,,,,,sklearn,,,,,,,,,,,,,,,,,,,,,,,,,,,,,,,,,,,pass_through_standardizer,,,,,,,,,,,,,,,,,,,,,COMPLETE
18,18,0.6228369485407919,2024-02-16 13:06:44.936054,2024-02-16 13:16:48.767952,0 days 00:10:03.831898,maccs,,,,,,,,tanh,,,,,,0.00016403594130587985,,,,,,,,,,,,,,,,mlp_classifier_model,,,,,,,,,,,,,,,,,,,,,,,,,,,,,,,,k_best,,,,,,,,,,,,,,,,,,,,,,,,,,,,,,"(50, 50)",,,,,,7.0,,,,,,,,,,,,,,,,,,,,,,,,,,,,,,,,,,,,,,,,,,sklearn,,,,,,,,,,,,,,,,,,,,,,,,,,,,,,,,,,,pass_through_standardizer,,,,,,,,,,,,,,,,,,,,,COMPLETE
19,19,0.6268201406361742,2024-02-16 13:16:48.785469,2024-02-16 13:25:47.474709,0 days 00:08:58.689240,maccs,,,,,,,,tanh,,,,,,0.00017857148128716895,,,,,,,,,,,,,,,,mlp_classifier_model,,,,,,,,,,,,,,,,,,,,,,,,,,,,,,,,k_best,,,,,,,,,,,,,,,,,,,,,,,,,,,,,,"(50, 50)",,,,,,7.0,,,,,,,,,,,,,,,,,,,,,,,,,,,,,,,,,,,,,,,,,,sklearn,,,,,,,,,,,,,,,,,,,,,,,,,,,,,,,,,,,pass_through_standardizer,,,,,,,,,,,,,,,,,,,,,COMPLETE
20,20,0.6219775377916664,2024-02-16 13:25:47.551941,2024-02-16 13:42:37.824744,0 days 00:16:50.272803,maccs,,,,,,,,tanh,,,,,,0.00014671562468168668,,,,,,,,,,,,,,,,mlp_classifier_model,,,,,,,,,,,,,,,,,,,,,,,,,,,,,,,,k_best,,,,,,,,,,,,,,,,,,,,,,,,,,,,,,"(50, 50)",,,,,,6.0,,,,,,,,,,,,,,,,,,,,,,,,,,,,,,,,,,,,,,,,,,sklearn,,,,,,,,,,,,,,,,,,,,,,,,,,,,,,,,,,simple_standardisation,custom_standardizer,,,,,,,,,,,,,,,,,,,,,COMPLETE
21,21,0.6252938698422151,2024-02-16 13:42:37.924918,2024-02-16 13:51:39.162548,0 days 00:09:01.237630,maccs,,,,,,,,tanh,,,,,,0.00017634812193825385,,,,,,,,,,,,,,,,mlp_classifier_model,,,,,,,,,,,,,,,,,,,,,,,,,,,,,,,,k_best,,,,,,,,,,,,,,,,,,,,,,,,,,,,,,"(50, 50)",,,,,,7.0,,,,,,,,,,,,,,,,,,,,,,,,,,,,,,,,,,,,,,,,,,sklearn,,,,,,,,,,,,,,,,,,,,,,,,,,,,,,,,,,,pass_through_standardizer,,,,,,,,,,,,,,,,,,,,,COMPLETE
22,22,0.6229080103682503,2024-02-16 13:51:39.195135,2024-02-16 14:00:34.014558,0 days 00:08:54.819423,maccs,,,,,,,,tanh,,,,,,0.00020785551566088154,,,,,,,,,,,,,,,,mlp_classifier_model,,,,,,,,,,,,,,,,,,,,,,,,,,,,,,,,k_best,,,,,,,,,,,,,,,,,,,,,,,,,,,,,,"(50, 50)",,,,,,8.0,,,,,,,,,,,,,,,,,,,,,,,,,,,,,,,,,,,,,,,,,,sklearn,,,,,,,,,,,,,,,,,,,,,,,,,,,,,,,,,,,pass_through_standardizer,,,,,,,,,,,,,,,,,,,,,COMPLETE
23,23,0.729093595930763,2024-02-16 14:00:34.104865,2024-02-16 14:10:56.014882,0 days 00:10:21.910017,maccs,,,,,,,,,,,,,,,,,,,,,,,,,,,,,,gaussian_process_classifier_model,,,,,,,,,,,,,,,,,,,,,,,,,,,,,,,,low_variance_fs,,,,,,,,,,,,,,,,,,,,,,,,,,,,,,,,,,,,,,,,,,,,,,,,,,,,,,,,,,,,,,,,,,,,,,,,,,,,,,sklearn,,,,,,,,,,,,,,,,,,,,,,,,,,,,,,,,,,,pass_through_standardizer,,,,,,0.06492041631880952,,,,,,,,,,,,,,,COMPLETE
24,24,0.7139227750225723,2024-02-16 14:10:56.104748,2024-02-16 14:29:47.315888,0 days 00:18:51.211140,morgan,,,,,,,,,,,,,,,,,,,,,,,,,,,,,,gaussian_process_classifier_model,,,,,,,,,,,,,,,,,,,,,,,,,,,,,,,,low_variance_fs,,,,,,,,,,,,,,,,,,,,,,,,,,,,,,,,,,,,,,,,,,,,,,,,,,,,,,,,,,,,,,,,,,,,,,,,,,,,,,sklearn,,,,1024.0,,,,,,,,,,,,,,,,,,,,,,,,2.0,,,,,,,basic_standardizer,,,,,,0.06477660830312582,,,,,,,,,,,,,,,COMPLETE
25,25,0.7179911743360297,2024-02-16 14:29:47.420652,2024-02-16 14:48:16.083491,0 days 00:18:28.662839,morgan,,,,,,,,,,,,,,,,,,,,,,,,,,,,,,gaussian_process_classifier_model,,,,,,,,,,,,,,,,,,,,,,,,,,,,,,,,low_variance_fs,,,,,,,,,,,,,,,,,,,,,,,,,,,,,,,,,,,,,,,,,,,,,,,,,,,,,,,,,,,,,,,,,,,,,,,,,,,,,,sklearn,,,,1024.0,,,,,,,,,,,,,,,,,,,,,,,,2.0,,,,,,,basic_standardizer,,,,,,0.06332560490242323,,,,,,,,,,,,,,,COMPLETE
26,26,0.7151200183238461,2024-02-16 14:48:16.100799,2024-02-16 15:06:38.064961,0 days 00:18:21.964162,morgan,,,,,,,,,,,,,,,,,,,,,,,,,,,,,,gaussian_process_classifier_model,,,,,,,,,,,,,,,,,,,,,,,,,,,,,,,,low_variance_fs,,,,,,,,,,,,,,,,,,,,,,,,,,,,,,,,,,,,,,,,,,,,,,,,,,,,,,,,,,,,,,,,,,,,,,,,,,,,,,sklearn,,,,1024.0,,,,,,,,,,,,,,,,,,,,,,,,2.0,,,,,,,basic_standardizer,,,,,,0.061182881820592984,,,,,,,,,,,,,,,COMPLETE
27,27,0.714613314825885,2024-02-16 15:06:38.155771,2024-02-16 15:25:01.260566,0 days 00:18:23.104795,morgan,,,,,,,,,,,,,,,,,,,,,,,,,,,,,,gaussian_process_classifier_model,,,,,,,,,,,,,,,,,,,,,,,,,,,,,,,,low_variance_fs,,,,,,,,,,,,,,,,,,,,,,,,,,,,,,,,,,,,,,,,,,,,,,,,,,,,,,,,,,,,,,,,,,,,,,,,,,,,,,sklearn,,,,1024.0,,,,,,,,,,,,,,,,,,,,,,,,2.0,,,,,,,basic_standardizer,,,,,,0.06268117564950978,,,,,,,,,,,,,,,COMPLETE
28,28,0.7146015080542465,2024-02-16 15:25:01.335035,2024-02-16 15:43:07.352284,0 days 00:18:06.017249,morgan,,,,,,,,,,,,,,,,,,,,,,,,,,,,,,gaussian_process_classifier_model,,,,,,,,,,,,,,,,,,,,,,,,,,,,,,,,low_variance_fs,,,,,,,,,,,,,,,,,,,,,,,,,,,,,,,,,,,,,,,,,,,,,,,,,,,,,,,,,,,,,,,,,,,,,,,,,,,,,,sklearn,,,,1024.0,,,,,,,,,,,,,,,,,,,,,,,,2.0,,,,,,,basic_standardizer,,,,,,0.0640532744266346,,,,,,,,,,,,,,,COMPLETE
29,29,-inf,2024-02-16 15:43:07.426779,2024-02-16 15:43:08.312909,0 days 00:00:00.886130,rdk,keras_dense,,,,,,,,,,,,,,,,,,,,False,,,,,,,,,,,,,,,,,,,,,,,,,,,,,,,,,,,,,,,,,,1D,,,,,,,2048.0,,,,,,,,,,,,relu,,,,,0.1498451963492175,,,,,,27.0,,,,,,,,,,,,,3.1043735296346817e-06,,,,,0.0010735010888195222,,,,,,,,,,,,,,,,,,,,,,,,10.0,,,1.0,,keras,,,,,,,,,,,,,,1.0,,,,,,,,,,,,,,,,,,,,,,,,,,,,,,,,,,,,,,,,,,COMPLETE
30,30,-inf,2024-02-16 15:43:08.388390,2024-02-16 15:43:09.235640,0 days 00:00:00.847250,mixed,keras_tabular_transformer,,,,,,,,,,,,,,,,0.18377295172741337,16.0,,,,,,,,,,,,,,,,,,,,,,,,,,relu,0.01309405418922327,,8.0,,,,,,,,,,,8.0,,rdk,maccs,,1D,,,,,,,,,,,,,,,,,,,,,,,,,,,,,,,,,,,,,,,,,,,,,,,,,,,,,,,,,,,,,,,,,,,,,,,,,,,,,keras,,1.0,1.0,,,,,,,,,,,,,,,,,,,,,,,,,,,,,,,,,,,,,,,,,,,,,,,,,,,,,COMPLETE
31,31,0.714613314825885,2024-02-16 15:43:09.314571,2024-02-16 16:02:17.986490,0 days 00:19:08.671919,morgan,,,,,,,,,,,,,,,,,,,,,,,,,,,,,,gaussian_process_classifier_model,,,,,,,,,,,,,,,,,,,,,,,,,,,,,,,,low_variance_fs,,,,,,,,,,,,,,,,,,,,,,,,,,,,,,,,,,,,,,,,,,,,,,,,,,,,,,,,,,,,,,,,,,,,,,,,,,,,,,sklearn,,,,1024.0,,,,,,,,,,,,,,,,,,,,,,,,2.0,,,,,,,basic_standardizer,,,,,,0.062179116305693845,,,,,,,,,,,,,,,COMPLETE
32,32,0.7158162605561631,2024-02-16 16:02:18.011579,2024-02-16 16:19:43.736117,0 days 00:17:25.724538,morgan,,,,,,,,,,,,,,,,,,,,,,,,,,,,,,gaussian_process_classifier_model,,,,,,,,,,,,,,,,,,,,,,,,,,,,,,,,low_variance_fs,,,,,,,,,,,,,,,,,,,,,,,,,,,,,,,,,,,,,,,,,,,,,,,,,,,,,,,,,,,,,,,,,,,,,,,,,,,,,,sklearn,,,,1024.0,,,,,,,,,,,,,,,,,,,,,,,,2.0,,,,,,,basic_standardizer,,,,,,0.06071509743581718,,,,,,,,,,,,,,,COMPLETE
33,33,0.5301912199372973,2024-02-16 16:19:43.765252,2024-02-16 16:38:23.999419,0 days 00:18:40.234167,morgan,,,,,,,,,,,,,,,,,,,,,,,,,,,,,,one_class_svm_model,,,,,,,,,,,,2.0,,,,,,,,,,,,,,,,,,,,low_variance_fs,,,,,,,,,,,0.8070239612565813,,,,,,,,,,,,,,,,,,,,,,,,,,,poly,,,,,,,,,,,,,,,,,,,,,,,,,,,,,,,,,,,,,,,,sklearn,,,,2048.0,,,,,,,,,,,,,,,,,0.7921894740463186,,,,,,,6.0,,,,,,,basic_standardizer,,,,,,0.028521302831465034,,,,,,,,,,,,,,,COMPLETE
34,34,0.7138461855263436,2024-02-16 16:38:24.031078,2024-02-16 17:01:50.876978,0 days 00:23:26.845900,morgan,,,,,,,,,,,,,,,,,,,,,,,,,,,,,,gaussian_process_classifier_model,,,,,,,,,,,,,,,,,,,,,,,,,,,,,,,,low_variance_fs,,,,,,,,,,,,,,,,,,,,,,,,,,,,,,,,,,,,,,,,,,,,,,,,,,,,,,,,,,,,,,,,,,,,,,,,,,,,,,sklearn,,,,1024.0,,,,,,,,,,,,,,,,,,,,,,,,4.0,,,,,,,basic_standardizer,,,,,,0.11121206754405707,,,,,,,,,,,,,,,COMPLETE
35,35,-inf,2024-02-16 17:01:50.909496,2024-02-16 20:01:51.187157,0 days 03:00:00.277661,,,,,,,,,,,,,,,,,,,,,,,,,,,16.0,,,,,,,,,,,,,,,,,,,,,,,,0.0,,,,,,,,,194.0,,,,,,,,,,,,,,,,,,300.0,,,,,,,,,,,,,,,,,,,,,,,,,,,,,,,,,,,,,,,,,,,,,,,,,,,,,,,,,,,,,,attentive_fp_model,deepchem,,,,,,,,,,,,,,,,,,,,,,,3.0,,,,,,,,,,,,basic_standardizer,,,,,,,False,,,,,,,False,,,,,,,COMPLETE
36,36,0.704930522434407,2024-02-16 20:01:51.268166,2024-02-16 20:23:15.785436,0 days 00:21:24.517270,morgan,,,,,,,,,SAMME.R,,,,,,,,,,,,,,,,,,,,,ada_boost_classifier_model,,,,,,,,,,,,,,,,,,,,,,,,,,,,,,,,low_variance_fs,,,,,,,,,,,,,,,,,,,,,,,,,,,,,,,,,,,,,,,,,,,,,,,,,,,,,,,,,,0.38234634645423726,,,,,,,,,,,,,,,,,,,,sklearn,,,,2048.0,,,,350.0,,,,,,,,,,,,,,,,,,,,4.0,,,,,,,basic_standardizer,,,,,,0.04241269885188663,,,,,,,,,,,,,,,COMPLETE
37,37,-inf,2024-02-16 20:23:15.803670,2024-02-16 20:25:36.384063,0 days 00:02:20.580393,mixed,,,,,,,,,,,,,,,,,,,,,,,,,,,,,,gradient_boosting_classifier_model,,,,,,,,,,friedman_mse,,,,,,,,,,,,,,,,,,,,morgan,2d_descriptors,low_variance_fs,,,,,,,,,,,,,,,,,,,,,,,,,,,,,,,,,,,,,,,,,,,,,,,,,,,,,,,,,,,0.7717669453857983,,deviance,,,,,,,,,,auto,,,,,,,sklearn,,,,,,,,,,250.0,,,,,,,,,,,,,,,,,,,,,,,,heavy_standardisation,custom_standardizer,,,,,,0.09290808451229998,,,,,,,,,,,,,,,COMPLETE
38,38,-inf,2024-02-16 20:25:36.408542,2024-02-16 23:25:39.754259,0 days 03:00:03.345717,,,,,,,,,,,,,,,,,,,,,,,,,,,128.0,,,,,,,,,,,,,,,,,,,,,,,,,0.0,,,,,,,,606.0,,,,,,,,,,,,,,,,,,,,,,,,,,,,,,,,,,,,,,,,,,,,,,,,,,,,,,,,,[500],[100],,,,,,,,,,,,,,,,,,,,,,dag_model,deepchem,,,,,,,,,,,64.0,,,,,,,,,,,,,,,,,,,,,,,,chembl_standardizer,,,,,,,,,,,,,,,,,,,,,COMPLETE
39,39,-inf,2024-02-16 23:25:39.777030,2024-02-16 23:27:25.712420,0 days 00:01:45.935390,,,keras_simple_rnn,,,,,,,,,,,,,,,,,,,,,,,,,,,,,,,,,,,,,,,,,,relu,0.1667165173532308,,224.0,,,,,,,,,,,,,,,,2D,,,,,,,,,,,,,,,,,,,,,,,,,,,,,,,,,,,,,,,,,,,,,,,,,,,,,,,,,,,,,,,,,,,,,,,,,,,,,keras,,,,,,,,,,,,,,,,,,1.0,,,,,,,,,,,,,0.20317670450973882,197.0,,,,,,,,,,,,,,,,,,,,,,,,COMPLETE
40,40,0.593467560083671,2024-02-16 23:27:25.788532,2024-02-17 00:25:53.257463,0 days 00:58:27.468931,layered,,,,,1.4125728932108883,,,,,,,,,,,,,,,,,,,,,,,,,passive_aggressive_classifier_model,,,,,,,,,,,,,,,,,,,,,,,,,,,,,,,,low_variance_fs,,,,,,,,1024.0,,,,,,,,,,,,,,,,,,,,,,,,,,,,,,,,,,,,,,,,,,,,,,,,,,,,,,,,,,,,,,5.0,,,,,3.0,,,sklearn,,,,,,,,,,,,,,,,,,,,,,,,,,,,,,,,,,,basic_standardizer,,,,,,0.14962531838973142,,,,,,,,,,,,,,,COMPLETE
41,41,0.7178216034214377,2024-02-17 00:25:53.287554,2024-02-17 01:27:57.671145,0 days 01:02:04.383591,morgan,,,,,,,,,,,,,,,,,,,,,,,,,,,,,,gaussian_process_classifier_model,,,,,,,,,,,,,,,,,,,,,,,,,,,,,,,,low_variance_fs,,,,,,,,,,,,,,,,,,,,,,,,,,,,,,,,,,,,,,,,,,,,,,,,,,,,,,,,,,,,,,,,,,,,,,,,,,,,,,sklearn,,,,1024.0,,,,,,,,,,,,,,,,,,,,,,,,2.0,,,,,,,basic_standardizer,,,,,,0.056908489348951014,,,,,,,,,,,,,,,COMPLETE
42,42,0.7208968625417216,2024-02-17 01:27:57.703654,2024-02-17 02:33:12.188135,0 days 01:05:14.484481,morgan,,,,2.504633726911659,,,,,,,,,,,,,,,,,,,,,,,,,,logistic_regression_model,,,,,,,,,,,,,,,,,,,,,,,,,,,,,,,,low_variance_fs,,,,,,,,,,,,,,,,,,,,,,,,,,,,,,,,,,,,,,,,,,,,,,,,,,,,,,,,,,,,,,,,,,,,,,,,,,,,,,sklearn,,,,1024.0,,,,,,,,,,,,,,,,,,,,,,,,2.0,,,,,,,basic_standardizer,,,,,,0.045486773564983686,,,,,,,,,,,,,,,COMPLETE
43,43,0.7169302680432497,2024-02-17 02:33:12.222777,2024-02-17 03:58:04.095765,0 days 01:24:51.872988,morgan,,,,3.6843044376080445,,,,,,,,,,,,,,,,,,,,,,,,,,logistic_regression_model,,,,,,,,,,,,,,,,,,,,,,,,,,,,,,,,low_variance_fs,,,,,,,,,,,,,,,,,,,,,,,,,,,,,,,,,,,,,,,,,,,,,,,,,,,,,,,,,,,,,,,,,,,,,,,,,,,,,,sklearn,,,,1024.0,,,,,,,,,,,,,,,,,,,,,,,,2.0,,,,,,,basic_standardizer,,,,,,0.03623198320982953,,,,,,,,,,,,,,,COMPLETE
44,44,-inf,2024-02-17 03:58:04.110896,2024-02-17 06:58:04.247834,0 days 03:00:00.136938,,,,,,,,,,,,,,,,,,,,,,,,,,,32.0,,,,,,,,,,,,,,,,,,,,,,,,,,,,,0.5,,,,205.0,,,,,,,,,,,,,,,,,,,,,,,,,,,,,,,,,,,,,,,,,,,,,,,,,,,,,,,,,,,,,,,,,,,,,,,,,,,,,,,,text_cnn_model,deepchem,,,,,,50.0,,,,,,,,,,,,,,,,,,,,,,,,,,,,,basic_standardizer,,,,,,,,,,,,,,,,,,,,,COMPLETE
45,45,0.695154501885834,2024-02-17 06:58:04.275441,2024-02-17 07:20:10.882723,0 days 00:22:06.607282,rdk,,,,3.52058756887591,,,,,,,,,,,,,,,,,,,,,,,,,,logistic_regression_model,,,,,,,,,,,,,,,,,,,,,,,,,,,,,,,,select_from_model_fs,,,,,,,,2048.0,,,,,,,,,,,,,,,,,,,,,,,,,,,,,,,,,,,,,,,,,,,,,,,,,,,,,,,,,,,,,,,,,5.0,,,3.0,,sklearn,,,,,,,967.0,,,,,,,,,,,,,,,,,,,,,,,,,,,,chembl_standardizer,,,,,,,,,,,,,,,,,,,,,COMPLETE
46,46,-inf,2024-02-17 07:20:10.902266,2024-02-17 07:21:31.848364,0 days 00:01:20.946098,2d_descriptors,,,,3.2189892735167365,,,,,,,,,,,,,,,,,,,,,,,,,,logistic_regression_model,,,,,,,,,,,,,,,,,,,,,,,,,,,,,,,,pass_through_transformer,,,,,,,,,,,,,,,,,,,,,,,,,,,,,,,,,,,,,,,,,,,,,,,,,,,,,,,,,,,,,,,,,,,,,,,,,,,,,,sklearn,,,,,,,,,,,,,,,,,,,,,,,,,,,,,,,,,max_abs_scaler,,basic_standardizer,,,,,,,,,,,,,,,,,,,,,COMPLETE
47,47,-inf,2024-02-17 07:21:31.879495,2024-02-17 07:21:33.354678,0 days 00:00:01.475183,mol2vec,keras_1d_cnn,,,,,,,,,,,,,,,,,,,,,,,,,,,,,,tanh,relu,tanh,True,True,True,0.776356380571569,0.7980616716389783,0.1679938183849104,,,,,relu,,,256.0,,0.00915308441445406,,,,,,,,,,,,,,1D,6.0,22.0,13.0,,,,,0.01347114130770527,,,,,,,,,,,,,,,,,,,,,,,,,,,,,,61.0,56.0,43.0,,,,,,,,,,,,,,,,,,,,,,,,,,,,,,,,,,,,,keras,,,,,3.0,,,,,,,,,,,,,,,,,,,,,,,,,,,,,,,1.0,1.0,1.0,,,,,,,,,,,,,,,,,,COMPLETE
48,48,0.6611041623346946,2024-02-17 07:21:33.374607,2024-02-17 07:39:55.308016,0 days 00:18:21.933409,morgan,,,,,,,,,,auto,,,,,,,,,,,,,,,,,,,,kneighbors_classifier_model,,,,,,,,,,,,,,,,,,,,,,,,,,,,,,,,percentil_fs,,,,,,,,,,,,,,,,,,,,,,,,,,,,,,,,,,,,,,,,,,,,,,,,,,,,,,,,5.0,,,,,,,,,,,,,,,,,,,,,,sklearn,,,,1024.0,,,,,,,,,,,,,2.0,,,,,,,,10.0,2.0,,2.0,,,,,,,basic_standardizer,,,,,,,,,,,,,,,,,distance,,,,COMPLETE
49,49,0.6491338068023718,2024-02-17 07:39:55.325668,2024-02-17 08:01:58.889328,0 days 00:22:03.563660,morgan,,,,,,6.199568596522556,,,,,,,,,,,,,,,,,,,,,,,,svc_model,,,,,,,,,,,,,5.0,,,,,,,,,,,,,,,,,,,pass_through_transformer,,,,,,,,,,,,0.5026920923679967,,,,,,,,,,,,,,,,,,,,,,,,,,,,,,,poly,,,,,,,,,,,,,,,,,,,,,,,,,,,,,,,,,,,sklearn,,,,1024.0,,,,,,,,,,,,,,,,,,,,,,,,4.0,,,,,,,chembl_standardizer,,,,,,,,,,,,,,,,,,,,,COMPLETE
50,50,-inf,2024-02-17 08:01:58.910151,2024-02-17 08:01:59.024841,0 days 00:00:00.114690,,,,,,,,,,,,,,,,,,,,,,,,,,,64.0,,,,,,,,,,,,,,,,,,,,,,,,,,,,,,,,,994.0,,,,,,,,,,,,,,,,,,,,,,,,,,,,,,,,,,,,,,,,,,,,,,,,,,,,,,,,,,,,,,,,,,,,,,,,,,,,,,,,gat_model,deepchem,,,,,,,,,,,,,,,,,,,,,,,,,,,,,,,,,,,basic_standardizer,,,,,,,,False,,,,False,,,True,,,,,,COMPLETE
51,51,0.7147570979900117,2024-02-17 08:01:59.041759,2024-02-17 08:20:19.485420,0 days 00:18:20.443661,morgan,,,,,,,,,,,,,,,2.264098270287162,,,,,,,,,,,,,,,ridge_classifier_model,,,,,,,,,,,,,,,,,,,,,,,,,,,,,,,,low_variance_fs,,,,,,,,,,,,,,,,,,,,,,,,,,,,,,,,,,,,,,,,,,,,,,,,,,,,,,,,,,,,,,,,,,,,,,,,,,,,,,sklearn,,,,1024.0,,,,,,,,,,,,,,,,,,,,,,,,2.0,,,,,,,basic_standardizer,,,,,,0.03912830532287073,,,,,,,,,,,,,,,COMPLETE
52,52,0.7181978892712975,2024-02-17 08:20:19.519681,2024-02-17 08:40:05.661608,0 days 00:19:46.141927,morgan,,,,,,,,,,,,,,,,,,,lr,,,,,,,,,False,True,bagging_classifier_model,,,,,,,,,,,,,,,,,,,,,,,,,,,,,,,,low_variance_fs,,,,,,,,,,,,,,,,,,,,,,,,,,,,,,,,,,,,,,,,,,,,,,,,,,,,,,,,,,,,,,,,,,,,,,,,,,,,,,sklearn,,,,1024.0,,,,,50.0,,,,,,,,,,,,,,,,,,,2.0,,,,,,,basic_standardizer,,,,,,0.04088046372496168,,,,,,,,,,,,,,,COMPLETE
53,53,-inf,2024-02-17 08:40:05.703028,2024-02-17 08:41:23.904385,0 days 00:01:18.201357,2d_descriptors,,,,,,,,,,,,,,,,,,,lr,,,,,,,,,False,True,bagging_classifier_model,,,,,,,,,,,,,,,,,,,,,,,,,,,,,,,,low_variance_fs,,,,,,,,,,,,,,,,,,,,,,,,,,,,,,,,,,,,,,,,,,,,,,,,,,,,,,,,,,,,,,,,,,,,,,,,,,,,,,sklearn,,,,,,,,,50.0,,,,,,,,,,,,,,,,,,,,,,,,standard_scaler,,basic_standardizer,,,,,,0.013525876765367907,,,,,,,,,,,,,True,True,COMPLETE
54,54,0.7214761092329482,2024-02-17 08:41:23.928262,2024-02-17 09:00:42.455950,0 days 00:19:18.527688,morgan,,,,,,,,,,,,,,,,6.898757436209955,,,,,,,,,,,,,,ridge_classifier_cv_model,,,,,,,,,,,,,,,,,,,,,,,,,,,,,,,,low_variance_fs,,,,,,,,,,,,,,,,,,,,,,,,,,,,,,,,,,,,,,,,,,,,,,,,,,,,,,,,,,,,,,,,,,,,,,,,,,,,,,sklearn,,,,1024.0,,,,,,,,,,,,,,,,,,,,,,,,2.0,,,,,,,basic_standardizer,,,,,,0.041621262138920756,,,,,,,,,,,,,,,COMPLETE
55,55,0.6952312953021551,2024-02-17 09:00:42.482446,2024-02-17 09:19:38.674374,0 days 00:18:56.191928,morgan,,,4.599166918778581,,,,,,,,,,,,,,,,,,,,,,,,,,,linear_svc_model,,,,,,,,,,,,,,,,,,,,,,,,,,,,,,,,low_variance_fs,,,,,,,,,,,,,,,,,,,,,,,,,,,,,,,,,,,,,,,,,,,,,,,,,,,,,,,,,,,,,,,,,,,,,,,,,,,,,,sklearn,,,,1024.0,,,,,,,,,,,,,,,,,,,,,,,,2.0,,,,,,heavy_standardisation,custom_standardizer,,,,,,0.044561295800950536,,,,,,,,,,,,,,,COMPLETE
56,56,0.6816083978638113,2024-02-17 09:19:38.695457,2024-02-17 12:05:25.543374,0 days 02:45:46.847917,layered,,,,,,,,,,,,,,,,,,,,,,,,,,,,,,hist_gradient_boosting_classifier_model,,,,,,,,,,,,,,,,,,,,,,,,,,,,,,,,low_variance_fs,,,,,,,,1024.0,,,,,,,,,,,,,,,,,,,,,,,,,,,,,,,,,,,,,,,,,,,,,,,,,,,,0.7235918872698243,,,,,,,,,,10.0,,,,,1.0,,,sklearn,,,,,,,,,,,,,,,,,,,,,,,,,,,,,,,,,,,basic_standardizer,,,,,,0.047688593252179244,,,,,,,,,,,,,,,COMPLETE
57,57,0.5023998902758832,2024-02-17 12:05:25.558441,2024-02-17 12:31:33.630899,0 days 00:26:08.072458,mol2vec,,,,,,,,,,,,,,,,6.613180410980988,,,,,,,,,,,,,,ridge_classifier_cv_model,,,,,,,,,,,,,,,,,,,,,,,,,,,,,,,,percentil_fs,,,,,,,,,,,,,,,,,,,,,,,,,,,,,,,,,,,,,,,,,,,,,,,,,,,,,,,,,,,,,,,,,,,,,,,,,,,,,,sklearn,,,,,,,,,,,,,,,,,,,,,,,,,,90.0,,,,,,,,,basic_standardizer,,,,,,,,,,,,,,,,,,,,,COMPLETE
58,58,0.5161529213077954,2024-02-17 12:31:33.655882,2024-02-17 12:50:26.317595,0 days 00:18:52.661713,atom_pair,,,,,,,,,,,,,,,,,,,,,,,,,,,,,,nu_svc_model,,,,,,,,,,,2.0,,,,,,,,,,,,,,,,,,,,,low_variance_fs,,,,,,,,,,0.5542603339001061,,,,,,,,,,,,,,,,,,,,,,,,,,,rbf,,,,,,,,,,,,,,,,,,,,,,,,,,,,,,,,50.0,,,,,3.0,,,,sklearn,1024.0,,,,,,,,,,,,,,,,,,,0.6122673443741317,,,,,,,,,,,,,,,basic_standardizer,,,,,,0.024902287336153506,,,,,,,,,,,,,,,COMPLETE
59,59,0.7515065715312369,2024-02-17 12:50:26.350010,2024-02-17 13:31:52.216767,0 days 00:41:25.866757,morgan,,,,,,,,,,,,,,,,,,,,,,,,,,,,,,quadradic_discriminant_analysis_model,,,,,,,,,,,,,,,,,,,,,,,,,,,,,,,,boruta_algorithm,,,,,,,,,,,,,,,,,,,,,,,,,,,,,,,,,,,,,,,,,,,,,,,,,,,,,,,,,,,,,,,,,,,,,,,,,,,,,,sklearn,,,,1024.0,,,,,,,,,,,,,,,,,,,,,,,,2.0,,0.18378270906626948,,,,,chembl_standardizer,,,,,True,,,,,,,,,,,,,,,,COMPLETE
60,60,0.7456405921490934,2024-02-17 13:31:52.240689,2024-02-17 14:07:18.652176,0 days 00:35:26.411487,morgan,,,,,,,,,,,,,,,,,,,,,,,,,,,,,,quadradic_discriminant_analysis_model,,,,,,,,,,,,,,,,,,,,,,,,,,,,,,,,boruta_algorithm,,,,,,,,,,,,,,,,,,,,,,,,,,,,,,,,,,,,,,,,,,,,,,,,,,,,,,,,,,,,,,,,,,,,,,,,,,,,,,sklearn,,,,1024.0,,,,,,,,,,,,,,,,,,,,,,,,2.0,,0.12569367417646168,,,,,chembl_standardizer,,,,,True,,,,,,,,,,,,,,,,COMPLETE
61,61,0.744475068298179,2024-02-17 14:07:18.675918,2024-02-17 14:40:38.152962,0 days 00:33:19.477044,morgan,,,,,,,,,,,,,,,,,,,,,,,,,,,,,,quadradic_discriminant_analysis_model,,,,,,,,,,,,,,,,,,,,,,,,,,,,,,,,boruta_algorithm,,,,,,,,,,,,,,,,,,,,,,,,,,,,,,,,,,,,,,,,,,,,,,,,,,,,,,,,,,,,,,,,,,,,,,,,,,,,,,sklearn,,,,1024.0,,,,,,,,,,,,,,,,,,,,,,,,2.0,,0.092343159636612,,,,,chembl_standardizer,,,,,True,,,,,,,,,,,,,,,,COMPLETE
62,62,0.7446913496476061,2024-02-17 14:40:38.171162,2024-02-17 15:28:57.942313,0 days 00:48:19.771151,morgan,,,,,,,,,,,,,,,,,,,,,,,,,,,,,,quadradic_discriminant_analysis_model,,,,,,,,,,,,,,,,,,,,,,,,,,,,,,,,boruta_algorithm,,,,,,,,,,,,,,,,,,,,,,,,,,,,,,,,,,,,,,,,,,,,,,,,,,,,,,,,,,,,,,,,,,,,,,,,,,,,,,sklearn,,,,1024.0,,,,,,,,,,,,,,,,,,,,,,,,2.0,,0.10155297358018991,,,,,chembl_standardizer,,,,,True,,,,,,,,,,,,,,,,COMPLETE
63,63,0.7237549982091193,2024-02-17 15:28:57.987265,2024-02-17 16:10:06.349589,0 days 00:41:08.362324,maccs,,,,,,,,,,,,,,,,,,,,,,,,,,,,,,quadradic_discriminant_analysis_model,,,,,,,,,,,,,,,,,,,,,,,,,,,,,,,,boruta_algorithm,,,,,,,,,,,,,,,,,,,,,,,,,,,,,,,,,,,,,,,,,,,,,,,,,,,,,,,,,,,,,,,,,,,,,,,,,,,,,,sklearn,,,,,,,,,,,,,,,,,,,,,,,,,,,,,,0.10306609781944377,,,,,chembl_standardizer,,,,,True,,,,,,,,,,,,,,,,COMPLETE
64,64,0.7256037938135467,2024-02-17 16:10:06.387811,2024-02-17 16:51:11.001975,0 days 00:41:04.614164,maccs,,,,,,,,,,,,,,,,,,,,,,,,,,,,,,quadradic_discriminant_analysis_model,,,,,,,,,,,,,,,,,,,,,,,,,,,,,,,,boruta_algorithm,,,,,,,,,,,,,,,,,,,,,,,,,,,,,,,,,,,,,,,,,,,,,,,,,,,,,,,,,,,,,,,,,,,,,,,,,,,,,,sklearn,,,,,,,,,,,,,,,,,,,,,,,,,,,,,,0.09992924294823118,,,,,chembl_standardizer,,,,,True,,,,,,,,,,,,,,,,COMPLETE
65,65,0.7256037938135467,2024-02-17 16:51:11.043183,2024-02-17 17:38:45.693562,0 days 00:47:34.650379,maccs,,,,,,,,,,,,,,,,,,,,,,,,,,,,,,quadradic_discriminant_analysis_model,,,,,,,,,,,,,,,,,,,,,,,,,,,,,,,,boruta_algorithm,,,,,,,,,,,,,,,,,,,,,,,,,,,,,,,,,,,,,,,,,,,,,,,,,,,,,,,,,,,,,,,,,,,,,,,,,,,,,,sklearn,,,,,,,,,,,,,,,,,,,,,,,,,,,,,,0.09985725460571772,,,,,chembl_standardizer,,,,,True,,,,,,,,,,,,,,,,COMPLETE
66,66,-inf,2024-02-17 17:38:45.737884,2024-02-17 17:38:46.520279,0 days 00:00:00.782395,maccs,keras_dense,,,,,,,,,,,,,,,,,,,,True,False,False,True,False,,,,,,,,,,,,,,,,,,,,,,,,,,,,,,,,,,,,,,1D,,,,,,,,,,,,,,,,,,,tanh,relu,tanh,relu,tanh,0.7834153412602491,0.6763531310373572,0.5980095989447581,0.41449083688991345,0.1583984291743864,,59.0,21.0,54.0,40.0,45.0,,,,,,,,,0.007045062672764573,7.122993293969689e-06,0.0002283144514231623,0.0001315177337780971,0.0017691529217379463,1.0934435233386152e-06,0.0001901589065246,4.542927156970729e-05,0.0005696530955020723,8.980868638361978e-06,,,,,,,,,,,,,,,,,,,,,,,,,keras,,,,,,,,,,,,,,5.0,,,,,,,,,,,,,,,,,,,,,,,,,,,,,,,,,,,,,,,,,,COMPLETE
67,67,0.7250956245448349,2024-02-17 17:38:46.564241,2024-02-17 18:15:32.690517,0 days 00:36:46.126276,maccs,,,,,,,,,,,,,,,,,,,,,,,,,,,,,,quadradic_discriminant_analysis_model,,,,,,,,,,,,,,,,,,,,,,,,,,,,,,,,boruta_algorithm,,,,,,,,,,,,,,,,,,,,,,,,,,,,,,,,,,,,,,,,,,,,,,,,,,,,,,,,,,,,,,,,,,,,,,,,,,,,,,sklearn,,,,,,,,,,,,,,,,,,,,,,,,,,,,,,0.09352991409709012,,,,,chembl_standardizer,,,,,True,,,,,,,,,,,,,,,,COMPLETE
68,68,0.7250956245448349,2024-02-17 18:15:32.704853,2024-02-17 18:35:50.380991,0 days 00:20:17.676138,maccs,,,,,,,,,,,,,,,,,,,,,,,,,,,,,,quadradic_discriminant_analysis_model,,,,,,,,,,,,,,,,,,,,,,,,,,,,,,,,boruta_algorithm,,,,,,,,,,,,,,,,,,,,,,,,,,,,,,,,,,,,,,,,,,,,,,,,,,,,,,,,,,,,,,,,,,,,,,,,,,,,,,sklearn,,,,,,,,,,,,,,,,,,,,,,,,,,,,,,0.09319202585946906,,,,,chembl_standardizer,,,,,True,,,,,,,,,,,,,,,,COMPLETE
69,69,0.7235118805050954,2024-02-17 18:35:50.395726,2024-02-17 18:58:55.616304,0 days 00:23:05.220578,maccs,,,,,,,,,,,,,,,,,,,,,,,,,,,,,,quadradic_discriminant_analysis_model,,,,,,,,,,,,,,,,,,,,,,,,,,,,,,,,boruta_algorithm,,,,,,,,,,,,,,,,,,,,,,,,,,,,,,,,,,,,,,,,,,,,,,,,,,,,,,,,,,,,,,,,,,,,,,,,,,,,,,sklearn,,,,,,,,,,,,,,,,,,,,,,,,,,,,,,0.11185578136813268,,,,,chembl_standardizer,,,,,True,,,,,,,,,,,,,,,,COMPLETE
70,70,0.7688922738542401,2024-02-17 18:58:55.637438,2024-02-17 20:50:38.609948,0 days 01:51:42.972510,,,,,,,,,,,,,,,,,,,,,,,,,,,64.0,,,,,,,,,,,,,,,,,,,,256.0,,,,,,,0.5,,,,,,645.0,,,,,,,,,,,,,,,,"[128, 64]",,,,,,,,,,,,,,,,,,,,,,,,,,,,,,,,,,,,,,,,,,,,,,,,,,,,,,,True,,,,,,,,,graph_conv_model,deepchem,,,,,,,,,,,,,,,,,,,,,,,,,,,,,,,,,,,chembl_standardizer,,,,,,,,,,True,,,,,,,,,,,COMPLETE
71,71,0.7665788388390105,2024-02-17 20:50:38.625008,2024-02-17 22:40:19.908174,0 days 01:49:41.283166,,,,,,,,,,,,,,,,,,,,,,,,,,,64.0,,,,,,,,,,,,,,,,,,,,256.0,,,,,,,0.5,,,,,,664.0,,,,,,,,,,,,,,,,"[128, 64]",,,,,,,,,,,,,,,,,,,,,,,,,,,,,,,,,,,,,,,,,,,,,,,,,,,,,,,True,,,,,,,,,graph_conv_model,deepchem,,,,,,,,,,,,,,,,,,,,,,,,,,,,,,,,,,,chembl_standardizer,,,,,,,,,,True,,,,,,,,,,,COMPLETE
72,72,0.774087002603982,2024-02-17 22:40:19.922155,2024-02-18 00:43:16.495218,0 days 02:02:56.573063,,,,,,,,,,,,,,,,,,,,,,,,,,,64.0,,,,,,,,,,,,,,,,,,,,256.0,,,,,,,0.5,,,,,,642.0,,,,,,,,,,,,,,,,"[128, 64]",,,,,,,,,,,,,,,,,,,,,,,,,,,,,,,,,,,,,,,,,,,,,,,,,,,,,,,True,,,,,,,,,graph_conv_model,deepchem,,,,,,,,,,,,,,,,,,,,,,,,,,,,,,,,,,,chembl_standardizer,,,,,,,,,,True,,,,,,,,,,,COMPLETE
73,73,-inf,2024-02-18 00:43:16.512170,2024-02-18 03:43:17.147536,0 days 03:00:00.635366,,,,,,,,,,,,,,,,,,,,,,,,,,,64.0,,,,,,,,,,,,,,,,,,,,256.0,,,,,,,0.5,,,,,,621.0,,,,,,,,,,,,,,,,"[128, 64]",,,,,,,,,,,,,,,,,,,,,,,,,,,,,,,,,,,,,,,,,,,,,,,,,,,,,,,True,,,,,,,,,graph_conv_model,deepchem,,,,,,,,,,,,,,,,,,,,,,,,,,,,,,,,,,,chembl_standardizer,,,,,,,,,,True,,,,,,,,,,,COMPLETE
74,74,0.7692430706510415,2024-02-18 03:43:17.206169,2024-02-18 06:07:26.697898,0 days 02:24:09.491729,,,,,,,,,,,,,,,,,,,,,,,,,,,64.0,,,,,,,,,,,,,,,,,,,,256.0,,,,,,,0.5,,,,,,676.0,,,,,,,,,,,,,,,,"[128, 64]",,,,,,,,,,,,,,,,,,,,,,,,,,,,,,,,,,,,,,,,,,,,,,,,,,,,,,,True,,,,,,,,,graph_conv_model,deepchem,,,,,,,,,,,,,,,,,,,,,,,,,,,,,,,,,,,chembl_standardizer,,,,,,,,,,True,,,,,,,,,,,COMPLETE
75,75,-inf,2024-02-18 06:07:26.714927,2024-02-18 09:07:27.424477,0 days 03:00:00.709550,,,,,,,,,,,,,,,,,,,,,,,,,,,64.0,,,,,,,,,,,,,,,,,,,,256.0,,,,,,,0.5,,,,,,684.0,,,,,,,,,,,,,,,,"[128, 64]",,,,,,,,,,,,,,,,,,,,,,,,,,,,,,,,,,,,,,,,,,,,,,,,,,,,,,,True,,,,,,,,,graph_conv_model,deepchem,,,,,,,,,,,,,,,,,,,,,,,,,,,,,,,,,,,chembl_standardizer,,,,,,,,,,True,,,,,,,,,,,COMPLETE
76,76,-inf,2024-02-18 09:07:27.479907,2024-02-18 12:07:27.933832,0 days 03:00:00.453925,,,,,,,,,,,,,,,,,,,,,,,,,,,64.0,,,,,,,,,,,,,,,,,,,,256.0,,,,,,,0.5,,,,,,718.0,,,,,,,,,,,,,,,,"[128, 64]",,,,,,,,,,,,,,,,,,,,,,,,,,,,,,,,,,,,,,,,,,,,,,,,,,,,,,,True,,,,,,,,,graph_conv_model,deepchem,,,,,,,,,,,,,,,,,,,,,,,,,,,,,,,,,,,chembl_standardizer,,,,,,,,,,True,,,,,,,,,,,COMPLETE
77,77,0.7706927325602287,2024-02-18 12:07:27.971704,2024-02-18 14:02:41.274921,0 days 01:55:13.303217,,,,,,,,,,,,,,,,,,,,,,,,,,,64.0,,,,,,,,,,,,,,,,,,,,256.0,,,,,,,0.5,,,,,,500.0,,,,,,,,,,,,,,,,"[128, 64]",,,,,,,,,,,,,,,,,,,,,,,,,,,,,,,,,,,,,,,,,,,,,,,,,,,,,,,True,,,,,,,,,graph_conv_model,deepchem,,,,,,,,,,,,,,,,,,,,,,,,,,,,,,,,,,,chembl_standardizer,,,,,,,,,,True,,,,,,,,,,,COMPLETE
78,78,0.7654477753887674,2024-02-18 14:02:41.356720,2024-02-18 16:10:22.110231,0 days 02:07:40.753511,,,,,,,,,,,,,,,,,,,,,,,,,,,64.0,,,,,,,,,,,,,,,,,,,,256.0,,,,,,,0.5,,,,,,508.0,,,,,,,,,,,,,,,,"[128, 64]",,,,,,,,,,,,,,,,,,,,,,,,,,,,,,,,,,,,,,,,,,,,,,,,,,,,,,,True,,,,,,,,,graph_conv_model,deepchem,,,,,,,,,,,,,,,,,,,,,,,,,,,,,,,,,,,chembl_standardizer,,,,,,,,,,True,,,,,,,,,,,COMPLETE
79,79,0.7754854669167148,2024-02-18 16:10:22.126659,2024-02-18 17:59:25.825022,0 days 01:49:03.698363,,,,,,,,,,,,,,,,,,,,,,,,,,,64.0,,,,,,,,,,,,,,,,,,,,256.0,,,,,,,0.5,,,,,,485.0,,,,,,,,,,,,,,,,"[128, 64]",,,,,,,,,,,,,,,,,,,,,,,,,,,,,,,,,,,,,,,,,,,,,,,,,,,,,,,True,,,,,,,,,graph_conv_model,deepchem,,,,,,,,,,,,,,,,,,,,,,,,,,,,,,,,,,,chembl_standardizer,,,,,,,,,,True,,,,,,,,,,,COMPLETE
80,80,0.7491385342772854,2024-02-18 17:59:25.849058,2024-02-18 20:12:13.853153,0 days 02:12:48.004095,,,,,,,,,,,,,,,,,,,,,,,,,,,64.0,,,,,,,,,,,,,,,,,,,,256.0,,,,,,,0.5,,,,,,478.0,,,,,,,,,,,,,,,,"[128, 64]",,,,,,,,,,,,,,,,,,,,,,,,,,,,,,,,,,,,,,,,,,,,,,,,,,,,,,,True,,,,,,,,,graph_conv_model,deepchem,,,,,,,,,,,,,,,,,,,,,,,,,,,,,,,,,,,chembl_standardizer,,,,,,,,,,True,,,,,,,,,,,COMPLETE
81,81,0.7652475666704497,2024-02-18 20:12:13.937736,2024-02-18 22:27:21.498809,0 days 02:15:07.561073,,,,,,,,,,,,,,,,,,,,,,,,,,,64.0,,,,,,,,,,,,,,,,,,,,256.0,,,,,,,0.5,,,,,,476.0,,,,,,,,,,,,,,,,"[128, 64]",,,,,,,,,,,,,,,,,,,,,,,,,,,,,,,,,,,,,,,,,,,,,,,,,,,,,,,True,,,,,,,,,graph_conv_model,deepchem,,,,,,,,,,,,,,,,,,,,,,,,,,,,,,,,,,,chembl_standardizer,,,,,,,,,,True,,,,,,,,,,,COMPLETE
82,82,0.7602508464555994,2024-02-18 22:27:21.529313,2024-02-19 00:47:40.481120,0 days 02:20:18.951807,,,,,,,,,,,,,,,,,,,,,,,,,,,64.0,,,,,,,,,,,,,,,,,,,,256.0,,,,,,,0.5,,,,,,500.0,,,,,,,,,,,,,,,,"[128, 64]",,,,,,,,,,,,,,,,,,,,,,,,,,,,,,,,,,,,,,,,,,,,,,,,,,,,,,,True,,,,,,,,,graph_conv_model,deepchem,,,,,,,,,,,,,,,,,,,,,,,,,,,,,,,,,,,chembl_standardizer,,,,,,,,,,True,,,,,,,,,,,COMPLETE
83,83,0.7714330790617845,2024-02-19 00:47:40.496407,2024-02-19 03:13:32.252573,0 days 02:25:51.756166,,,,,,,,,,,,,,,,,,,,,,,,,,,64.0,,,,,,,,,,,,,,,,,,,,256.0,,,,,,,0.5,,,,,,495.0,,,,,,,,,,,,,,,,"[128, 64]",,,,,,,,,,,,,,,,,,,,,,,,,,,,,,,,,,,,,,,,,,,,,,,,,,,,,,,True,,,,,,,,,graph_conv_model,deepchem,,,,,,,,,,,,,,,,,,,,,,,,,,,,,,,,,,,chembl_standardizer,,,,,,,,,,True,,,,,,,,,,,COMPLETE
84,84,0.76248647386236,2024-02-19 03:13:32.293534,2024-02-19 05:34:27.993456,0 days 02:20:55.699922,,,,,,,,,,,,,,,,,,,,,,,,,,,64.0,,,,,,,,,,,,,,,,,,,,256.0,,,,,,,0.5,,,,,,433.0,,,,,,,,,,,,,,,,"[128, 64]",,,,,,,,,,,,,,,,,,,,,,,,,,,,,,,,,,,,,,,,,,,,,,,,,,,,,,,True,,,,,,,,,graph_conv_model,deepchem,,,,,,,,,,,,,,,,,,,,,,,,,,,,,,,,,,,chembl_standardizer,,,,,,,,,,True,,,,,,,,,,,COMPLETE
85,85,0.7797160273827107,2024-02-19 05:34:28.013335,2024-02-19 08:19:49.181859,0 days 02:45:21.168524,,,,,,,,,,,,,,,,,,,,,,,,,,,64.0,,,,,,,,,,,,,,,,,,,,256.0,,,,,,,0.5,,,,,,572.0,,,,,,,,,,,,,,,,"[128, 64]",,,,,,,,,,,,,,,,,,,,,,,,,,,,,,,,,,,,,,,,,,,,,,,,,,,,,,,True,,,,,,,,,graph_conv_model,deepchem,,,,,,,,,,,,,,,,,,,,,,,,,,,,,,,,,,,chembl_standardizer,,,,,,,,,,True,,,,,,,,,,,COMPLETE
86,86,0.745640009127053,2024-02-19 08:19:49.197198,2024-02-19 10:07:39.351882,0 days 01:47:50.154684,,,,,,,,,,,,,,,,,,,,,,,,,,,64.0,,,,,,,,,,,,,,,,,,,,256.0,,,,,,,0.5,,,,,,582.0,,,,,,,,,,,,,,,,"[128, 64]",,,,,,,,,,,,,,,,,,,,,,,,,,,,,,,,,,,,,,,,,,,,,,,,,,,,,,,True,,,,,,,,,graph_conv_model,deepchem,,,,,,,,,,,,,,,,,,,,,,,,,,,,,,,,,,,chembl_standardizer,,,,,,,,,,True,,,,,,,,,,,COMPLETE
87,87,0.7733287045122144,2024-02-19 10:07:39.369290,2024-02-19 12:26:11.997668,0 days 02:18:32.628378,,,,,,,,,,,,,,,,,,,,,,,,,,,64.0,,,,,,,,,,,,,,,,,,,,256.0,,,,,,,0.5,,,,,,666.0,,,,,,,,,,,,,,,,"[128, 64]",,,,,,,,,,,,,,,,,,,,,,,,,,,,,,,,,,,,,,,,,,,,,,,,,,,,,,,True,,,,,,,,,graph_conv_model,deepchem,,,,,,,,,,,,,,,,,,,,,,,,,,,,,,,,,,,chembl_standardizer,,,,,,,,,,True,,,,,,,,,,,COMPLETE
88,88,-inf,2024-02-19 12:26:12.023936,2024-02-19 15:26:12.541750,0 days 03:00:00.517814,,,,,,,,,,,,,,,,,,,,,,,,,,,64.0,,,,,,,,,,,,,,,,,,,,,,4.0,,,,,,,,,,,663.0,,,,,,,,,0.0,2.0,,,,,,,,,,,,,,,,,,,,,,,,,,,,,,,,,,,,,,,,,,,,,,,,,,,,,,,,,,,,,,,,,,,,,,dmpnn_model,deepchem,,,,,,,,,,,,,,,,,,,,,,,,,,,,,,,,,,,chembl_standardizer,,,,,,,,,,,,,,,,,,,,,COMPLETE
89,89,-inf,2024-02-19 15:26:12.639709,2024-02-19 18:26:13.497430,0 days 03:00:00.857721,,,,,,,,,,,,,,,,,,,,,,,,,,,64.0,,,,,,,,,,,,,,,,,,,,256.0,,,,,,,0.25,,,,,,736.0,,,,,,,,,,,,,,,,"[128, 64]",,,,,,,,,,,,,,,,,,,,,,,,,,,,,,,,,,,,,,,,,,,,,,,,,,,,,,,True,,,,,,,,,graph_conv_model,deepchem,,,,,,,,,,,,,,,,,,,,,,,,,,,,,,,,,,,chembl_standardizer,,,,,,,,,,True,,,,,,,,,,,COMPLETE
90,90,-inf,2024-02-19 18:26:13.546453,2024-02-19 21:26:14.479141,0 days 03:00:00.932688,,,,,,,,,,,,,,,,,,,,,,,,,,,64.0,,,,,,,,,,,,,,,,,,,,512.0,,,,,,,0.5,,,,,,579.0,,,,,,,,,,,,,,,,"[64, 64]",,,,,,,,,,,,,,,,,,,,,,,,,,,,,,,,,,,,,,,,,,,,,,,,,,,,,,,False,,,,,,,,,graph_conv_model,deepchem,,,,,,,,,,,,,,,,,,,,,,,,,,,,,,,,,,,chembl_standardizer,,,,,,,,,,False,,,,,,,,,,,COMPLETE
91,91,0.7673728481371607,2024-02-19 21:26:14.544916,2024-02-20 00:14:49.520818,0 days 02:48:34.975902,,,,,,,,,,,,,,,,,,,,,,,,,,,64.0,,,,,,,,,,,,,,,,,,,,256.0,,,,,,,0.5,,,,,,537.0,,,,,,,,,,,,,,,,"[128, 64]",,,,,,,,,,,,,,,,,,,,,,,,,,,,,,,,,,,,,,,,,,,,,,,,,,,,,,,True,,,,,,,,,graph_conv_model,deepchem,,,,,,,,,,,,,,,,,,,,,,,,,,,,,,,,,,,chembl_standardizer,,,,,,,,,,True,,,,,,,,,,,COMPLETE
92,92,-inf,2024-02-20 00:14:49.549618,2024-02-20 03:14:50.207653,0 days 03:00:00.658035,,,,,,,,,,,,,,,,,,,,,,,,,,,64.0,,,,,,,,,,,,,,,,,,,,256.0,,,,,,,0.5,,,,,,644.0,,,,,,,,,,,,,,,,"[128, 64]",,,,,,,,,,,,,,,,,,,,,,,,,,,,,,,,,,,,,,,,,,,,,,,,,,,,,,,True,,,,,,,,,graph_conv_model,deepchem,,,,,,,,,,,,,,,,,,,,,,,,,,,,,,,,,,,chembl_standardizer,,,,,,,,,,True,,,,,,,,,,,COMPLETE
93,93,-inf,2024-02-20 03:14:50.242258,2024-02-20 06:14:51.857466,0 days 03:00:01.615208,,,,,,,,,,,,,,,,,,,,,,,,,,,64.0,,,,,,,,,,,,,,,,,,,,128.0,,,,,,,0.5,,,,,,558.0,,,,,,,,,,,,,,,,"[256, 128]",,,,,,,,,,,,,,,,,,,,,,,,,,,,,,,,,,,,,,,,,,,,,,,,,,,,,,,True,,,,,,,,,graph_conv_model,deepchem,,,,,,,,,,,,,,,,,,,,,,,,,,,,,,,,,,,chembl_standardizer,,,,,,,,,,True,,,,,,,,,,,COMPLETE
94,94,-inf,2024-02-20 06:14:52.025462,2024-02-20 09:14:52.963562,0 days 03:00:00.938100,,,,,,,,,,,,,,,,,,,,,,,,,,,64.0,,,,,,,,,,,,,,,,,,,,256.0,,,,,,,0.5,,,,,,670.0,,,,,,,,,,,,,,,,"[256, 128, 64]",,,,,,,,,,,,,,,,,,,,,,,,,,,,,,,,,,,,,,,,,,,,,,,,,,,,,,,True,,,,,,,,,graph_conv_model,deepchem,,,,,,,,,,,,,,,,,,,,,,,,,,,,,,,,,,,chembl_standardizer,,,,,,,,,,True,,,,,,,,,,,COMPLETE
95,95,0.7443301332784187,2024-02-20 09:14:53.086654,2024-02-20 11:32:35.001932,0 days 02:17:41.915278,,,,,,,,,,,,,,,,,,,,,,,,,,,64.0,,,,,,,,,,,,,,,,,,,,256.0,,,,,,,0.0,,,,,,403.0,,,,,,,,,,,,,,,,"[128, 64]",,,,,,,,,,,,,,,,,,,,,,,,,,,,,,,,,,,,,,,,,,,,,,,,,,,,,,,True,,,,,,,,,graph_conv_model,deepchem,,,,,,,,,,,,,,,,,,,,,,,,,,,,,,,,,,simple_standardisation,custom_standardizer,,,,,,,,,,True,,,,,,,,,,,COMPLETE
96,96,0.7711570747270076,2024-02-20 11:32:35.033291,2024-02-20 14:13:17.872281,0 days 02:40:42.838990,,,,,,,,,,,,,,,,,,,,,,,,,,,64.0,,,,,,,,,,,,,,,,,,,,256.0,,,,,,,0.5,,,,,,551.0,,,,,,,,,,,,,,,,"[128, 64]",,,,,,,,,,,,,,,,,,,,,,,,,,,,,,,,,,,,,,,,,,,,,,,,,,,,,,,True,,,,,,,,,graph_conv_model,deepchem,,,,,,,,,,,,,,,,,,,,,,,,,,,,,,,,,,,chembl_standardizer,,,,,,,,,,True,,,,,,,,,,,COMPLETE
97,97,0.7658303603738272,2024-02-20 14:13:17.905679,2024-02-20 17:04:05.691206,0 days 02:50:47.785527,,,,,,,,,,,,,,,,,,,,,,,,,,,64.0,,,,,,,,,,,,,,,,,,,,256.0,,,,,,,0.5,,,,,,550.0,,,,,,,,,,,,,,,,"[128, 64]",,,,,,,,,,,,,,,,,,,,,,,,,,,,,,,,,,,,,,,,,,,,,,,,,,,,,,,True,,,,,,,,,graph_conv_model,deepchem,,,,,,,,,,,,,,,,,,,,,,,,,,,,,,,,,,,chembl_standardizer,,,,,,,,,,True,,,,,,,,,,,COMPLETE
98,98,-inf,2024-02-20 17:04:05.731290,2024-02-20 20:04:06.877685,0 days 03:00:01.146395,,,,,,,,,,,,,,,,,,,,,,,,,,,64.0,True,,,,,,,,,,,,,,,,,,,,,,,,,0.5,,,,,,,544.0,,,,,,,,,,,,,,,,,"[64, 128]",,,,,,,,,,,,,,,,,,,,,,,,,,,,,,,,,,,,,,,,,,,,,,,,,,,,,,,,,,,,,,,gcn_model,deepchem,,,,,,,,,,,,,,,,,,,,,,,,,,,0.5,,,,,,,,chembl_standardizer,,,,,,,,,False,,,,True,,,False,,,,,COMPLETE
99,99,-inf,2024-02-20 20:04:07.000212,2024-02-20 23:04:07.504697,0 days 03:00:00.504485,,,,,,,,,,,,,,,,,,,,,,,,,,,8.0,,,,,,,,,,,,,,,,,,,,256.0,,,,,,,0.5,,,,,,606.0,,,,,,,,,,,,,,,,"[128, 64]",,,,,,,,,,,,,,,,,,,,,,,,,,,,,,,,,,,,,,,,,,,,,,,,,,,,,,,True,,,,,,,,,graph_conv_model,deepchem,,,,,,,,,,,,,,,,,,,,,,,,,,,,,,,,,,,chembl_standardizer,,,,,,,,,,True,,,,,,,,,,,COMPLETE
