,number,value,datetime_start,datetime_complete,duration,params_1D_featurizer,params_1d_model,params_2d_model,params_C_linear_svc,params_C_logistic_regression,params_C_passive_aggressive_classifier,params_C_svc,params_Cs_logistic_regression_cv,params_activation_mlp_classifier,params_algorithm_ada_boost_classifier,params_algorithm_kneighbors_classifier,params_algorithm_radius_neighbors_classifier,params_alpha_bernoulli_nb,params_alpha_complement_nb,params_alpha_mlp_classifier,params_alpha_multinomial_nb,params_alpha_perceptron,params_alpha_ridge_classifier,params_alpha_ridge_classifier_cv,params_alpha_sgd_classifier,params_attention_dropout_0,params_attention_dropout_1,params_attention_key_dim_0,params_attention_key_dim_1,params_base_estimator_bagging_classifier,params_batch_normalization_0,params_batch_normalization_1,params_batch_normalization_2,params_batch_size_deepchem,params_batchnorm,params_bootstrap_bagging_classifier,params_bootstrap_extra_trees_classifier,params_bootstrap_features,params_bootstrap_random_forest_classifier,params_classification_model,params_conv_activation_0,params_conv_activation_1,params_conv_activation_2,params_conv_batch_norm_0,params_conv_batch_norm_1,params_conv_batch_norm_2,params_conv_dropout_0,params_conv_dropout_1,params_conv_dropout_2,params_criterion_decision_tree,params_criterion_extra_trees_classifier,params_criterion_gradient_boosting_classifier,params_criterion_random_forest_classifier,params_degree_nu_svc,params_degree_one_class_svm,params_degree_svc,params_dense_activation,params_dense_dropout,params_dense_layer_size,params_dense_units,params_depth_dmpnn,params_dropout,params_dropout_attentive_fp,params_dropout_dag,params_dropout_gcn,params_dropout_graph_conv,params_dropout_pagtn,params_dropout_text_cnn,params_embedding_dim,params_embedding_output_dim,params_epochs_deepchem,params_epsilon_sgd_classifier,params_f1,params_f2,params_feature_selector,params_featurizer_type,params_filter_0,params_filter_1,params_filter_2,params_filters,params_fnn_dropout_p,params_fnn_layers,params_fpSize,params_g_noise,params_gamma_nu_svc,params_gamma_one_class_svm,params_gamma_svc,params_graph_conv_layers_conv_model,params_graph_conv_layers_gcn,params_graph_feat_size_attentive_fp,params_gru_dropout_0,params_gru_dropout_1,params_gru_dropout_2,params_gru_units_0,params_gru_units_1,params_gru_units_2,params_hidden_activation_0,params_hidden_activation_1,params_hidden_activation_2,params_hidden_dropout_0,params_hidden_dropout_1,params_hidden_dropout_2,params_hidden_layer_sizes_mlp_classifier,params_hidden_layer_units_0,params_hidden_layer_units_1,params_hidden_layer_units_2,params_k,params_kernel_nu_svc,params_kernel_one_class_svm,params_kernel_size_0,params_kernel_size_1,params_kernel_size_2,params_kernel_size_smiles_to_vec,params_kernel_svc,params_l1_0,params_l1_1,params_l1_2,params_l1_ratio_sgd_classifier,params_l2_0,params_l2_1,params_l2_2,params_layer_sizes_dag,params_layer_sizes_gather,params_leaf_size_kneighbors_classifier,params_leaf_size_radius_neighbors_classifier,params_learning_rate_ada_boost_classifier,params_learning_rate_gradient_boosting_classifier,params_learning_rate_hist_gradient_boosting_classifier,params_loss_gradient_boosting_classifier,params_lstm_dropout_0,params_lstm_dropout_1,params_lstm_dropout_2,params_lstm_units_0,params_lstm_units_1,params_lstm_units_2,params_master_atom,params_maxLength,params_maxPath,params_max_features_extra_trees_classifier,params_max_features_gradient_boosting_classifier,params_max_features_random_forest_classifier,params_max_length_pagtn,params_max_path,params_method,params_metric,params_minLength,params_minPath,params_min_path,params_model_steps,params_model_type,params_nBits,params_n_attention_heads,params_n_attention_layers,params_n_bits,params_n_conv_layers,params_n_embedding_text_cnn,params_n_estimators,params_n_estimators_ada_boost_classifier,params_n_estimators_bagging_classifier,params_n_estimators_extra_trees_classifier,params_n_estimators_gradient_boosting_classifier,params_n_estimators_random_forest_classifier,params_n_graph_feat_dag,params_n_gru_layers,params_n_hidden_layers,params_n_lstm_layers,params_n_neighbors_kneighbors_classifier,params_n_rnn_layers,params_norm,params_nu_nu_svc,params_nu_one_class_svm,params_nu_sgd_one_class_svm,params_num_heads,params_num_layers_attentive_fp,params_num_layers_pagtn,params_p,params_penalty,params_percentile,params_predictor_dropout_gcn,params_quantile_range,params_radius,params_radius_n_radius_neighbors_classifier,params_reg_param,params_rnn_dropouts_0,params_rnn_dropouts_1,params_rnn_dropouts_2,params_rnn_units_0,params_rnn_units_1,params_rnn_units_2,params_scaler,params_solver,params_standardization_type,params_standardize,params_standardizer,params_stride_0,params_stride_1,params_stride_2,params_strides,params_support_weak,params_threshold,params_tol,params_use_chirality_attentive_fp,params_use_chirality_gat,params_use_chirality_gcn,params_use_chirality_graph_conv,params_use_edges_gat,params_use_edges_gcn,params_use_partial_charge_attentive_fp,params_use_partial_charge_gat,params_use_partial_charge_gcn,params_weight_gbr,params_weight_lr,params_weight_mlp,params_weight_rfr,params_weight_svc,params_weights_kneighbors_classifier,params_weights_radius_neighbors_classifier,params_with_centering,params_with_scaling,state
0,0,0.715856207306593,2024-01-18 13:56:15.676216,2024-01-18 13:57:09.198024,0 days 00:00:53.521808,maccs,,,,,,,,,,,,,,,,,,,,,,,,,,,,,,,,,,linear_discriminant_analysis_model,,,,,,,,,,,,,,,,,,,,,,,,,,,,,,,,,,,percentil_fs,,,,,,,,,,,,,,,,,,,,,,,,,,,,,,,,,,,,,,,,,,,,,,,,,,,,,,,,,,,,,,,,,,,,,,,,,,,sklearn,,,,,,,,,,,,,,,,,,,,,,,,,,,,1.0,,,,,,,,,,,,,lsqr,,,chembl_standardizer,,,,,,,,,,,,,,,,,,,,,,,,,,COMPLETE
1,1,-inf,2024-01-18 13:57:09.223396,2024-01-18 13:57:11.139575,0 days 00:00:01.916179,,,keras_simple_rnn,,,,,,,,,,,,,,,,,,,,,,,,,,,,,,,,,,,,,,,,,,,,,,,,,relu,0.0596904489631242,,32.0,,,,,,,,,,,,,,,,2D,,,,,,,,,,,,,,,,,,,,,,,,,,,,,,,,,,,,,,,,,,,,,,,,,,,,,,,,,,,,,,,,,,,,,,,,,,keras,,,,,,,,,,,,,,,,,,1.0,,,,,,,,,,,,,,,,0.49100237076097725,,,133.0,,,,,,,,,,,,,,,,,,,,,,,,,,,,,,,,,COMPLETE
2,2,-inf,2024-01-18 13:57:11.153042,2024-01-18 13:57:11.233759,0 days 00:00:00.080717,maccs,keras_tabular_transformer,,,,,,,,,,,,,,,,,,,0.3540576809888019,,8.0,,,,,,,,,,,,,,,,,,,,,,,,,,,,,relu,0.4754049250420611,,8.0,,,,,,,,,,8.0,,,,,,1D,,,,,,,,,,,,,,,,,,,,,,,,,,,,,,,,,,,,,,,,,,,,,,,,,,,,,,,,,,,,,,,,,,,,,,,,,,keras,,1.0,1.0,,,,,,,,,,,,,,,,,,,,,,,,,,,,,,,,,,,,,,,,,,,,,,,,,,,,,,,,,,,,,,,,,,,COMPLETE
3,3,-inf,2024-01-18 13:57:11.246557,2024-01-18 16:57:11.433582,0 days 03:00:00.187025,,,,,,,,,,,,,,,,,,,,,,,,,,,,,16.0,,,,,,,,,,,,,,,,,,,,,,,,,,,,,,,,,,,32.0,,362.0,,,,,,,,,128.0,,,,,,,,,,,,,,,,,,,,,,,,,,,,,,,,,3.0,,,,,,,,,,,,,,,,,,,,,,,,,,,,,,,,,,,,smiles_to_vec_model,deepchem,,,,,,,,,,,,,,,,,,,,,,,,,,,,,,,,,,,,,,,,,,,,basic_standardizer,,,,2.0,,,,,,,,,,,,,,,,,,,,,,COMPLETE
4,4,0.8125938211519573,2024-01-18 16:57:11.451005,2024-01-18 18:42:40.585385,0 days 01:45:29.134380,,,,,,,,,,,,,,,,,,,,,,,,,,,,,32.0,True,,,,,,,,,,,,,,,,,,,,,,,,,,,,,,0.0,,,,,,957.0,,,,,,,,,,,,,,,,,,"[64, 128]",,,,,,,,,,,,,,,,,,,,,,,,,,,,,,,,,,,,,,,,,,,,,,,,,,,,,,,,,,,,gcn_model,deepchem,,,,,,,,,,,,,,,,,,,,,,,,,,,,,0.25,,,,,,,,,,,,,,,pass_through_standardizer,,,,,,,,,,False,,,False,,,True,,,,,,,,,,COMPLETE
5,5,-inf,2024-01-18 18:42:40.614898,2024-01-18 18:42:40.917555,0 days 00:00:00.302657,mixed,keras_dense,,,,,,,,,,,,,,,,,,,,,,,,False,False,True,,,,,,,,,,,,,,,,,,,,,,,,,,,,,,,,,,,,,,,,2d_descriptors,rdk,,1D,,,,,,,,,,,,,,,,,,,,,tanh,relu,tanh,0.009925585382170877,0.7375226702392231,0.6986208562753664,,35.0,64.0,29.0,,,,,,,,,3.07451948650828e-05,0.004023075111518655,1.0203700984491023e-06,,0.002045490351150648,5.119353736666079e-05,1.4718412768028052e-06,,,,,,,,,,,,,,,,,,,,,,,,,,,,,keras,,,,,,,,,,,,,,,3.0,,,,,,,,,,,,,,,,,,,,,,,,,,,,,,,,,,,,,,,,,,,,,,,,,,,,,,,COMPLETE
6,6,0.8182349539037637,2024-01-18 18:42:40.944089,2024-01-18 18:50:22.704916,0 days 00:07:41.760827,rdk,,,,,,,,,,,,,,,,,,,,,,,,rfr,,,,,,True,,True,,bagging_classifier_model,,,,,,,,,,,,,,,,,,,,,,,,,,,,,,,,,,,low_variance_fs,,,,,,,,1024.0,,,,,,,,,,,,,,,,,,,,,,,,,,,,,,,,,,,,,,,,,,,,,,,,,,,,,,,,,,,,8.0,,,,,2.0,,sklearn,,,,,,,,,150.0,,,,,,,,,,,,,,,,,,,,,,,,,,,,,,,,,,,pass_through_standardizer,,,,,,0.03605738062841799,,,,,,,,,,,,,,,,,,,,COMPLETE
7,7,0.5,2024-01-18 18:50:22.732427,2024-01-18 19:07:17.969316,0 days 00:16:55.236889,mol2vec,,,,,6.229621583614408,,,,,,,,,,,,,,,,,,,,,,,,,,,,,passive_aggressive_classifier_model,,,,,,,,,,,,,,,,,,,,,,,,,,,,,,,,,,,boruta_algorithm,,,,,,,,,,,,,,,,,,,,,,,,,,,,,,,,,,,,,,,,,,,,,,,,,,,,,,,,,,,,,,,,,,,,,,,,,,,sklearn,,,,,,,,,,,,,,,,,,,,,,,,,,,,,,,,,,,,,,,,,,,,pass_through_standardizer,,,,,True,,,,,,,,,,,,,,,,,,,,,COMPLETE
8,8,0.8178078066885484,2024-01-18 19:07:18.057891,2024-01-18 20:04:11.471687,0 days 00:56:53.413796,,,,,,,,,,,,,,,,,,,,,,,,,,,,,128.0,,,,,,,,,,,,,,,,,,,,,,,,,,,3.0,,,,,,,,,,544.0,,,,,,,,,,0.0,1.0,,,,,,,,,,,,,,,,,,,,,,,,,,,,,,,,,,,,,,,,,,,,,,,,,,,,,,,,,,,,,,,,,,,dmpnn_model,deepchem,,,,,,,,,,,,,,,,,,,,,,,,,,,,,,,,,,,,,,,,,,,,chembl_standardizer,,,,,,,,,,,,,,,,,,,,,,,,,,COMPLETE
9,9,-inf,2024-01-18 20:04:11.552645,2024-01-18 20:04:12.771951,0 days 00:00:01.219306,mol2vec,keras_tabular_transformer,,,,,,,,,,,,,,,,,,,0.3187416272619848,0.4554248763628262,8.0,16.0,,,,,,,,,,,,,,,,,,,,,,,,,,,,relu,0.0776564266416101,,8.0,,,,,,,,,,32.0,,,,,,1D,,,,,,,,,,,,,,,,,,,,,,,,,,,,,,,,,,,,,,,,,,,,,,,,,,,,,,,,,,,,,,,,,,,,,,,,,,keras,,8.0,2.0,,,,,,,,,,,,,,,,,,,,,,,,,,,,,,,,,,,,,,,,,,,,,,,,,,,,,,,,,,,,,,,,,,,COMPLETE
10,10,0.6779186002602084,2024-01-18 20:04:12.790381,2024-01-18 20:13:31.595829,0 days 00:09:18.805448,rdk,,,,,,,,,,,,,,,,,,,,,,,,rfr,,,,,,True,,True,,bagging_classifier_model,,,,,,,,,,,,,,,,,,,,,,,,,,,,,,,,,,,low_variance_fs,,,,,,,,1024.0,,,,,,,,,,,,,,,,,,,,,,,,,,,,,,,,,,,,,,,,,,,,,,,,,,,,,,,,,,,,8.0,,,,,2.0,,sklearn,,,,,,,,,150.0,,,,,,,,,,,,,,,,,,,,,,,,,,,,,,,,,heavy_standardisation,,custom_standardizer,,,,,,0.03380221358185047,,,,,,,,,,,,,,,,,,,,COMPLETE
11,11,0.8247069553504925,2024-01-18 20:13:31.611787,2024-01-18 21:30:22.314791,0 days 01:16:50.703004,,,,,,,,,,,,,,,,,,,,,,,,,,,,,128.0,,,,,,,,,,,,,,,,,,,,,,,,,,,3.0,,,,,,,,,,687.0,,,,,,,,,,0.0,1.0,,,,,,,,,,,,,,,,,,,,,,,,,,,,,,,,,,,,,,,,,,,,,,,,,,,,,,,,,,,,,,,,,,,dmpnn_model,deepchem,,,,,,,,,,,,,,,,,,,,,,,,,,,,,,,,,,,,,,,,,,,,chembl_standardizer,,,,,,,,,,,,,,,,,,,,,,,,,,COMPLETE
12,12,0.8445575074257935,2024-01-18 21:30:22.334438,2024-01-18 21:34:37.547702,0 days 00:04:15.213264,morgan,,,,,,,,relu,,,,,,0.0017024489060942065,,,,,,,,,,,,,,,,,,,,mlp_classifier_model,,,,,,,,,,,,,,,,,,,,,,,,,,,,,,,,,,,low_variance_fs,,,,,,,,,,,,,,,,,,,,,,,,,,,,"(50,)",,,,,,,,,,,,,,,,,,,,,,,,,,,,,,,,,,,,,,,,,,,,,,,sklearn,,,,2048.0,,,,,,,,,,,,,,,,,,,,,,,,,,,2.0,,,,,,,,,,,,,pass_through_standardizer,,,,,,0.08503299424825031,,,,,,,,,,,,,,,,,,,,COMPLETE
13,13,0.8082454320318432,2024-01-18 21:34:37.571593,2024-01-18 23:04:46.063435,0 days 01:30:08.491842,,,,,,,,,,,,,,,,,,,,,,,,,,,,,512.0,,,,,,,,,,,,,,,,,,,,,,,,,,,4.0,,,,,,,,,,829.0,,,,,,,,,,0.25,3.0,,,,,,,,,,,,,,,,,,,,,,,,,,,,,,,,,,,,,,,,,,,,,,,,,,,,,,,,,,,,,,,,,,,dmpnn_model,deepchem,,,,,,,,,,,,,,,,,,,,,,,,,,,,,,,,,,,,,,,,,,,,chembl_standardizer,,,,,,,,,,,,,,,,,,,,,,,,,,COMPLETE
14,14,0.8399530346133035,2024-01-18 23:04:46.077009,2024-01-19 01:31:47.438500,0 days 02:27:01.361491,,,,,,,,,,,,,,,,,,,,,,,,,,,,,64.0,,,,,,,,,,,,,,,,,,,,,,,,,,,,,,0.0,,,,,,,147.0,,,,,,,,,,,,,,,,,,,,,,,,,,,,,,,,,,,,,,,,,,,,,,,,,,,"[200, 100]",[50],,,,,,,,,,,,,,,,,,,,,,,,,,dag_model,deepchem,,,,,,,,,,,,,30.0,,,,,,,,,,,,,,,,,,,,,,,,,,,,,simple_standardisation,,custom_standardizer,,,,,,,,,,,,,,,,,,,,,,,,,,COMPLETE
15,15,0.8738584715364498,2024-01-19 01:31:47.458514,2024-01-19 01:36:27.566936,0 days 00:04:40.108422,morgan,,,,,,,,relu,,,,,,0.0022056683361620618,,,,,,,,,,,,,,,,,,,,mlp_classifier_model,,,,,,,,,,,,,,,,,,,,,,,,,,,,,,,,,,,pass_through_transformer,,,,,,,,,,,,,,,,,,,,,,,,,,,,"(50,)",,,,,,,,,,,,,,,,,,,,,,,,,,,,,,,,,,,,,,,,,,,,,,,sklearn,,,,2048.0,,,,,,,,,,,,,,,,,,,,,,,,,,,2.0,,,,,,,,,,,simple_standardisation,,custom_standardizer,,,,,,,,,,,,,,,,,,,,,,,,,,COMPLETE
16,16,0.877164594143159,2024-01-19 01:36:27.594909,2024-01-19 01:41:17.284634,0 days 00:04:49.689725,morgan,,,,,,,,relu,,,,,,0.0021225342968115013,,,,,,,,,,,,,,,,,,,,mlp_classifier_model,,,,,,,,,,,,,,,,,,,,,,,,,,,,,,,,,,,pass_through_transformer,,,,,,,,,,,,,,,,,,,,,,,,,,,,"(50,)",,,,,,,,,,,,,,,,,,,,,,,,,,,,,,,,,,,,,,,,,,,,,,,sklearn,,,,2048.0,,,,,,,,,,,,,,,,,,,,,,,,,,,2.0,,,,,,,,,,,simple_standardisation,,custom_standardizer,,,,,,,,,,,,,,,,,,,,,,,,,,COMPLETE
17,17,0.8689369887319135,2024-01-19 01:41:17.303322,2024-01-19 01:45:57.354261,0 days 00:04:40.050939,morgan,,,,,,,,relu,,,,,,0.002557210236559621,,,,,,,,,,,,,,,,,,,,mlp_classifier_model,,,,,,,,,,,,,,,,,,,,,,,,,,,,,,,,,,,pass_through_transformer,,,,,,,,,,,,,,,,,,,,,,,,,,,,"(50,)",,,,,,,,,,,,,,,,,,,,,,,,,,,,,,,,,,,,,,,,,,,,,,,sklearn,,,,2048.0,,,,,,,,,,,,,,,,,,,,,,,,,,,2.0,,,,,,,,,,,simple_standardisation,,custom_standardizer,,,,,,,,,,,,,,,,,,,,,,,,,,COMPLETE
18,18,0.843633428605979,2024-01-19 01:45:57.380632,2024-01-19 01:50:31.616783,0 days 00:04:34.236151,atom_pair,,,,,,,,,SAMME,,,,,,,,,,,,,,,,,,,,,,,,,ada_boost_classifier_model,,,,,,,,,,,,,,,,,,,,,,,,,,,,,,,,,,,pass_through_transformer,,,,,,,,,,,,,,,,,,,,,,,,,,,,,,,,,,,,,,,,,,,,,,,,,,,0.4857716728759769,,,,,,,,,,,40.0,,,,,,,,,1.0,,,,sklearn,1024.0,,,,,,,150.0,,,,,,,,,,,,,,,,,,,,,,,,,,,,,,,,,,simple_standardisation,,custom_standardizer,,,,,,,,,,,,,,,,,,,,,,,,,,COMPLETE
19,19,0.7748835164981388,2024-01-19 01:50:31.701788,2024-01-19 01:55:10.959897,0 days 00:04:39.258109,morgan,,,,,,,,,,,,,,,,0.8323460760814482,,,,,,,,,,,,,,,,,,perceptron_model,,,,,,,,,,,,,,,,,,,,,,,,,,,,,,,,,,,pass_through_transformer,,,,,,,,,,,,,,,,,,,,,,,,,,,,,,,,,,,,,,,,,,,,,,,,,,,,,,,,,,,,,,,,,,,,,,,,,,,sklearn,,,,1024.0,,,,,,,,,,,,,,,,,,,,,,,,,,,6.0,,,,,,,,,,,simple_standardisation,,custom_standardizer,,,,,,,,,,,,,,,,,,,,,,,,,,COMPLETE
20,20,0.837084703871365,2024-01-19 01:55:10.973817,2024-01-19 01:59:52.196867,0 days 00:04:41.223050,2d_descriptors,,,,,,,,,,,,,,,,,,,,,,,,,,,,,,,False,,,extra_trees_classifier_model,,,,,,,,,,,gini,,,,,,,,,,,,,,,,,,,,,,,,k_best,,,,,,,,,,,,,,,,,,,,,,,,,,,,,,,,12.0,,,,,,,,,,,,,,,,,,,,,,,,,,,,,,,,sqrt,,,,,yeo-johnson,,,,,,sklearn,,,,,,,,,,1000.0,,,,,,,,,,,,,,,,,,,,,,,,,,,,,,power_transformer,,,False,basic_standardizer,,,,,,,,,,,,,,,,,,,,,,,,,,COMPLETE
21,21,0.8765525414124623,2024-01-19 01:59:52.213639,2024-01-19 02:04:49.876932,0 days 00:04:57.663293,morgan,,,,,,,,relu,,,,,,0.002788655389391366,,,,,,,,,,,,,,,,,,,,mlp_classifier_model,,,,,,,,,,,,,,,,,,,,,,,,,,,,,,,,,,,pass_through_transformer,,,,,,,,,,,,,,,,,,,,,,,,,,,,"(50,)",,,,,,,,,,,,,,,,,,,,,,,,,,,,,,,,,,,,,,,,,,,,,,,sklearn,,,,2048.0,,,,,,,,,,,,,,,,,,,,,,,,,,,2.0,,,,,,,,,,,simple_standardisation,,custom_standardizer,,,,,,,,,,,,,,,,,,,,,,,,,,COMPLETE
22,22,0.8832842418445731,2024-01-19 02:04:49.890613,2024-01-19 02:09:46.393402,0 days 00:04:56.502789,morgan,,,,,,,,relu,,,,,,0.003100659943584806,,,,,,,,,,,,,,,,,,,,mlp_classifier_model,,,,,,,,,,,,,,,,,,,,,,,,,,,,,,,,,,,pass_through_transformer,,,,,,,,,,,,,,,,,,,,,,,,,,,,"(50,)",,,,,,,,,,,,,,,,,,,,,,,,,,,,,,,,,,,,,,,,,,,,,,,sklearn,,,,2048.0,,,,,,,,,,,,,,,,,,,,,,,,,,,2.0,,,,,,,,,,,simple_standardisation,,custom_standardizer,,,,,,,,,,,,,,,,,,,,,,,,,,COMPLETE
23,23,0.8310368501587471,2024-01-19 02:09:46.422082,2024-01-19 02:14:54.419581,0 days 00:05:07.997499,layered,,,,,,,,relu,,,,,,0.009946150463987339,,,,,,,,,,,,,,,,,,,,mlp_classifier_model,,,,,,,,,,,,,,,,,,,,,,,,,,,,,,,,,,,select_from_model_fs,,,,,,,,2048.0,,,,,,,,,,,,,,,,,,,,"(100,)",,,,,,,,,,,,,,,,,,,,,,,,,,,,,,,,,,,9.0,,,,,,,,,1.0,,,sklearn,,,,,,,812.0,,,,,,,,,,,,,,,,,,,,,,,,,,,,,,,,,,,simple_standardisation,,custom_standardizer,,,,,,,,,,,,,,,,,,,,,,,,,,COMPLETE
24,24,0.9005944981939639,2024-01-19 02:14:54.433002,2024-01-19 02:20:42.127244,0 days 00:05:47.694242,morgan,,,,,,,,,,,,,,,,,,,,,,,,,,,,,,,,,,voting_classifier_model,,,,,,,,,,,,,,,,,,,,,,,,,,,,,,,,,,,pass_through_transformer,,,,,,,,,,,,,,,,,,,,,,,,,,,,,,,,,,,,,,,,,,,,,,,,,,,,,,,,,,,,,,,,,,,,,,,,,,,sklearn,,,,2048.0,,,,,,,,,,,,,,,,,,,,,,,,,,,2.0,,,,,,,,,,,heavy_standardisation,,custom_standardizer,,,,,,,,,,,,,,,,,0.06092610734759207,0.8071789202111488,0.6782727544312465,0.17002581967632846,0.3290762306822586,,,,,COMPLETE
25,25,0.9020615555862406,2024-01-19 02:20:42.152828,2024-01-19 02:26:26.217887,0 days 00:05:44.065059,morgan,,,,,,,,,,,,,,,,,,,,,,,,,,,,,,,,,,voting_classifier_model,,,,,,,,,,,,,,,,,,,,,,,,,,,,,,,,,,,pass_through_transformer,,,,,,,,,,,,,,,,,,,,,,,,,,,,,,,,,,,,,,,,,,,,,,,,,,,,,,,,,,,,,,,,,,,,,,,,,,,sklearn,,,,2048.0,,,,,,,,,,,,,,,,,,,,,,,,,,,4.0,,,,,,,,,,,heavy_standardisation,,custom_standardizer,,,,,,,,,,,,,,,,,0.07122616690218975,0.8399597344362326,0.6890607063114873,0.16222346945692945,0.33576673543627616,,,,,COMPLETE
26,26,0.8813128963169479,2024-01-19 02:26:26.244946,2024-01-19 02:31:59.790790,0 days 00:05:33.545844,morgan,,,,,,,,,,,,,,,,,,,,,,,,,,,,,,,,,,voting_classifier_model,,,,,,,,,,,,,,,,,,,,,,,,,,,,,,,,,,,pass_through_transformer,,,,,,,,,,,,,,,,,,,,,,,,,,,,,,,,,,,,,,,,,,,,,,,,,,,,,,,,,,,,,,,,,,,,,,,,,,,sklearn,,,,1024.0,,,,,,,,,,,,,,,,,,,,,,,,,,,4.0,,,,,,,,,,,heavy_standardisation,,custom_standardizer,,,,,,,,,,,,,,,,,0.029210491684275683,0.8646892411294703,0.6954609430300894,0.17475376686810723,0.35110509789674244,,,,,COMPLETE
27,27,0.828691558534479,2024-01-19 02:31:59.814414,2024-01-19 02:40:10.905575,0 days 00:08:11.091161,mixed,,,,,,,,,,,,,,,,,,,,,,,,,,,,,,,,,,voting_classifier_model,,,,,,,,,,,,,,,,,,,,,,,,,,,,,,,,,layered,mol2vec,percentil_fs,,,,,,,,,,,,,,,,,,,,,,,,,,,,,,,,,,,,,,,,,,,,,,,,,,,,,,,,,,,,,,,,,,,,,,,,,,,sklearn,,,,,,,,,,,,,,,,,,,,,,,,,,,,87.0,,,,,,,,,,,,,,,,basic_standardizer,,,,,,,,,,,,,,,,,0.06865892562538277,0.8167949717834283,0.6795418235089474,0.13911978412150167,0.3061393837521639,,,,,COMPLETE
28,28,0.8016702623279379,2024-01-19 02:40:10.948117,2024-01-19 03:00:00.103516,0 days 00:19:49.155399,atom_pair,,,,,,,,,,,,,,,,,,0.9652175026814129,,,,,,,,,,,,,,,,ridge_classifier_cv_model,,,,,,,,,,,,,,,,,,,,,,,,,,,,,,,,,,,boruta_algorithm,,,,,,,,,,,,,,,,,,,,,,,,,,,,,,,,,,,,,,,,,,,,,,,,,,,,,,,,,,,,,,20.0,,,,,,,,,3.0,,,,sklearn,2048.0,,,,,,,,,,,,,,,,,,,,,,,,,,,,,,,,,,,,,,,,,heavy_standardisation,,custom_standardizer,,,,,False,,,,,,,,,,,,,,,,,,,,,COMPLETE
29,29,0.5,2024-01-19 03:00:00.121739,2024-01-19 03:07:59.389373,0 days 00:07:59.267634,layered,,,,,,,,,,,brute,,,,,,,,,,,,,,,,,,,,,,,radius_neighbors_classifier_model,,,,,,,,,,,,,,,,,,,,,,,,,,,,,,,,,,,select_from_model_fs,,,,,,,,2048.0,,,,,,,,,,,,,,,,,,,,,,,,,,,,,,,,,,,,,,,,,,10.0,,,,,,,,,,,,,5.0,,,,,,,,,3.0,,,sklearn,,,,,,,24.0,,,,,,,,,,,,,,,,,,,8.0,,,,,,8.0,,,,,,,,,,heavy_standardisation,,custom_standardizer,,,,,,,,,,,,,,,,,,,,,,,uniform,,,COMPLETE
30,30,-inf,2024-01-19 03:07:59.406161,2024-01-19 03:08:12.624837,0 days 00:00:13.218676,,,keras_bidirectional_rnn,,,,,,,,,,,,,,,,,,,,,,,,,,,,,,,,,,,,,,,,,,,,,,,,,tanh,0.32833835342699624,,240.0,,,,,,,,,,,,,,,,2D,,,,,,,,,,,,,,,0.19941603929851515,0.27013509478530945,,205.0,234.0,,,,,,,,,,,,,,,,,,,,,,,,,,,,,,,,,,,0.0371593926990163,,,162.0,,,,,,,,,,,,,,,,,keras,,,,,,,,,,,,,,2.0,,1.0,,,,,,,,,,,,,,,,,,,,,,,,,,,,,,,,,,,,,,,,,,,,,,,,,,,,,,COMPLETE
31,31,0.8824756870146222,2024-01-19 03:08:12.641986,2024-01-19 03:15:55.240922,0 days 00:07:42.598936,morgan,,,,,,,,,,,,,,,,,,,,,,,,,,,,,,,,,,voting_classifier_model,,,,,,,,,,,,,,,,,,,,,,,,,,,,,,,,,,,pass_through_transformer,,,,,,,,,,,,,,,,,,,,,,,,,,,,,,,,,,,,,,,,,,,,,,,,,,,,,,,,,,,,,,,,,,,,,,,,,,,sklearn,,,,1024.0,,,,,,,,,,,,,,,,,,,,,,,,,,,4.0,,,,,,,,,,,heavy_standardisation,,custom_standardizer,,,,,,,,,,,,,,,,,0.04656272842016586,0.8736112433408336,0.6881827669520336,0.18573295804133808,0.3435092406185764,,,,,COMPLETE
32,32,0.8592584694962053,2024-01-19 03:15:55.258462,2024-01-19 05:35:01.279558,0 days 02:19:06.021096,morgan,,,,,,,,,,,,,,,,,,,,,,,,,,,,,,,,,,hist_gradient_boosting_classifier_model,,,,,,,,,,,,,,,,,,,,,,,,,,,,,,,,,,,pass_through_transformer,,,,,,,,,,,,,,,,,,,,,,,,,,,,,,,,,,,,,,,,,,,,,,,,,,,,,0.2356648901393964,,,,,,,,,,,,,,,,,,,,,,sklearn,,,,1024.0,,,,,,,,,,,,,,,,,,,,,,,,,,,4.0,,,,,,,,,,,heavy_standardisation,,custom_standardizer,,,,,,,,,,,,,,,,,,,,,,,,,,COMPLETE
33,33,0.8997359741908918,2024-01-19 05:35:01.306828,2024-01-19 05:47:13.229694,0 days 00:12:11.922866,morgan,,,,,,,,,,,,,,,,,,,,,,,,,,,,,,,,,,voting_classifier_model,,,,,,,,,,,,,,,,,,,,,,,,,,,,,,,,,,,pass_through_transformer,,,,,,,,,,,,,,,,,,,,,,,,,,,,,,,,,,,,,,,,,,,,,,,,,,,,,,,,,,,,,,,,,,,,,,,,,,,sklearn,,,,2048.0,,,,,,,,,,,,,,,,,,,,,,,,,,,4.0,,,,,,,,,,,heavy_standardisation,,custom_standardizer,,,,,,,,,,,,,,,,,0.06544527244299547,0.8461321925466818,0.6913520589236719,0.19568179991964577,0.3171646089906193,,,,,COMPLETE
34,34,0.3359595249103199,2024-01-19 05:47:13.264530,2024-01-19 05:56:30.651385,0 days 00:09:17.386855,2d_descriptors,,,,,,,,,,,,,,,,,,,,,,,,,,,,,,,,,,sgd_one_class_svm_model,,,,,,,,,,,,,,,,,,,,,,,,,,,,,,,,,,,k_best,,,,,,,,,,,,,,,,,,,,,,,,,,,,,,,,25.0,,,,,,,,,,,,,,,,,,,,,,,,,,,,,,,,,,,,,,,,,,,sklearn,,,,,,,,,,,,,,,,,,,max,,,0.37615301321169614,,,,,,,,,,,,,,,,,,normalizer,,heavy_standardisation,,custom_standardizer,,,,,,,0.24000749441375457,,,,,,,,,,,,,,,,,,,COMPLETE
35,35,-inf,2024-01-19 05:56:30.683564,2024-01-19 05:56:49.511574,0 days 00:00:18.828010,,,keras_rnn,,,,,,,,,,,,,,,,,,,,,,,,,,,,,,,,,,,,,,,,,,,,,,,,,tanh,0.2378822650787348,,176.0,,,,,,,,,,,,,,,,2D,,,,,,,,,,,,,,,0.4970907718305145,,,25.0,,,,,,,,,,,,,,,,,,,,,,,,,,,,,,,,,,,,0.4674975491534358,0.01903155791728267,0.1729144088923998,17.0,36.0,56.0,,,,,,,,,,,,,,,keras,,,,,,,,,,,,,,1.0,,3.0,,,,,,,,,,,,,,,,,,,,,,,,,,,,,,,,,,,,,,,,,,,,,,,,,,,,,,COMPLETE
36,36,0.9067179024546308,2024-01-19 05:56:49.542124,2024-01-19 06:06:26.583325,0 days 00:09:37.041201,morgan,,,,0.03619332830645828,,,,,,,,,,,,,,,,,,,,,,,,,,,,,,logistic_regression_model,,,,,,,,,,,,,,,,,,,,,,,,,,,,,,,,,,,pass_through_transformer,,,,,,,,,,,,,,,,,,,,,,,,,,,,,,,,,,,,,,,,,,,,,,,,,,,,,,,,,,,,,,,,,,,,,,,,,,,sklearn,,,,2048.0,,,,,,,,,,,,,,,,,,,,,,,,,,,6.0,,,,,,,,,,,heavy_standardisation,,custom_standardizer,,,,,,,,,,,,,,,,,,,,,,,,,,COMPLETE
37,37,0.8888895535076561,2024-01-19 06:06:26.629433,2024-01-19 06:18:30.192325,0 days 00:12:03.562892,morgan,,,,,,,,,,,,,,,,,,,,,,,,,,,,,,,,,,voting_classifier_model,,,,,,,,,,,,,,,,,,,,,,,,,,,,,,,,,,,pass_through_transformer,,,,,,,,,,,,,,,,,,,,,,,,,,,,,,,,,,,,,,,,,,,,,,,,,,,,,,,,,,,,,,,,,,,,,,,,,,,sklearn,,,,2048.0,,,,,,,,,,,,,,,,,,,,,,,,,,,6.0,,,,,,,,,,,heavy_standardisation,,custom_standardizer,,,,,,,,,,,,,,,,,0.3531644983661044,0.6017380554358268,0.43843434554569005,0.44448736236645425,0.11289778121135971,,,,,COMPLETE
38,38,-inf,2024-01-19 06:18:30.228787,2024-01-19 06:18:30.825733,0 days 00:00:00.596946,morgan,keras_1d_cnn,,,,,,,,,,,,,,,,,,,,,,,,,,,,,,,,,,relu,relu,relu,False,False,True,0.3778467314531439,0.2260348943462998,0.5035986375992444,,,,,,,,tanh,,,96.0,,0.2068845515795804,,,,,,,,,,,,,,1D,7.0,10.0,23.0,,,,,0.0675235868241952,,,,,,,,,,,,,,,,,,,,,,,,,,53.0,50.0,30.0,,,,,,,,,,,,,,,,,,,,,,,,,,,,,,,,,,,,,,keras,,,,2048.0,3.0,,,,,,,,,,,,,,,,,,,,,,,,,,6.0,,,,,,,,,,,,,,1.0,2.0,1.0,,,,,,,,,,,,,,,,,,,,,,,COMPLETE
39,39,0.7759038532566345,2024-01-19 06:18:30.851283,2024-01-19 06:27:37.901205,0 days 00:09:07.049922,maccs,,,,0.02697125962844646,,,,,,,,,,,,,,,,,,,,,,,,,,,,,,logistic_regression_model,,,,,,,,,,,,,,,,,,,,,,,,,,,,,,,,,,,pass_through_transformer,,,,,,,,,,,,,,,,,,,,,,,,,,,,,,,,,,,,,,,,,,,,,,,,,,,,,,,,,,,,,,,,,,,,,,,,,,,sklearn,,,,,,,,,,,,,,,,,,,,,,,,,,,,,,,,,,,,,,,,,,,,basic_standardizer,,,,,,,,,,,,,,,,,,,,,,,,,,COMPLETE
40,40,0.8617354279845996,2024-01-19 06:27:37.932789,2024-01-19 06:37:35.843409,0 days 00:09:57.910620,morgan,,,,,,,,,,,,,,,,,,,,,,,,,,,,,,,,,,gaussian_process_classifier_model,,,,,,,,,,,,,,,,,,,,,,,,,,,,,,,,,,,pass_through_transformer,,,,,,,,,,,,,,,,,,,,,,,,,,,,,,,,,,,,,,,,,,,,,,,,,,,,,,,,,,,,,,,,,,,,,,,,,,,sklearn,,,,2048.0,,,,,,,,,,,,,,,,,,,,,,,,,,,4.0,,,,,,,,,,,,,chembl_standardizer,,,,,,,,,,,,,,,,,,,,,,,,,,COMPLETE
41,41,0.888357784272026,2024-01-19 06:37:35.879679,2024-01-19 06:51:07.723645,0 days 00:13:31.843966,morgan,,,,,,,,,,,,,,,,,,,,,,,,,,,,,,,,,,voting_classifier_model,,,,,,,,,,,,,,,,,,,,,,,,,,,,,,,,,,,pass_through_transformer,,,,,,,,,,,,,,,,,,,,,,,,,,,,,,,,,,,,,,,,,,,,,,,,,,,,,,,,,,,,,,,,,,,,,,,,,,,sklearn,,,,2048.0,,,,,,,,,,,,,,,,,,,,,,,,,,,6.0,,,,,,,,,,,heavy_standardisation,,custom_standardizer,,,,,,,,,,,,,,,,,0.4348223266821899,0.6420215426874625,0.3155775248240096,0.6441884999771867,0.054228859497639614,,,,,COMPLETE
42,42,0.817986041887726,2024-01-19 06:51:07.752102,2024-01-19 07:02:53.180287,0 days 00:11:45.428185,morgan,,,,,,,,,,,,,,,,,,,,,,,,,,,,,,,,,,nearest_centroid_model,,,,,,,,,,,,,,,,,,,,,,,,,,,,,,,,,,,pass_through_transformer,,,,,,,,,,,,,,,,,,,,,,,,,,,,,,,,,,,,,,,,,,,,,,,,,,,,,,,,,,,,,,,,,,,,,,minkowski,,,,,sklearn,,,,2048.0,,,,,,,,,,,,,,,,,,,,,,,,,,,6.0,,,,,,,,,,,heavy_standardisation,,custom_standardizer,,,,,,,,,,,,,,,,,,,,,,,,,,COMPLETE
43,43,0.8177859729035252,2024-01-19 07:02:53.208564,2024-01-19 07:13:45.408546,0 days 00:10:52.199982,maccs,,,,,,,,,,,,,,,,,,,,,,,,,,,,,,,,,,gradient_boosting_classifier_model,,,,,,,,,,,,squared_error,,,,,,,,,,,,,,,,,,,,,,,pass_through_transformer,,,,,,,,,,,,,,,,,,,,,,,,,,,,,,,,,,,,,,,,,,,,,,,,,,,,0.8197092594114491,,exponential,,,,,,,,,,,log2,,,,,,,,,,sklearn,,,,,,,,,,,400.0,,,,,,,,,,,,,,,,,,,,,,,,,,,,,,,heavy_standardisation,,custom_standardizer,,,,,,,,,,,,,,,,,,,,,,,,,,COMPLETE
44,44,0.8607327154030798,2024-01-19 07:13:45.445260,2024-01-19 07:49:57.112944,0 days 00:36:11.667684,,,,,,,,,,,,,,,,,,,,,,,,,,,,,256.0,,,,,,,,,,,,,,,,,,,,,,,,,,,,,,,,,,0.25,,,157.0,,,,,,,,,,,,,,,,,,,,,,,,,,,,,,,,,,,,,,,,,,,,,,,,,,,,,,,,,,,,,,,,,,,,,,,,,,,,,,text_cnn_model,deepchem,,,,,,75.0,,,,,,,,,,,,,,,,,,,,,,,,,,,,,,,,,,,,,,pass_through_standardizer,,,,,,,,,,,,,,,,,,,,,,,,,,COMPLETE
45,45,-inf,2024-01-19 07:49:57.154437,2024-01-19 10:49:57.169913,0 days 03:00:00.015476,mixed,,,,,,,,,,,,,,,,,,,,,,,,,,,,,,,,,,,,,,,,,,,,,,,,,,,,,,,,,,,,,,,,,,,maccs,maccs,,,,,,,,,,,,,,,,,,,,,,,,,,,,,,,,,,,,,,,,,,,,,,,,,,,,,,,,,,,,,,,,,,,,,,,,,,,,sklearn,,,,,,,,,,,,,,,,,,,,,,,,,,,,,,,,,,,,,,,,,,,,,,,,,,,,,,,,,,,,,,,,,,,,,,COMPLETE
46,46,-inf,2024-01-19 10:49:57.189661,2024-01-19 10:50:17.762331,0 days 00:00:20.572670,,,keras_simple_rnn,,,,,,,,,,,,,,,,,,,,,,,,,,,,,,,,,,,,,,,,,,,,,,,,,relu,0.4932124232125,,256.0,,,,,,,,,,,,,,,,2D,,,,,,,,,,,,,,,,,,,,,,,,,,,,,,,,,,,,,,,,,,,,,,,,,,,,,,,,,,,,,,,,,,,,,,,,,,keras,,,,,,,,,,,,,,,,,,3.0,,,,,,,,,,,,,,,,0.016242416902358336,0.11295232541227984,0.42992371251517436,244.0,243.0,102.0,,,,,,,,,,,,,,,,,,,,,,,,,,,,,,,COMPLETE
47,47,0.8419415621467952,2024-01-19 10:50:17.797949,2024-01-19 11:00:40.571782,0 days 00:10:22.773833,morgan,,,,,,,,,,auto,,,,,,,,,,,,,,,,,,,,,,,,kneighbors_classifier_model,,,,,,,,,,,,,,,,,,,,,,,,,,,,,,,,,,,percentil_fs,,,,,,,,,,,,,,,,,,,,,,,,,,,,,,,,,,,,,,,,,,,,,,,,,10.0,,,,,,,,,,,,,,,,,,,,,,,,,,sklearn,,,,2048.0,,,,,,,,,,,,,5.0,,,,,,,,,2.0,,25.0,,,4.0,,,,,,,,,,,heavy_standardisation,,custom_standardizer,,,,,,,,,,,,,,,,,,,,,,uniform,,,,COMPLETE
48,48,0.839569050344768,2024-01-19 11:00:40.622239,2024-01-19 12:35:48.231007,0 days 01:35:07.608768,,,,,,,,,,,,,,,,,,,,,,,,,,,,,8.0,,,,,,,,,,,,,,,,,,,,,,,,,128.0,,,,,,,0.0,,,,,479.0,,,,,,,,,,,,,,,,,"[256, 128]",,,,,,,,,,,,,,,,,,,,,,,,,,,,,,,,,,,,,,,,,,,,,,,,True,,,,,,,,,,,,,graph_conv_model,deepchem,,,,,,,,,,,,,,,,,,,,,,,,,,,,,,,,,,,,,,,,,,heavy_standardisation,,custom_standardizer,,,,,,,,,,,True,,,,,,,,,,,,,,,COMPLETE
49,49,0.7020464105986369,2024-01-19 12:35:48.256893,2024-01-19 12:42:41.902496,0 days 00:06:53.645603,mol2vec,,,,,,,,,,,,,,,,,,,,,,,,,,,,,,,,,,decision_tree_classifier_model,,,,,,,,,,gini,,,,,,,,,,,,,,,,,,,,,,,,,pass_through_transformer,,,,,,,,,,,,,,,,,,,,,,,,,,,,,,,,,,,,,,,,,,,,,,,,,,,,,,,,,,,,,,,,,,,,,,,,,,,sklearn,,,,,,,,,,,,,,,,,,,,,,,,,,,,,,,,,,,,,,,,,,,,pass_through_standardizer,,,,,,,,,,,,,,,,,,,,,,,,,,COMPLETE
50,50,0.673230751750246,2024-01-19 12:42:41.917544,2024-01-19 12:48:39.892283,0 days 00:05:57.974739,rdk,,,,,,,,,,,,,,,,,,,,,,,,,,,,,,,,,,stacking_classifier_model,,,,,,,,,,,,,,,,,,,,,,,,,,,,,,,,,,,k_best,,,,,,,,1024.0,,,,,,,,,,,,,,,,,,,,,,,,1.0,,,,,,,,,,,,,,,,,,,,,,,,,,,,,,,,,,,,5.0,,,,,1.0,,sklearn,,,,,,,,,,,,,,,,,,,,,,,,,,,,,,,,,,,,,,,,,,,,basic_standardizer,,,,,,,,,,,,,,,,,,,,,,,,,,COMPLETE
51,51,0.887203295104233,2024-01-19 12:48:39.907456,2024-01-19 12:54:42.162182,0 days 00:06:02.254726,morgan,,,,,,,,,,,,,,,,,,,,,,,,,,,,,,,,,,voting_classifier_model,,,,,,,,,,,,,,,,,,,,,,,,,,,,,,,,,,,pass_through_transformer,,,,,,,,,,,,,,,,,,,,,,,,,,,,,,,,,,,,,,,,,,,,,,,,,,,,,,,,,,,,,,,,,,,,,,,,,,,sklearn,,,,2048.0,,,,,,,,,,,,,,,,,,,,,,,,,,,6.0,,,,,,,,,,,heavy_standardisation,,custom_standardizer,,,,,,,,,,,,,,,,,0.48499857831459936,0.6451759798000724,0.33779239753589607,0.697971602614355,0.0286162417983441,,,,,COMPLETE
52,52,0.8883994211746474,2024-01-19 12:54:42.177277,2024-01-19 13:11:05.044204,0 days 00:16:22.866927,morgan,,,,,,,,,,,,,,,,,,,,,,,,,,,,,,,,,,voting_classifier_model,,,,,,,,,,,,,,,,,,,,,,,,,,,,,,,,,,,boruta_algorithm,,,,,,,,,,,,,,,,,,,,,,,,,,,,,,,,,,,,,,,,,,,,,,,,,,,,,,,,,,,,,,,,,,,,,,,,,,,sklearn,,,,2048.0,,,,,,,,,,,,,,,,,,,,,,,,,,,6.0,,,,,,,,,,,heavy_standardisation,,custom_standardizer,,,,,True,,,,,,,,,,,,0.40789087767995996,0.5575798365289895,0.35574317753475515,0.5835664475327327,0.07419376671883982,,,,,COMPLETE
53,53,0.5,2024-01-19 13:11:05.058811,2024-01-19 13:48:21.790630,0 days 00:37:16.731819,morgan,,,,,,,,,,,,,,,,,,,0.3091464826476242,,,,,,,,,,,,,,,sgd_classifier_model,,,,,,,,,,,,,,,,,,,,,,,,,,,,,,,,0.2530618626146858,,,boruta_algorithm,,,,,,,,,,,,,,,,,,,,,,,,,,,,,,,,,,,,,,,,,,,0.6298084044250365,,,,,,,,,,,,,,,,,,,,,,,,,,,,,,,,sklearn,,,,2048.0,,,,,,,,,,,,,,,,,,,,,,,elasticnet,,,,6.0,,,,,,,,,,,heavy_standardisation,,custom_standardizer,,,,,True,,,,,,,,,,,,,,,,,,,,,COMPLETE
54,54,0.8676956702901366,2024-01-19 13:48:21.881961,2024-01-19 14:20:36.992701,0 days 00:32:15.110740,morgan,,,2.758995638843623,,,,,,,,,,,,,,,,,,,,,,,,,,,,,,,linear_svc_model,,,,,,,,,,,,,,,,,,,,,,,,,,,,,,,,,,,boruta_algorithm,,,,,,,,,,,,,,,,,,,,,,,,,,,,,,,,,,,,,,,,,,,,,,,,,,,,,,,,,,,,,,,,,,,,,,,,,,,sklearn,,,,2048.0,,,,,,,,,,,,,,,,,,,,,,,,,,,6.0,,,,,,,,,,,,,chembl_standardizer,,,,,True,,,,,,,,,,,,,,,,,,,,,COMPLETE
55,55,0.36467873186027583,2024-01-19 14:20:37.006052,2024-01-19 14:44:15.506203,0 days 00:23:38.500151,rdk,,,,,,,,,,,,,,,,,,,,,,,,,,,,,,,,,,quadradic_discriminant_analysis_model,,,,,,,,,,,,,,,,,,,,,,,,,,,,,,,,,,,boruta_algorithm,,,,,,,,2048.0,,,,,,,,,,,,,,,,,,,,,,,,,,,,,,,,,,,,,,,,,,,,,,,,,,,,,,,,,,,,10.0,,,,,3.0,,sklearn,,,,,,,,,,,,,,,,,,,,,,,,,,,,,,,,,0.8206737260425458,,,,,,,,,heavy_standardisation,,custom_standardizer,,,,,False,,,,,,,,,,,,,,,,,,,,,COMPLETE
56,56,0.8430657424482904,2024-01-19 14:44:15.524255,2024-01-19 16:53:24.446868,0 days 02:09:08.922613,,,,,,,,,,,,,,,,,,,,,,,,,,,,,16.0,,,,,,,,,,,,,,,,,,,,,,,,,,,,,,,,,0.25,,,,324.0,,,,,,,,,,,,,,,,,,,,,,,,,,,,,,,,,,,,,,,,,,,,,,,,,,,,,,,,,,,,,,,,,,,,,,,8.0,,,,,,,pagtn_model,deepchem,,,,,,,,,,,,,,,,,,,,,,,2.0,,2.0,,,,,,,,,,,,,,,,,heavy_standardisation,,custom_standardizer,,,,,,,,,,,,,,,,,,,,,,,,,,COMPLETE
57,57,0.7743453564553029,2024-01-19 16:53:24.463354,2024-01-19 17:07:25.805639,0 days 00:14:01.342285,morgan,,,,,,,,,,,,,,,,,5.329221641308842,,,,,,,,,,,,,,,,,ridge_classifier_model,,,,,,,,,,,,,,,,,,,,,,,,,,,,,,,,,,,low_variance_fs,,,,,,,,,,,,,,,,,,,,,,,,,,,,,,,,,,,,,,,,,,,,,,,,,,,,,,,,,,,,,,,,,,,,,,,,,,,sklearn,,,,2048.0,,,,,,,,,,,,,,,,,,,,,,,,,,,4.0,,,,,,,,,,,heavy_standardisation,,custom_standardizer,,,,,,0.1469652748426909,,,,,,,,,,,,,,,,,,,,COMPLETE
58,58,0.8646740385029406,2024-01-19 17:07:25.824511,2024-01-19 17:39:11.947343,0 days 00:31:46.122832,atom_pair,,,,,,,,,,,,,,,0.7528305516686942,,,,,,,,,,,,,,,,,,,multinomial_nb_model,,,,,,,,,,,,,,,,,,,,,,,,,,,,,,,,,,,boruta_algorithm,,,,,,,,,,,,,,,,,,,,,,,,,,,,,,,,,,,,,,,,,,,,,,,,,,,,,,,,,,,,,,50.0,,,,,,,,,3.0,,,,sklearn,1024.0,,,,,,,,,,,,,,,,,,,,,,,,,,,,,,,,,,,,,,,,,,,pass_through_standardizer,,,,,True,,,,,,,,,,,,,,,,,,,,,COMPLETE
59,59,0.806267107620649,2024-01-19 17:39:11.999989,2024-01-19 17:55:38.046334,0 days 00:16:26.046345,mol2vec,,,,,,,,,,,,,0.8767755990524763,,,,,,,,,,,,,,,,,,,,,complement_nb_model,,,,,,,,,,,,,,,,,,,,,,,,,,,,,,,,,,,low_variance_fs,,,,,,,,,,,,,,,,,,,,,,,,,,,,,,,,,,,,,,,,,,,,,,,,,,,,,,,,,,,,,,,,,,,,,,,,,,,sklearn,,,,,,,,,,,,,,,,,,,,,,,,,,,,,,,,,,,,,,,,,,heavy_standardisation,,custom_standardizer,,,,,,0.012712621480220301,,,,,,,,,,,,,,,,,,,,COMPLETE
60,60,0.8172780913148951,2024-01-19 17:55:38.157746,2024-01-19 18:09:38.923586,0 days 00:14:00.765840,2d_descriptors,,,,,,,,,,,,,,,,,,,,,,,,,,,,,,,,,,gaussian_nb_model,,,,,,,,,,,,,,,,,,,,,,,,,,,,,,,,,,,percentil_fs,,,,,,,,,,,,,,,,,,,,,,,,,,,,,,,,,,,,,,,,,,,,,,,,,,,,,,,,,,,,,,,,,,,,,,,,,,,sklearn,,,,,,,,,,,,,,,,,,,,,,,,,,,,93.0,,,,,,,,,,,,pass_through_transformer,,,,chembl_standardizer,,,,,,,,,,,,,,,,,,,,,,,,,,COMPLETE
61,61,0.8878307804637403,2024-01-19 18:09:38.983945,2024-01-19 18:25:41.887745,0 days 00:16:02.903800,morgan,,,,,,,,,,,,,,,,,,,,,,,,,,,,,,,,,,voting_classifier_model,,,,,,,,,,,,,,,,,,,,,,,,,,,,,,,,,,,pass_through_transformer,,,,,,,,,,,,,,,,,,,,,,,,,,,,,,,,,,,,,,,,,,,,,,,,,,,,,,,,,,,,,,,,,,,,,,,,,,,sklearn,,,,2048.0,,,,,,,,,,,,,,,,,,,,,,,,,,,6.0,,,,,,,,,,,heavy_standardisation,,custom_standardizer,,,,,,,,,,,,,,,,,0.432248242203756,0.5311518201013071,0.355013416933862,0.6125906264823177,0.05186401857684805,,,,,COMPLETE
62,62,0.8918985495829691,2024-01-19 18:25:41.958582,2024-01-19 18:39:42.046661,0 days 00:14:00.088079,morgan,,,,,,,,,,,,,,,,,,,,,,,,,,,,,,,,,,voting_classifier_model,,,,,,,,,,,,,,,,,,,,,,,,,,,,,,,,,,,pass_through_transformer,,,,,,,,,,,,,,,,,,,,,,,,,,,,,,,,,,,,,,,,,,,,,,,,,,,,,,,,,,,,,,,,,,,,,,,,,,,sklearn,,,,2048.0,,,,,,,,,,,,,,,,,,,,,,,,,,,6.0,,,,,,,,,,,heavy_standardisation,,custom_standardizer,,,,,,,,,,,,,,,,,0.3670574954257259,0.588590875007882,0.3805731990592035,0.5026969322052808,0.11496549814154797,,,,,COMPLETE
63,63,0.8764119883785426,2024-01-19 18:39:42.061564,2024-01-19 18:53:27.733609,0 days 00:13:45.672045,morgan,,,,,,,,,,,,,,,,,,,,,,,,,,,,,,,,,False,random_forest_classifier_model,,,,,,,,,,,,,gini,,,,,,,,,,,,,,,,,,,,,,pass_through_transformer,,,,,,,,,,,,,,,,,,,,,,,,,,,,,,,,,,,,,,,,,,,,,,,,,,,,,,,,,,,,,,,,,,auto,,,,,,,,,sklearn,,,,2048.0,,,,,,,,500.0,,,,,,,,,,,,,,,,,,,6.0,,,,,,,,,,,heavy_standardisation,,custom_standardizer,,,,,,,,,,,,,,,,,,,,,,,,,,COMPLETE
64,64,0.5,2024-01-19 18:53:27.773733,2024-01-19 19:07:31.945372,0 days 00:14:04.171639,morgan,,,,,,,,,,,,,,,,,,,,,,,,,,,,,,,,,,nu_svc_model,,,,,,,,,,,,,,4.0,,,,,,,,,,,,,,,,,,,,,pass_through_transformer,,,,,,,,,,0.8859965484063198,,,,,,,,,,,,,,,,,,,,,,,rbf,,,,,,,,,,,,,,,,,,,,,,,,,,,,,,,,,,,,,,,,,,sklearn,,,,2048.0,,,,,,,,,,,,,,,,0.2643833515412628,,,,,,,,,,,4.0,,,,,,,,,,,heavy_standardisation,,custom_standardizer,,,,,,,,,,,,,,,,,,,,,,,,,,COMPLETE
65,65,0.6652830862917176,2024-01-19 19:07:31.963041,2024-01-19 19:19:54.881291,0 days 00:12:22.918250,morgan,,,,,,,,,,,,,,,,,,,,,,,,,,,,,,,,,,one_class_svm_model,,,,,,,,,,,,,,,2.0,,,,,,,,,,,,,,,,,,,,select_from_model_fs,,,,,,,,,,,0.383713844340155,,,,,,,,,,,,,,,,,,,,,,,poly,,,,,,,,,,,,,,,,,,,,,,,,,,,,,,,,,,,,,,,,,sklearn,,,,2048.0,,,201.0,,,,,,,,,,,,,,0.05498502517768189,,,,,,,,,,6.0,,,,,,,,,,,heavy_standardisation,,custom_standardizer,,,,,,,,,,,,,,,,,,,,,,,,,,COMPLETE
66,66,-inf,2024-01-19 19:19:54.950160,2024-01-19 19:20:23.886343,0 days 00:00:28.936183,,,keras_rnn,,,,,,,,,,,,,,,,,,,,,,,,,,,,,,,,,,,,,,,,,,,,,,,,,tanh,0.012701880180817304,,128.0,,,,,,,,,,,,,,,,2D,,,,,,,,,,,,,,,0.02415412338346934,0.014800132151541134,0.368702703202233,78.0,31.0,176.0,,,,,,,,,,,,,,,,,,,,,,,,,,,,,,,,,,0.245503625405927,0.4797407638541803,0.4714021636381127,245.0,248.0,238.0,,,,,,,,,,,,,,,keras,,,,,,,,,,,,,,3.0,,3.0,,,,,,,,,,,,,,,,,,,,,,,,,,,,,,,,,,,,,,,,,,,,,,,,,,,,,,COMPLETE
67,67,0.7827465571954597,2024-01-19 19:20:23.902060,2024-01-19 19:35:00.636817,0 days 00:14:36.734757,layered,,,,7.605470300972261,,,,,,,,,,,,,,,,,,,,,,,,,,,,,,logistic_regression_model,,,,,,,,,,,,,,,,,,,,,,,,,,,,,,,,,,,pass_through_transformer,,,,,,,,1024.0,,,,,,,,,,,,,,,,,,,,,,,,,,,,,,,,,,,,,,,,,,,,,,,,,,,,,,,6.0,,,,,,,,,1.0,,,sklearn,,,,,,,,,,,,,,,,,,,,,,,,,,,,,,,,,,,,,,,,,,heavy_standardisation,,custom_standardizer,,,,,,,,,,,,,,,,,,,,,,,,,,COMPLETE
68,68,0.8874405181667381,2024-01-19 19:35:00.677162,2024-01-19 19:51:49.339718,0 days 00:16:48.662556,morgan,,,,,,,,,,,,0.885891035609936,,,,,,,,,,,,,,,,,,,,,,bernoulli_nb_model,,,,,,,,,,,,,,,,,,,,,,,,,,,,,,,,,,,pass_through_transformer,,,,,,,,,,,,,,,,,,,,,,,,,,,,,,,,,,,,,,,,,,,,,,,,,,,,,,,,,,,,,,,,,,,,,,,,,,,sklearn,,,,2048.0,,,,,,,,,,,,,,,,,,,,,,,,,,,6.0,,,,,,,,,,,heavy_standardisation,,custom_standardizer,,,,,,,,,,,,,,,,,,,,,,,,,,COMPLETE
69,69,-inf,2024-01-19 19:51:49.379378,2024-01-19 22:51:50.536801,0 days 03:00:01.157423,,,,,,,,,,,,,,,,,,,,,,,,,,,,,8.0,,,,,,,,,,,,,,,,,,,,,,,,,,,,,0.5,,,,,,,,725.0,,,,,,,,,,,,,,,,,,,300.0,,,,,,,,,,,,,,,,,,,,,,,,,,,,,,,,,,,,,,,,,,,,,,,,,,,,,,,,,,,attentive_fp_model,deepchem,,,,,,,,,,,,,,,,,,,,,,,,5.0,,,,,,,,,,,,,,,,,,heavy_standardisation,,custom_standardizer,,,,,,,,False,,,,,,False,,,,,,,,,,,,COMPLETE
70,70,0.8823895442106287,2024-01-19 22:51:50.594598,2024-01-19 23:09:53.677830,0 days 00:18:03.083232,mixed,,,,,,,8.0,,,,,,,,,,,,,,,,,,,,,,,,,,,logistic_regression_cv_model,,,,,,,,,,,,,,,,,,,,,,,,,,,,,,,,,mol2vec,2d_descriptors,pass_through_transformer,,,,,,,,,,,,,,,,,,,,,,,,,,,,,,,,,,,,,,,,,,,,,,,,,,,,,,,,,,,,,,,,,,,,,,,,,,,sklearn,,,,,,,,,,,,,,,,,,,,,,,,,,,,,,,,,,,,,,,,,,,,basic_standardizer,,,,,,,,,,,,,,,,,,,,,,,,,,COMPLETE
71,71,0.888405615314246,2024-01-19 23:09:53.733000,2024-01-19 23:23:47.391653,0 days 00:13:53.658653,morgan,,,,,,,,,,,,,,,,,,,,,,,,,,,,,,,,,,voting_classifier_model,,,,,,,,,,,,,,,,,,,,,,,,,,,,,,,,,,,pass_through_transformer,,,,,,,,,,,,,,,,,,,,,,,,,,,,,,,,,,,,,,,,,,,,,,,,,,,,,,,,,,,,,,,,,,,,,,,,,,,sklearn,,,,2048.0,,,,,,,,,,,,,,,,,,,,,,,,,,,6.0,,,,,,,,,,,heavy_standardisation,,custom_standardizer,,,,,,,,,,,,,,,,,0.3639734148276428,0.5736344712925041,0.3755875561965244,0.5160602028197243,0.11964970938493433,,,,,COMPLETE
72,72,0.8984312854456642,2024-01-19 23:23:47.416524,2024-01-19 23:36:57.504864,0 days 00:13:10.088340,morgan,,,,,,3.839996558842371,,,,,,,,,,,,,,,,,,,,,,,,,,,,svc_model,,,,,,,,,,,,,,,,2.0,,,,,,,,,,,,,,,,,,,pass_through_transformer,,,,,,,,,,,,0.7103872383801062,,,,,,,,,,,,,,,,,,,,,,,,,,,poly,,,,,,,,,,,,,,,,,,,,,,,,,,,,,,,,,,,,sklearn,,,,2048.0,,,,,,,,,,,,,,,,,,,,,,,,,,,6.0,,,,,,,,,,,heavy_standardisation,,custom_standardizer,,,,,,,,,,,,,,,,,,,,,,,,,,COMPLETE
73,73,0.8984312854456642,2024-01-19 23:36:57.531747,2024-01-19 23:50:22.224610,0 days 00:13:24.692863,morgan,,,,,,4.454827462564969,,,,,,,,,,,,,,,,,,,,,,,,,,,,svc_model,,,,,,,,,,,,,,,,2.0,,,,,,,,,,,,,,,,,,,pass_through_transformer,,,,,,,,,,,,0.712815862237434,,,,,,,,,,,,,,,,,,,,,,,,,,,poly,,,,,,,,,,,,,,,,,,,,,,,,,,,,,,,,,,,,sklearn,,,,2048.0,,,,,,,,,,,,,,,,,,,,,,,,,,,6.0,,,,,,,,,,,heavy_standardisation,,custom_standardizer,,,,,,,,,,,,,,,,,,,,,,,,,,COMPLETE
74,74,0.8984312854456642,2024-01-19 23:50:22.259795,2024-01-20 00:02:55.741477,0 days 00:12:33.481682,morgan,,,,,,4.057082884512513,,,,,,,,,,,,,,,,,,,,,,,,,,,,svc_model,,,,,,,,,,,,,,,,2.0,,,,,,,,,,,,,,,,,,,pass_through_transformer,,,,,,,,,,,,0.7023117436957208,,,,,,,,,,,,,,,,,,,,,,,,,,,poly,,,,,,,,,,,,,,,,,,,,,,,,,,,,,,,,,,,,sklearn,,,,2048.0,,,,,,,,,,,,,,,,,,,,,,,,,,,6.0,,,,,,,,,,,heavy_standardisation,,custom_standardizer,,,,,,,,,,,,,,,,,,,,,,,,,,COMPLETE
75,75,0.8934359567283663,2024-01-20 00:02:55.769851,2024-01-20 00:16:06.102239,0 days 00:13:10.332388,morgan,,,,,,4.170010900398673,,,,,,,,,,,,,,,,,,,,,,,,,,,,svc_model,,,,,,,,,,,,,,,,2.0,,,,,,,,,,,,,,,,,,,pass_through_transformer,,,,,,,,,,,,0.6995286315608873,,,,,,,,,,,,,,,,,,,,,,,,,,,poly,,,,,,,,,,,,,,,,,,,,,,,,,,,,,,,,,,,,sklearn,,,,2048.0,,,,,,,,,,,,,,,,,,,,,,,,,,,4.0,,,,,,,,,,,heavy_standardisation,,custom_standardizer,,,,,,,,,,,,,,,,,,,,,,,,,,COMPLETE
76,76,0.8098984217143389,2024-01-20 00:16:06.133748,2024-01-20 00:28:19.799137,0 days 00:12:13.665389,maccs,,,,,,4.068684996467865,,,,,,,,,,,,,,,,,,,,,,,,,,,,svc_model,,,,,,,,,,,,,,,,2.0,,,,,,,,,,,,,,,,,,,pass_through_transformer,,,,,,,,,,,,0.7010924320152074,,,,,,,,,,,,,,,,,,,,,,,,,,,poly,,,,,,,,,,,,,,,,,,,,,,,,,,,,,,,,,,,,sklearn,,,,,,,,,,,,,,,,,,,,,,,,,,,,,,,,,,,,,,,,,,heavy_standardisation,,custom_standardizer,,,,,,,,,,,,,,,,,,,,,,,,,,COMPLETE
77,77,0.8934359567283663,2024-01-20 00:28:19.829001,2024-01-20 00:40:25.195539,0 days 00:12:05.366538,morgan,,,,,,3.8287206177446413,,,,,,,,,,,,,,,,,,,,,,,,,,,,svc_model,,,,,,,,,,,,,,,,2.0,,,,,,,,,,,,,,,,,,,pass_through_transformer,,,,,,,,,,,,0.7104123053510218,,,,,,,,,,,,,,,,,,,,,,,,,,,poly,,,,,,,,,,,,,,,,,,,,,,,,,,,,,,,,,,,,sklearn,,,,2048.0,,,,,,,,,,,,,,,,,,,,,,,,,,,4.0,,,,,,,,,,,heavy_standardisation,,custom_standardizer,,,,,,,,,,,,,,,,,,,,,,,,,,COMPLETE
78,78,-inf,2024-01-20 00:40:25.226189,2024-01-20 00:40:25.517864,0 days 00:00:00.291675,morgan,keras_dense,,,,,,,,,,,,,,,,,,,,,,,,True,,,,,,,,,,,,,,,,,,,,,,,,,,,,,,,,,,,,,,,,,,,,,1D,,,,,,,,,,,,,,,,,,,,,relu,,,0.7957035255137953,,,,62.0,,,,,,,,,,,0.007070274290753223,,,,1.561778313706396e-06,,,,,,,,,,,,,,,,,,,,,,,,,,,,,,,keras,,,,2048.0,,,,,,,,,,,1.0,,,,,,,,,,,,,,,,4.0,,,,,,,,,,,,,,,,,,,,,,,,,,,,,,,,,,,,,,,COMPLETE
79,79,0.8839438557434365,2024-01-20 00:40:25.556032,2024-01-20 00:52:41.644861,0 days 00:12:16.088829,atom_pair,,,,,,4.212693854416205,,,,,,,,,,,,,,,,,,,,,,,,,,,,svc_model,,,,,,,,,,,,,,,,2.0,,,,,,,,,,,,,,,,,,,pass_through_transformer,,,,,,,,,,,,0.7155106146241904,,,,,,,,,,,,,,,,,,,,,,,,,,,poly,,,,,,,,,,,,,,,,,,,,,,,20.0,,,,,,,,,1.0,,,,sklearn,2048.0,,,,,,,,,,,,,,,,,,,,,,,,,,,,,,,,,,,,,,,,,simple_standardisation,,custom_standardizer,,,,,,,,,,,,,,,,,,,,,,,,,,COMPLETE
80,80,0.8528776644454787,2024-01-20 00:52:41.669484,2024-01-20 00:59:17.714918,0 days 00:06:36.045434,2d_descriptors,,,,,,3.77528414371433,,,,,,,,,,,,,,,,,,,,,,,,,,,,svc_model,,,,,,,,,,,,,,,,2.0,,,,,,,,,,,,,,,,,,,pass_through_transformer,,,,,,,,,,,,0.6861235152180098,,,,,,,,,,,,,,,,,,,,,,,,,,,poly,,,,,,,,,,,,,,,,,,,,,,,,,,,,,,,,,,,,sklearn,,,,,,,,,,,,,,,,,,,,,,,,,,,,,,"(5.0, 95.0)",,,,,,,,,,robust_scaler,,,,pass_through_standardizer,,,,,,,,,,,,,,,,,,,,,,,,True,True,COMPLETE
81,81,0.8934359567283663,2024-01-20 00:59:17.762348,2024-01-20 01:11:15.772390,0 days 00:11:58.010042,morgan,,,,,,4.007038410034535,,,,,,,,,,,,,,,,,,,,,,,,,,,,svc_model,,,,,,,,,,,,,,,,2.0,,,,,,,,,,,,,,,,,,,pass_through_transformer,,,,,,,,,,,,0.7320068306402567,,,,,,,,,,,,,,,,,,,,,,,,,,,poly,,,,,,,,,,,,,,,,,,,,,,,,,,,,,,,,,,,,sklearn,,,,2048.0,,,,,,,,,,,,,,,,,,,,,,,,,,,4.0,,,,,,,,,,,heavy_standardisation,,custom_standardizer,,,,,,,,,,,,,,,,,,,,,,,,,,COMPLETE
82,82,0.8934359567283663,2024-01-20 01:11:15.822557,2024-01-20 01:24:27.434920,0 days 00:13:11.612363,morgan,,,,,,4.2497722837891185,,,,,,,,,,,,,,,,,,,,,,,,,,,,svc_model,,,,,,,,,,,,,,,,2.0,,,,,,,,,,,,,,,,,,,pass_through_transformer,,,,,,,,,,,,0.7063383519483173,,,,,,,,,,,,,,,,,,,,,,,,,,,poly,,,,,,,,,,,,,,,,,,,,,,,,,,,,,,,,,,,,sklearn,,,,2048.0,,,,,,,,,,,,,,,,,,,,,,,,,,,4.0,,,,,,,,,,,heavy_standardisation,,custom_standardizer,,,,,,,,,,,,,,,,,,,,,,,,,,COMPLETE
83,83,-inf,2024-01-20 01:24:27.477138,2024-01-20 01:25:17.457034,0 days 00:00:49.979896,morgan,,,,,,,,,,,,,,,,,,,,,,,,,,,,,,,,,,linear_discriminant_analysis_model,,,,,,,,,,,,,,,,,,,,,,,,,,,,,,,,,,,pass_through_transformer,,,,,,,,,,,,,,,,,,,,,,,,,,,,,,,,,,,,,,,,,,,,,,,,,,,,,,,,,,,,,,,,,,,,,,,,,,,sklearn,,,,2048.0,,,,,,,,,,,,,,,,,,,,,,,,,,,4.0,,,,,,,,,,eigen,heavy_standardisation,,custom_standardizer,,,,,,,,,,,,,,,,,,,,,,,,,,COMPLETE
84,84,0.902745366820563,2024-01-20 01:25:17.486698,2024-01-20 01:43:46.786497,0 days 00:18:29.299799,morgan,,,,,,,,,,,,,,,,,,,,,,,,lr,,,,,,False,,False,,bagging_classifier_model,,,,,,,,,,,,,,,,,,,,,,,,,,,,,,,,,,,pass_through_transformer,,,,,,,,,,,,,,,,,,,,,,,,,,,,,,,,,,,,,,,,,,,,,,,,,,,,,,,,,,,,,,,,,,,,,,,,,,,sklearn,,,,2048.0,,,,,500.0,,,,,,,,,,,,,,,,,,,,,,4.0,,,,,,,,,,,heavy_standardisation,,custom_standardizer,,,,,,,,,,,,,,,,,,,,,,,,,,COMPLETE
85,85,0.6793932041926201,2024-01-20 01:43:46.833163,2024-01-20 01:56:01.961284,0 days 00:12:15.128121,layered,,,,,,,,,,,,,,,,,,,,,,,,lr,,,,,,False,,False,,bagging_classifier_model,,,,,,,,,,,,,,,,,,,,,,,,,,,,,,,,,,,k_best,,,,,,,,2048.0,,,,,,,,,,,,,,,,,,,,,,,,24.0,,,,,,,,,,,,,,,,,,,,,,,,,,,,,,,10.0,,,,,,,,,3.0,,,sklearn,,,,,,,,,500.0,,,,,,,,,,,,,,,,,,,,,,,,,,,,,,,,,heavy_standardisation,,custom_standardizer,,,,,,,,,,,,,,,,,,,,,,,,,,COMPLETE
86,86,0.8134696823016586,2024-01-20 01:56:01.995273,2024-01-20 02:05:51.886596,0 days 00:09:49.891323,morgan,,,,,,,,,SAMME.R,,,,,,,,,,,,,,,,,,,,,,,,,ada_boost_classifier_model,,,,,,,,,,,,,,,,,,,,,,,,,,,,,,,,,,,select_from_model_fs,,,,,,,,,,,,,,,,,,,,,,,,,,,,,,,,,,,,,,,,,,,,,,,,,,,0.9941436451298084,,,,,,,,,,,,,,,,,,,,,,,,sklearn,,,,2048.0,,,967.0,450.0,,,,,,,,,,,,,,,,,,,,,,,2.0,,,,,,,,,,,,,chembl_standardizer,,,,,,,,,,,,,,,,,,,,,,,,,,COMPLETE
87,87,0.5,2024-01-20 02:05:51.900568,2024-01-20 02:16:53.712452,0 days 00:11:01.811884,mol2vec,,,,,0.43882813300534984,,,,,,,,,,,,,,,,,,,,,,,,,,,,,passive_aggressive_classifier_model,,,,,,,,,,,,,,,,,,,,,,,,,,,,,,,,,,,pass_through_transformer,,,,,,,,,,,,,,,,,,,,,,,,,,,,,,,,,,,,,,,,,,,,,,,,,,,,,,,,,,,,,,,,,,,,,,,,,,,sklearn,,,,,,,,,,,,,,,,,,,,,,,,,,,,,,,,,,,,,,,,,,heavy_standardisation,,custom_standardizer,,,,,,,,,,,,,,,,,,,,,,,,,,COMPLETE
88,88,-inf,2024-01-20 02:16:53.726864,2024-01-20 02:16:53.806953,0 days 00:00:00.080089,,,,,,,,,,,,,,,,,,,,,,,,,,,,,512.0,,,,,,,,,,,,,,,,,,,,,,,,,,,,,,,,,,,,,990.0,,,,,,,,,,,,,,,,,,,,,,,,,,,,,,,,,,,,,,,,,,,,,,,,,,,,,,,,,,,,,,,,,,,,,,,,,,,,,,gat_model,deepchem,,,,,,,,,,,,,,,,,,,,,,,,,,,,,,,,,,,,,,,,,,simple_standardisation,,custom_standardizer,,,,,,,,,True,,,False,,,False,,,,,,,,,,,COMPLETE
89,89,0.857647784385342,2024-01-20 02:16:53.818440,2024-01-20 02:24:49.250921,0 days 00:07:55.432481,morgan,,,,,,,,,,,,,,,,1.9920008393746296,,,,,,,,,,,,,,,,,,perceptron_model,,,,,,,,,,,,,,,,,,,,,,,,,,,,,,,,,,,pass_through_transformer,,,,,,,,,,,,,,,,,,,,,,,,,,,,,,,,,,,,,,,,,,,,,,,,,,,,,,,,,,,,,,,,,,,,,,,,,,,sklearn,,,,2048.0,,,,,,,,,,,,,,,,,,,,,,,,,,,4.0,,,,,,,,,,,,,basic_standardizer,,,,,,,,,,,,,,,,,,,,,,,,,,COMPLETE
90,90,0.8766811637685743,2024-01-20 02:24:49.266066,2024-01-20 02:32:42.384860,0 days 00:07:53.118794,rdk,,,,,,,,,,,,,,,,,,,,,,,,,,,,,,,True,,,extra_trees_classifier_model,,,,,,,,,,,entropy,,,,,,,,,,,,,,,,,,,,,,,,pass_through_transformer,,,,,,,,1024.0,,,,,,,,,,,,,,,,,,,,,,,,,,,,,,,,,,,,,,,,,,,,,,,,,,,,,,,,log2,,,,5.0,,,,,1.0,,sklearn,,,,,,,,,,200.0,,,,,,,,,,,,,,,,,,,,,,,,,,,,,,,,heavy_standardisation,,custom_standardizer,,,,,,,,,,,,,,,,,,,,,,,,,,COMPLETE
91,91,0.8838710548872045,2024-01-20 02:32:42.419367,2024-01-20 03:08:22.608803,0 days 00:35:40.189436,morgan,,,,,,,,,,,,,,,,,,,,,,,,svc,,,,,,False,,False,,bagging_classifier_model,,,,,,,,,,,,,,,,,,,,,,,,,,,,,,,,,,,pass_through_transformer,,,,,,,,,,,,,,,,,,,,,,,,,,,,,,,,,,,,,,,,,,,,,,,,,,,,,,,,,,,,,,,,,,,,,,,,,,,sklearn,,,,2048.0,,,,,500.0,,,,,,,,,,,,,,,,,,,,,,4.0,,,,,,,,,,,heavy_standardisation,,custom_standardizer,,,,,,,,,,,,,,,,,,,,,,,,,,COMPLETE
92,92,0.8934359567283663,2024-01-20 03:08:22.624452,2024-01-20 03:15:33.754852,0 days 00:07:11.130400,morgan,,,,,,6.563532338023652,,,,,,,,,,,,,,,,,,,,,,,,,,,,svc_model,,,,,,,,,,,,,,,,2.0,,,,,,,,,,,,,,,,,,,pass_through_transformer,,,,,,,,,,,,0.4856732280458128,,,,,,,,,,,,,,,,,,,,,,,,,,,poly,,,,,,,,,,,,,,,,,,,,,,,,,,,,,,,,,,,,sklearn,,,,2048.0,,,,,,,,,,,,,,,,,,,,,,,,,,,4.0,,,,,,,,,,,heavy_standardisation,,custom_standardizer,,,,,,,,,,,,,,,,,,,,,,,,,,COMPLETE
93,93,0.5,2024-01-20 03:15:33.769523,2024-01-20 03:22:26.911800,0 days 00:06:53.142277,morgan,,,,,,1.8738887656949674,,,,,,,,,,,,,,,,,,,,,,,,,,,,svc_model,,,,,,,,,,,,,,,,4.0,,,,,,,,,,,,,,,,,,,pass_through_transformer,,,,,,,,,,,,0.9639239011582812,,,,,,,,,,,,,,,,,,,,,,,,,,,rbf,,,,,,,,,,,,,,,,,,,,,,,,,,,,,,,,,,,,sklearn,,,,2048.0,,,,,,,,,,,,,,,,,,,,,,,,,,,4.0,,,,,,,,,,,heavy_standardisation,,custom_standardizer,,,,,,,,,,,,,,,,,,,,,,,,,,COMPLETE
94,94,0.8535481476711773,2024-01-20 03:22:26.925885,2024-01-20 03:29:17.115989,0 days 00:06:50.190104,morgan,,,,0.011752336254261546,,,,,,,,,,,,,,,,,,,,,,,,,,,,,,logistic_regression_model,,,,,,,,,,,,,,,,,,,,,,,,,,,,,,,,,,,pass_through_transformer,,,,,,,,,,,,,,,,,,,,,,,,,,,,,,,,,,,,,,,,,,,,,,,,,,,,,,,,,,,,,,,,,,,,,,,,,,,sklearn,,,,2048.0,,,,,,,,,,,,,,,,,,,,,,,,,,,2.0,,,,,,,,,,,heavy_standardisation,,custom_standardizer,,,,,,,,,,,,,,,,,,,,,,,,,,COMPLETE
95,95,0.857376769698203,2024-01-20 03:29:17.129938,2024-01-20 04:26:02.005978,0 days 00:56:44.876040,morgan,,,,,,,,,,,,,,,,,,,,,,,,,,,,,,,,,,hist_gradient_boosting_classifier_model,,,,,,,,,,,,,,,,,,,,,,,,,,,,,,,,,,,percentil_fs,,,,,,,,,,,,,,,,,,,,,,,,,,,,,,,,,,,,,,,,,,,,,,,,,,,,,0.979463327065603,,,,,,,,,,,,,,,,,,,,,,sklearn,,,,2048.0,,,,,,,,,,,,,,,,,,,,,,,,57.0,,,4.0,,,,,,,,,,,heavy_standardisation,,custom_standardizer,,,,,,,,,,,,,,,,,,,,,,,,,,COMPLETE
96,96,-inf,2024-01-20 04:26:02.019608,2024-01-20 07:26:02.040419,0 days 03:00:00.020811,mixed,,,,,,,,,,,,,,,,,,,,,,,,,,,,,,,,,,,,,,,,,,,,,,,,,,,,,,,,,,,,,,,,,,,morgan,morgan,,,,,,,,,,,,,,,,,,,,,,,,,,,,,,,,,,,,,,,,,,,,,,,,,,,,,,,,,,,,,,,,,,,,,,,,,,,,sklearn,,,,,,,,,,,,,,,,,,,,,,,,,,,,,,,,,,,,,,,,,,,,,,,,,,,,,,,,,,,,,,,,,,,,,,COMPLETE
97,97,-inf,2024-01-20 07:26:02.084719,2024-01-20 07:26:31.543341,0 days 00:00:29.458622,,,keras_bidirectional_rnn,,,,,,,,,,,,,,,,,,,,,,,,,,,,,,,,,,,,,,,,,,,,,,,,,tanh,0.19208517367292513,,192.0,,,,,,,,,,,,,,,,2D,,,,,,,,,,,,,,,0.4866324338069679,,,253.0,,,,,,,,,,,,,,,,,,,,,,,,,,,,,,,,,,,,0.4963389097587552,,,22.0,,,,,,,,,,,,,,,,,keras,,,,,,,,,,,,,,1.0,,1.0,,,,,,,,,,,,,,,,,,,,,,,,,,,,,,,,,,,,,,,,,,,,,,,,,,,,,,COMPLETE
98,98,-inf,2024-01-20 07:26:31.580118,2024-01-20 07:28:27.981590,0 days 00:01:56.401472,morgan,,,,,,,,,,,kd_tree,,,,,,,,,,,,,,,,,,,,,,,radius_neighbors_classifier_model,,,,,,,,,,,,,,,,,,,,,,,,,,,,,,,,,,,low_variance_fs,,,,,,,,,,,,,,,,,,,,,,,,,,,,,,,,,,,,,,,,,,,,,,,,,,2.0,,,,,,,,,,,,,,,,,,,,,,,,,sklearn,,,,2048.0,,,,,,,,,,,,,,,,,,,,,,10.0,,,,,4.0,0.0,,,,,,,,,,heavy_standardisation,,custom_standardizer,,,,,,0.0947942452016589,,,,,,,,,,,,,,,,,distance,,,COMPLETE
99,99,0.8490761698061957,2024-01-20 07:28:28.016110,2024-01-20 07:43:39.729032,0 days 00:15:11.712922,morgan,,,,,,5.485759615915424,,,,,,,,,,,,,,,,,,,,,,,,,,,,svc_model,,,,,,,,,,,,,,,,3.0,,,,,,,,,,,,,,,,,,,pass_through_transformer,,,,,,,,,,,,0.16207699638915207,,,,,,,,,,,,,,,,,,,,,,,,,,,linear,,,,,,,,,,,,,,,,,,,,,,,,,,,,,,,,,,,,sklearn,,,,2048.0,,,,,,,,,,,,,,,,,,,,,,,,,,,2.0,,,,,,,,,,,heavy_standardisation,,custom_standardizer,,,,,,,,,,,,,,,,,,,,,,,,,,COMPLETE
