,number,value,datetime_start,datetime_complete,duration,params_1D_featurizer,params_1d_model,params_2d_model,params_C_linear_svc,params_C_logistic_regression,params_C_passive_aggressive_classifier,params_C_svc,params_Cs_logistic_regression_cv,params_activation_mlp_classifier,params_algorithm_ada_boost_classifier,params_algorithm_kneighbors_classifier,params_algorithm_radius_neighbors_classifier,params_alpha_bernoulli_nb,params_alpha_complement_nb,params_alpha_mlp_classifier,params_alpha_multinomial_nb,params_alpha_perceptron,params_alpha_ridge_classifier,params_alpha_ridge_classifier_cv,params_alpha_sgd_classifier,params_attention_dropout_0,params_attention_dropout_1,params_attention_dropout_2,params_attention_dropout_3,params_attention_key_dim_0,params_attention_key_dim_1,params_attention_key_dim_2,params_attention_key_dim_3,params_base_estimator_bagging_classifier,params_base_filters,params_batch_normalization_0,params_batch_normalization_1,params_batch_normalization_2,params_batch_normalization_3,params_batch_size_1d_conv,params_batch_size_bi_rnn,params_batch_size_deepchem,params_batch_size_fcnn,params_batch_size_rnn,params_batch_size_simple_rnn,params_batch_size_tabular_transformer,params_batchnorm,params_bootstrap_bagging_classifier,params_bootstrap_extra_trees_classifier,params_bootstrap_features,params_bootstrap_random_forest_classifier,params_classification_model,params_conv_activation_0,params_conv_activation_1,params_conv_activation_2,params_conv_batch_norm_0,params_conv_batch_norm_1,params_conv_batch_norm_2,params_conv_dropout_0,params_conv_dropout_1,params_conv_dropout_2,params_criterion_decision_tree,params_criterion_extra_trees_classifier,params_criterion_gradient_boosting_classifier,params_criterion_random_forest_classifier,params_degree_nu_svc,params_degree_one_class_svm,params_degree_svc,params_dense_activation,params_dense_dropout,params_dense_layer_size,params_dense_units,params_depth_dmpnn,params_dropout,params_dropout_attentive_fp,params_dropout_dag,params_dropout_gcn,params_dropout_graph_conv,params_dropout_pagtn,params_dropout_text_cnn,params_dropouts_weave,params_embedding_dim,params_embedding_output_dim,params_epochs_1d_conv,params_epochs_bi_rnn,params_epochs_deepchem,params_epochs_fcnn,params_epochs_rnn,params_epochs_simple_rnn,params_epochs_tabular_transformer,params_epsilon_sgd_classifier,params_f1,params_f2,params_feature_selector,params_featurizer_type,params_filter_0,params_filter_1,params_filter_2,params_filters,params_fnn_dropout_p,params_fnn_layers,params_fpSize,params_g_noise,params_gamma_nu_svc,params_gamma_one_class_svm,params_gamma_svc,params_graph_conv_layers_conv_model,params_graph_conv_layers_gcn,params_graph_feat_size_attentive_fp,params_gru_dropout_0,params_gru_dropout_1,params_gru_dropout_2,params_gru_units_0,params_gru_units_1,params_gru_units_2,params_hidden_activation_0,params_hidden_activation_1,params_hidden_activation_2,params_hidden_activation_3,params_hidden_dropout_0,params_hidden_dropout_1,params_hidden_dropout_2,params_hidden_dropout_3,params_hidden_layer_sizes_mlp_classifier,params_hidden_layer_units_0,params_hidden_layer_units_1,params_hidden_layer_units_2,params_hidden_layer_units_3,params_k,params_kernel_nu_svc,params_kernel_one_class_svm,params_kernel_size_0,params_kernel_size_1,params_kernel_size_2,params_kernel_size_smiles_to_vec,params_kernel_svc,params_l1_0,params_l1_1,params_l1_2,params_l1_3,params_l1_ratio_sgd_classifier,params_l2_0,params_l2_1,params_l2_2,params_l2_3,params_layer_sizes_dag,params_layer_sizes_gather,params_leaf_size_kneighbors_classifier,params_leaf_size_radius_neighbors_classifier,params_learning_rate_ada_boost_classifier,params_learning_rate_gradient_boosting_classifier,params_learning_rate_hist_gradient_boosting_classifier,params_loss_gradient_boosting_classifier,params_lstm_dropout_0,params_lstm_dropout_1,params_lstm_dropout_2,params_lstm_units_0,params_lstm_units_1,params_lstm_units_2,params_master_atom,params_maxLength,params_maxPath,params_max_features_extra_trees_classifier,params_max_features_gradient_boosting_classifier,params_max_features_random_forest_classifier,params_max_length_pagtn,params_max_path,params_metric,params_minLength,params_minPath,params_min_path,params_model_steps,params_model_type,params_nBits,params_n_attention_heads,params_n_attention_layers,params_n_bits,params_n_conv_layers,params_n_embedding_text_cnn,params_n_estimators,params_n_estimators_ada_boost_classifier,params_n_estimators_bagging_classifier,params_n_estimators_extra_trees_classifier,params_n_estimators_gradient_boosting_classifier,params_n_estimators_random_forest_classifier,params_n_graph_feat_dag,params_n_graph_feat_weave,params_n_gru_layers,params_n_hidden_layers,params_n_hidden_weave,params_n_lstm_layers,params_n_neighbors_kneighbors_classifier,params_n_rnn_layers,params_norm,params_nu_nu_svc,params_nu_one_class_svm,params_nu_sgd_one_class_svm,params_num_heads,params_num_layers_attentive_fp,params_num_layers_pagtn,params_p,params_penalty,params_percentile,params_predictor_dropout_gcn,params_radius,params_radius_n_radius_neighbors_classifier,params_reg_param,params_rnn_dropouts_0,params_rnn_units_0,params_scaler,params_solver,params_standardization_type,params_standardizer,params_stride_0,params_stride_1,params_stride_2,params_strides,params_support_weak,params_threshold,params_tol,params_use_chirality_attentive_fp,params_use_chirality_gat,params_use_chirality_gcn,params_use_chirality_graph_conv,params_use_chirality_weave,params_use_edges_gat,params_use_edges_gcn,params_use_partial_charge_attentive_fp,params_use_partial_charge_gat,params_use_partial_charge_gcn,params_weight_gbr,params_weight_lr,params_weight_mlp,params_weight_rfr,params_weight_svc,params_weights_kneighbors_classifier,params_weights_radius_neighbors_classifier,params_with_mean,params_with_std,state
0,0,0.5756256735585763,2023-12-28 21:19:29.393301,2023-12-28 22:00:11.085318,0 days 00:40:41.692017,,,,,,,,,,,,,,,,,,,,,,,,,,,,,,,,,,,,,8.0,,,,,,,,,,,,,,,,,,,,,,,,,,,,,,,,,,,,,,0.25,,,,,,786.0,,,,,,,,,,,,,,,,,,,,,,,,,,,,,,,,,,,,,,,,,,,,,,,,,,,,,,,,,,,,,,,,,,,,,,,,,,,,,,,,,,,,,,text_cnn_model,deepchem,,,,,,75.0,,,,,,,,,,,,,,,,,,,,,,,,,,,,,,,,,,pass_through_standardizer,,,,,,,,,,,,,,,,,,,,,,,,,,,COMPLETE
1,1,0.6383954563737312,2023-12-28 22:00:11.113143,2023-12-28 22:35:36.363846,0 days 00:35:25.250703,,,,,,,,,,,,,,,,,,,,,,,,,,,,,,,,,,,,,8.0,,,,,,,,,,,,,,,,,,,,,,,,,,,,,,,,,,,,,,0.0,,,,,,503.0,,,,,,,,,,,,,,,,,,,,,,,,,,,,,,,,,,,,,,,,,,,,,,,,,,,,,,,,,,,,,,,,,,,,,,,,,,,,,,,,,,,,,,text_cnn_model,deepchem,,,,,,100.0,,,,,,,,,,,,,,,,,,,,,,,,,,,,,,,,,simple_standardisation,custom_standardizer,,,,,,,,,,,,,,,,,,,,,,,,,,,COMPLETE
2,2,0.5920019195798527,2023-12-28 22:35:36.387001,2023-12-28 22:37:19.046122,0 days 00:01:42.659121,morgan,,,,,,,,,,,,,0.028471128887854302,,,,,,,,,,,,,,,,,,,,,,,,,,,,,,,,,complement_nb_model,,,,,,,,,,,,,,,,,,,,,,,,,,,,,,,,,,,,,,,,,,percentil_fs,,,,,,,,,,,,,,,,,,,,,,,,,,,,,,,,,,,,,,,,,,,,,,,,,,,,,,,,,,,,,,,,,,,,,,,,,,,,,,,sklearn,,,,2048.0,,,,,,,,,,,,,,,,,,,,,,,,,,78.0,,4.0,,,,,,,,pass_through_standardizer,,,,,,,,,,,,,,,,,,,,,,,,,,,COMPLETE
3,3,-inf,2023-12-28 22:37:19.075391,2023-12-28 23:37:19.621301,0 days 01:00:00.545910,,,,,,,,,,,,,,,,,,,,,,,,,,,,,,,,,,,,,16.0,,,,,,,,,,,,,,,,,,,,,,,,,,,,,,,,,0.0,,,,,,,,,,,170.0,,,,,,,,,,,,,,,,,,,,,,,400.0,,,,,,,,,,,,,,,,,,,,,,,,,,,,,,,,,,,,,,,,,,,,,,,,,,,,,,,,,,,,,,,attentive_fp_model,deepchem,,,,,,,,,,,,,,,,,,,,,,,,,,4.0,,,,,,,,,,,,,heavy_standardisation,custom_standardizer,,,,,,,,True,,,,,,,False,,,,,,,,,,,,COMPLETE
4,4,0.5199912239562073,2023-12-28 23:37:19.671766,2023-12-28 23:42:05.730760,0 days 00:04:46.058994,morgan,,,,,,,,,,ball_tree,,,,,,,,,,,,,,,,,,,,,,,,,,,,,,,,,,,,kneighbors_classifier_model,,,,,,,,,,,,,,,,,,,,,,,,,,,,,,,,,,,,,,,,,,percentil_fs,,,,,,,,,,,,,,,,,,,,,,,,,,,,,,,,,,,,,,,,,,,,,,,,,,,,,,9.0,,,,,,,,,,,,,,,,,,,,,,,,,sklearn,,,,1024.0,,,,,,,,,,,,,,,5.0,,,,,,,,,9.0,,31.0,,6.0,,,,,,,heavy_standardisation,custom_standardizer,,,,,,,,,,,,,,,,,,,,,,,distance,,,,COMPLETE
5,5,0.546471729955236,2023-12-28 23:42:05.749982,2023-12-29 00:16:16.284772,0 days 00:34:10.534790,,,,,,,,,,,,,,,,,,,,,,,,,,,,,,32.0,,,,,,,64.0,,,,,,,,,,,,,,,,,,,,,,,,,,,,,,,,,,,,,,,,,,,,935.0,,,,,,,,,,,,,,,,,,,,,,,,,,,,,,,,,,,,,,,,,,,,,,,,,,,,,,,,,,,,,,,,,,,,,,,,,,,,,,,,,,,,,,chem_ception_model,deepchem,,,,,,,,,,,,,,,,,,,,,,,,,,,,,,,,,,,,,,,,chembl_standardizer,,,,,,,,,,,,,,,,,,,,,,,,,,,COMPLETE
6,6,0.5395283909989792,2023-12-29 00:16:16.305922,2023-12-29 00:26:20.923961,0 days 00:10:04.618039,mol2vec,keras_tabular_transformer,,,,,,,,,,,,,,,,,,,0.19023634052176686,0.4059693089330172,0.21317051551390137,0.1673962918321199,2.0,8.0,16.0,16.0,,,,,,,,,,,,,64.0,,,,,,,,,,,,,,,,,,,,,,,relu,0.058224461433588115,,32.0,,,,,,,,,,,16.0,,,,,,,30.0,,,,,1D,,,,,,,,,,,,,,,,,,,,,,,,,,,,,,,,,,,,,,,,,,,,,,,,,,,,,,,,,,,,,,,,,,,,,,,,,,,,,,keras,,4.0,4.0,,,,,,,,,,,,,,,,,,,,,,,,,,,,,,,,,,,,,pass_through_standardizer,,,,,,,,,,,,,,,,,,,,,,,,,,,COMPLETE
7,7,0.5313055169271139,2023-12-29 00:26:20.995657,2023-12-29 00:45:20.373502,0 days 00:18:59.377845,rdk,keras_dense,,,,,,,,,,,,,,,,,,,,,,,,,,,,,True,False,True,True,,,,16.0,,,,,,,,,,,,,,,,,,,,,,,,,,,,,,,,,,,,,,,,,,,,150.0,,,,,,,,1D,,,,,,,1024.0,,,,,,,,,,,,,,tanh,relu,relu,relu,0.20772666919115804,0.3167039395444975,0.37257915337672165,0.24515425227899856,,59.0,23.0,47.0,20.0,,,,,,,,,6.851873923491506e-06,0.00031006560955994635,0.0004256822373992559,0.0003422051040797686,,3.3596787433009085e-05,0.00012346837548106682,0.0015416433800834568,1.7198636082185355e-06,,,,,,,,,,,,,,,,,,,,,,9.0,,,,1.0,,keras,,,,,,,,,,,,,,,,4.0,,,,,,,,,,,,,,,,,,,,,,,,chembl_standardizer,,,,,,,,,,,,,,,,,,,,,,,,,,,COMPLETE
8,8,0.5,2023-12-29 00:45:20.402077,2023-12-29 01:05:42.892474,0 days 00:20:22.490397,2d_descriptors,keras_dense,,,,,,,,,,,,,,,,,,,,,,,,,,,,,False,True,False,,,,,16.0,,,,,,,,,,,,,,,,,,,,,,,,,,,,,,,,,,,,,,,,,,,,200.0,,,,,,,,1D,,,,,,,,,,,,,,,,,,,,,tanh,relu,tanh,,0.448815652497744,0.7402126574929024,0.07156139821504022,,,60.0,24.0,33.0,,,,,,,,,,1.6586641430825727e-06,0.005140648300017814,0.00020279631284351567,,,1.7593001619170305e-05,2.056417402309856e-05,0.000908048291782541,,,,,,,,,,,,,,,,,,,,,,,,,,,,,keras,,,,,,,,,,,,,,,,3.0,,,,,,,,,,,,,,,,,,,,,pass_through_transformer,,simple_standardisation,custom_standardizer,,,,,,,,,,,,,,,,,,,,,,,,,,,COMPLETE
9,9,0.567205934246609,2023-12-29 01:05:42.922405,2023-12-29 01:11:55.557352,0 days 00:06:12.634947,2d_descriptors,,,,,,,,,,,,,,,,,,,,,,,,,,,,,,,,,,,,,,,,,,,,,,decision_tree_classifier_model,,,,,,,,,,gini,,,,,,,,,,,,,,,,,,,,,,,,,,,,,,,,select_from_model_fs,,,,,,,,,,,,,,,,,,,,,,,,,,,,,,,,,,,,,,,,,,,,,,,,,,,,,,,,,,,,,,,,,,,,,,,,,,,,,,,sklearn,,,,,,,957.0,,,,,,,,,,,,,,max,,,,,,,,,,,,,,,,normalizer,,,pass_through_standardizer,,,,,,,,,,,,,,,,,,,,,,,,,,,COMPLETE
10,10,0.6041416788139325,2023-12-29 01:11:55.576075,2023-12-29 01:22:31.761572,0 days 00:10:36.185497,,,,,,,,,,,,,,,,,,,,,,,,,,,,,,,,,,,,,512.0,,,,,,,,,,,,,,,,,,,,,,,,,,,,,,,,,,,,,,0.0,,,,,,397.0,,,,,,,,,,,,,,,,,,,,,,,,,,,,,,,,,,,,,,,,,,,,,,,,,,,,,,,,,,,,,,,,,,,,,,,,,,,,,,,,,,,,,,text_cnn_model,deepchem,,,,,,100.0,,,,,,,,,,,,,,,,,,,,,,,,,,,,,,,,,,basic_standardizer,,,,,,,,,,,,,,,,,,,,,,,,,,,COMPLETE
11,11,0.6070039429687664,2023-12-29 01:22:31.831514,2023-12-29 01:33:59.808473,0 days 00:11:27.976959,,,,,,,,,,,,,,,,,,,,,,,,,,,,,,,,,,,,,512.0,,,,,,,,,,,,,,,,,,,,,,,,,,,,,,,,,,,,,,0.0,,,,,,416.0,,,,,,,,,,,,,,,,,,,,,,,,,,,,,,,,,,,,,,,,,,,,,,,,,,,,,,,,,,,,,,,,,,,,,,,,,,,,,,,,,,,,,,text_cnn_model,deepchem,,,,,,100.0,,,,,,,,,,,,,,,,,,,,,,,,,,,,,,,,,,basic_standardizer,,,,,,,,,,,,,,,,,,,,,,,,,,,COMPLETE
12,12,-inf,2023-12-29 01:33:59.827641,2023-12-29 02:33:59.909322,0 days 01:00:00.081681,,,,,,,,,,,,,,,,,,,,,,,,,,,,,,,,,,,,,8.0,,,,,,,,,,,,,,,,,,,,,,,,,,,,,,,,,,,,,,,0.0,,,,,499.0,,,,,,,,,,,,,,,,,,,,,,,,,,,,,,,,,,,,,,,,,,,,,,,,,,,,,,,,,,,,,,,,,,,,,,,,,,,,,,,,,,,,,,weave_model,deepchem,,,,,,,,,,,,,,128.0,,,50.0,,,,,,,,,,,,,,,,,,,,,,,basic_standardizer,,,,,,,,,,,,True,,,,,,,,,,,,,,,COMPLETE
13,13,0.5848633071217677,2023-12-29 02:33:59.931333,2023-12-29 03:06:15.941928,0 days 00:32:16.010595,,,,,,,,,,,,,,,,,,,,,,,,,,,,,,,,,,,,,32.0,,,,,,,,,,,,,,,,,,,,,,,,,,,,,,,2.0,,,,,,,,,,,,,338.0,,,,,,,,,,,,,,0.5,3.0,,,,,,,,,,,,,,,,,,,,,,,,,,,,,,,,,,,,,,,,,,,,,,,,,,,,,,,,,,,,,,,,,,,,,,,dmpnn_model,deepchem,,,,,,,,,,,,,,,,,,,,,,,,,,,,,,,,,,,,,,,,basic_standardizer,,,,,,,,,,,,,,,,,,,,,,,,,,,COMPLETE
14,14,0.6029201048468156,2023-12-29 03:06:15.963666,2023-12-29 03:47:08.458378,0 days 00:40:52.494712,,,,,,,,,,,,,,,,,,,,,,,,,,,,,,,,,,,,,512.0,,,,,True,,,,,,,,,,,,,,,,,,,,,,,,,,,,,,0.0,,,,,,,,,657.0,,,,,,,,,,,,,,,,,,,,,,"[64, 64]",,,,,,,,,,,,,,,,,,,,,,,,,,,,,,,,,,,,,,,,,,,,,,,,,,,,,,,,,,,,,,,,gcn_model,deepchem,,,,,,,,,,,,,,,,,,,,,,,,,,,,,,,0.0,,,,,,,,,basic_standardizer,,,,,,,,,,False,,,,True,,,False,,,,,,,,,,COMPLETE
15,15,0.6433102885651728,2023-12-29 03:47:08.481108,2023-12-29 04:02:53.001889,0 days 00:15:44.520781,,,,,,,,,,,,,,,,,,,,,,,,,,,,,,,,,,,,,128.0,,,,,,,,,,,,,,,,,,,,,,,,,,,,,,,,,,,,,,0.0,,,,,,604.0,,,,,,,,,,,,,,,,,,,,,,,,,,,,,,,,,,,,,,,,,,,,,,,,,,,,,,,,,,,,,,,,,,,,,,,,,,,,,,,,,,,,,,text_cnn_model,deepchem,,,,,,100.0,,,,,,,,,,,,,,,,,,,,,,,,,,,,,,,,,simple_standardisation,custom_standardizer,,,,,,,,,,,,,,,,,,,,,,,,,,,COMPLETE
16,16,0.5897679027416404,2023-12-29 04:02:53.021282,2023-12-29 04:24:46.395856,0 days 00:21:53.374574,,,,,,,,,,,,,,,,,,,,,,,,,,,,,,,,,,,,,128.0,,,,,,,,,,,,,,,,,,,,,,,,,,,,,512.0,,,,,,,0.0,,,,,,,,651.0,,,,,,,,,,,,,,,,,,,,,"[256, 128, 64]",,,,,,,,,,,,,,,,,,,,,,,,,,,,,,,,,,,,,,,,,,,,,,,,,,,,,False,,,,,,,,,,,,graph_conv_model,deepchem,,,,,,,,,,,,,,,,,,,,,,,,,,,,,,,,,,,,,,,simple_standardisation,custom_standardizer,,,,,,,,,,,True,,,,,,,,,,,,,,,,COMPLETE
17,17,-inf,2023-12-29 04:24:46.417048,2023-12-29 04:24:46.530683,0 days 00:00:00.113635,,,,,,,,,,,,,,,,,,,,,,,,,,,,,,,,,,,,,256.0,,,,,,,,,,,,,,,,,,,,,,,,,,,,,,,,,,,,,,,,,,,,601.0,,,,,,,,,,,,,,,,,,,,,,,,,,,,,,,,,,,,,,,,,,,,,,,,,,,,,,,,,,,,,,,,,,,,,,,,,,,,,,,,,,,,,,gat_model,deepchem,,,,,,,,,,,,,,,,,,,,,,,,,,,,,,,,,,,,,,,simple_standardisation,custom_standardizer,,,,,,,,,True,,,,True,,,True,,,,,,,,,,,COMPLETE
18,18,-inf,2023-12-29 04:24:46.546858,2023-12-29 04:25:43.788626,0 days 00:00:57.241768,mixed,,,,,,,,,,,,,,,0.6472870341189028,,,,,,,,,,,,,,,,,,,,,,,,,,,,,,,multinomial_nb_model,,,,,,,,,,,,,,,,,,,,,,,,,,,,,,,,,,,,,,,,atom_pair,mol2vec,pass_through_transformer,,,,,,,,,,,,,,,,,,,,,,,,,,,,,,,,,,,,,,,,,,,,,,,,,,,,,,,,,,,,,,,,,,,,,,,,,,,,,,,sklearn,,,,,,,,,,,,,,,,,,,,,,,,,,,,,,,,,,,,,,,simple_standardisation,custom_standardizer,,,,,,,,,,,,,,,,,,,,,,,,,,,COMPLETE
19,19,0.5536583391875908,2023-12-29 04:25:43.835683,2023-12-29 04:49:53.782993,0 days 00:24:09.947310,,,keras_rnn,,,,,,,,,,,,,,,,,,,,,,,,,,,,,,,,,,,,32.0,,,,,,,,,,,,,,,,,,,,,,,,,tanh,0.49495189850198074,,240.0,,,,,,,,,,,,,,,,100.0,,,,,,,2D,,,,,,,,,,,,,,,0.21637093454838338,0.09592293979733951,,78.0,60.0,,,,,,,,,,,,,,,,,,,,,,,,,,,,,,,,,,,,,,,,0.2874109288171366,0.3140292865677432,,44.0,67.0,,,,,,,,,,,,,,,keras,,,,,,,,,,,,,,,2.0,,,2.0,,,,,,,,,,,,,,,,,,,,,simple_standardisation,custom_standardizer,,,,,,,,,,,,,,,,,,,,,,,,,,,COMPLETE
20,20,-inf,2023-12-29 04:49:53.803780,2023-12-29 05:49:54.196454,0 days 01:00:00.392674,,,,,,,,,,,,,,,,,,,,,,,,,,,,,,,,,,,,,128.0,,,,,,,,,,,,,,,,,,,,,,,,,,,,,,,,,,,,,0.5,,,,,,,831.0,,,,,,,,,,,,,,,,,,,,,,,,,,,,,,,,,,,,,,,,,,,,,,,,,,,,,,,,,,,,,,,,,,,,,,,,,,,,,,,,7.0,,,,,,pagtn_model,deepchem,,,,,,,,,,,,,,,,,,,,,,,,,1.0,,4.0,,,,,,,,,,,,simple_standardisation,custom_standardizer,,,,,,,,,,,,,,,,,,,,,,,,,,,COMPLETE
21,21,0.6034557634320098,2023-12-29 05:49:54.228531,2023-12-29 06:06:24.194318,0 days 00:16:29.965787,,,,,,,,,,,,,,,,,,,,,,,,,,,,,,,,,,,,,512.0,,,,,,,,,,,,,,,,,,,,,,,,,,,,,,,,,,,,,,0.0,,,,,,453.0,,,,,,,,,,,,,,,,,,,,,,,,,,,,,,,,,,,,,,,,,,,,,,,,,,,,,,,,,,,,,,,,,,,,,,,,,,,,,,,,,,,,,,text_cnn_model,deepchem,,,,,,100.0,,,,,,,,,,,,,,,,,,,,,,,,,,,,,,,,,,basic_standardizer,,,,,,,,,,,,,,,,,,,,,,,,,,,COMPLETE
22,22,0.6004515922456565,2023-12-29 06:06:24.213111,2023-12-29 06:34:31.848086,0 days 00:28:07.634975,,,,,,,,,,,,,,,,,,,,,,,,,,,,,,,,,,,,,8.0,,,,,,,,,,,,,,,,,,,,,,,,,,,,,,,,,,,,,,0.0,,,,,,310.0,,,,,,,,,,,,,,,,,,,,,,,,,,,,,,,,,,,,,,,,,,,,,,,,,,,,,,,,,,,,,,,,,,,,,,,,,,,,,,,,,,,,,,text_cnn_model,deepchem,,,,,,100.0,,,,,,,,,,,,,,,,,,,,,,,,,,,,,,,,,,chembl_standardizer,,,,,,,,,,,,,,,,,,,,,,,,,,,COMPLETE
23,23,0.5564144218473246,2023-12-29 06:34:31.865870,2023-12-29 07:34:45.178893,0 days 01:00:13.313023,,,,,,,,,,,,,,,,,,,,,,,,,,,,,,,,,,,,,128.0,,,,,,,,,,,,,,,,,,,,,,,,,,,,,,,,,,0.25,,,,,,,,,,515.0,,,,,,,,,,,,,,,,,,,,,,,,,,,,,,,,,,,,,,,,,,,,,,,,,,,,,,,,,,,,"[200, 100]",[500],,,,,,,,,,,,,,,,,,,,,,,,,dag_model,deepchem,,,,,,,,,,,,,64.0,,,,,,,,,,,,,,,,,,,,,,,,,,,basic_standardizer,,,,,,,,,,,,,,,,,,,,,,,,,,,COMPLETE
24,24,0.5707125103780917,2023-12-29 07:34:45.196249,2023-12-29 07:50:46.720614,0 days 00:16:01.524365,,,,,,,,,,,,,,,,,,,,,,,,,,,,,,,,,,,,,64.0,,,,,,,,,,,,,,,,,,,,,,,,,,,,,,,,,,,,,,,,32.0,,,,250.0,,,,,,,,,,,,,64.0,,,,,,,,,,,,,,,,,,,,,,,,,,,,,,,,,,,,5.0,,,,,,,,,,,,,,,,,,,,,,,,,,,,,,,,,,,,,smiles_to_vec_model,deepchem,,,,,,,,,,,,,,,,,,,,,,,,,,,,,,,,,,,,,,,simple_standardisation,custom_standardizer,,,,2.0,,,,,,,,,,,,,,,,,,,,,,,COMPLETE
25,25,0.5734019803409682,2023-12-29 07:50:46.745713,2023-12-29 08:23:58.314253,0 days 00:33:11.568540,,,,,,,,,,,,,,,,,,,,,,,,,,,,,,,,,,,,,32.0,,,,,,,,,,,,,,,,,,,,,,,,,,,,,,,,,,,,,,0.0,,,,,,728.0,,,,,,,,,,,,,,,,,,,,,,,,,,,,,,,,,,,,,,,,,,,,,,,,,,,,,,,,,,,,,,,,,,,,,,,,,,,,,,,,,,,,,,text_cnn_model,deepchem,,,,,,100.0,,,,,,,,,,,,,,,,,,,,,,,,,,,,,,,,,heavy_standardisation,custom_standardizer,,,,,,,,,,,,,,,,,,,,,,,,,,,COMPLETE
26,26,0.5938268952814699,2023-12-29 08:23:58.336591,2023-12-29 08:56:51.922434,0 days 00:32:53.585843,,,,,,,,,,,,,,,,,,,,,,,,,,,,,,,,,,,,,16.0,,,,,,,,,,,,,,,,,,,,,,,,,,,,,,,,,,,,,,0.25,,,,,,557.0,,,,,,,,,,,,,,,,,,,,,,,,,,,,,,,,,,,,,,,,,,,,,,,,,,,,,,,,,,,,,,,,,,,,,,,,,,,,,,,,,,,,,,text_cnn_model,deepchem,,,,,,50.0,,,,,,,,,,,,,,,,,,,,,,,,,,,,,,,,,,basic_standardizer,,,,,,,,,,,,,,,,,,,,,,,,,,,COMPLETE
27,27,0.6329680798761081,2023-12-29 08:56:51.943213,2023-12-29 09:13:51.493283,0 days 00:16:59.550070,,,,,,,,,,,,,,,,,,,,,,,,,,,,,,,,,,,,,128.0,,,,,,,,,,,,,,,,,,,,,,,,,,,,,,,,,,,,,,0.0,,,,,,407.0,,,,,,,,,,,,,,,,,,,,,,,,,,,,,,,,,,,,,,,,,,,,,,,,,,,,,,,,,,,,,,,,,,,,,,,,,,,,,,,,,,,,,,text_cnn_model,deepchem,,,,,,100.0,,,,,,,,,,,,,,,,,,,,,,,,,,,,,,,,,,chembl_standardizer,,,,,,,,,,,,,,,,,,,,,,,,,,,COMPLETE
28,28,0.5416634146371522,2023-12-29 09:13:51.561167,2023-12-29 09:59:37.172455,0 days 00:45:45.611288,,,keras_bidirectional_rnn,,,,,,,,,,,,,,,,,,,,,,,,,,,,,,,,,256.0,,,,,,,,,,,,,,,,,,,,,,,,,,,,tanh,0.026342827394213286,,256.0,,,,,,,,,,,,,300.0,,,,,,,,,,2D,,,,,,,,,,,,,,,0.037260182459168845,0.48346033899588403,0.28234004390355766,246.0,247.0,78.0,,,,,,,,,,,,,,,,,,,,,,,,,,,,,,,,,,,,,,,0.0034891050516786537,,,255.0,,,,,,,,,,,,,,,,keras,,,,,,,,,,,,,,,3.0,,,1.0,,,,,,,,,,,,,,,,,,,,,,chembl_standardizer,,,,,,,,,,,,,,,,,,,,,,,,,,,COMPLETE
29,29,0.6166145801479953,2023-12-29 09:59:37.191152,2023-12-29 10:27:07.163340,0 days 00:27:29.972188,layered,,,,,1.340994920113281,,,,,,,,,,,,,,,,,,,,,,,,,,,,,,,,,,,,,,,,,passive_aggressive_classifier_model,,,,,,,,,,,,,,,,,,,,,,,,,,,,,,,,,,,,,,,,,,boruta_algorithm,,,,,,,,2048.0,,,,,,,,,,,,,,,,,,,,,,,,,,,,,,,,,,,,,,,,,,,,,,,,,,,,,,,,,,,,7.0,,,,,,,,2.0,,,sklearn,,,,,,,,,,,,,,,,,,,,,,,,,,,,,,,,,,,,,,,,chembl_standardizer,,,,,True,,,,,,,,,,,,,,,,,,,,,,COMPLETE
30,30,0.5743306976129651,2023-12-29 10:27:07.284101,2023-12-29 11:08:59.820590,0 days 00:41:52.536489,,,,,,,,,,,,,,,,,,,,,,,,,,,,,,,,,,,,,128.0,,,,,,,,,,,,,,,,,,,,,,,,,,,,,,,,,,,,,0.0,,,,,,,100.0,,,,,,,,,,,,,,,,,,,,,,,,,,,,,,,,,,,,,,,,,,,,,,,,,,,,,,,,,,,,,,,,,,,,,,,,,,,,,,,,20.0,,,,,,pagtn_model,deepchem,,,,,,,,,,,,,,,,,,,,,,,,,2.0,,2.0,,,,,,,,,,,,,chembl_standardizer,,,,,,,,,,,,,,,,,,,,,,,,,,,COMPLETE
31,31,0.6266224435149917,2023-12-29 11:08:59.852147,2023-12-29 11:39:36.877866,0 days 00:30:37.025719,layered,,,,,0.7190026131043847,,,,,,,,,,,,,,,,,,,,,,,,,,,,,,,,,,,,,,,,,passive_aggressive_classifier_model,,,,,,,,,,,,,,,,,,,,,,,,,,,,,,,,,,,,,,,,,,boruta_algorithm,,,,,,,,2048.0,,,,,,,,,,,,,,,,,,,,,,,,,,,,,,,,,,,,,,,,,,,,,,,,,,,,,,,,,,,,7.0,,,,,,,,2.0,,,sklearn,,,,,,,,,,,,,,,,,,,,,,,,,,,,,,,,,,,,,,,,chembl_standardizer,,,,,True,,,,,,,,,,,,,,,,,,,,,,COMPLETE
32,32,0.5843044626334366,2023-12-29 11:39:36.908608,2023-12-29 12:09:47.023429,0 days 00:30:10.114821,layered,,,,,,,,,,,,,,,,0.5438270699893226,,,,,,,,,,,,,,,,,,,,,,,,,,,,,,perceptron_model,,,,,,,,,,,,,,,,,,,,,,,,,,,,,,,,,,,,,,,,,,boruta_algorithm,,,,,,,,2048.0,,,,,,,,,,,,,,,,,,,,,,,,,,,,,,,,,,,,,,,,,,,,,,,,,,,,,,,,,,,,6.0,,,,,,,,3.0,,,sklearn,,,,,,,,,,,,,,,,,,,,,,,,,,,,,,,,,,,,,,,,chembl_standardizer,,,,,True,,,,,,,,,,,,,,,,,,,,,,COMPLETE
33,33,0.6165660170266768,2023-12-29 12:09:47.045007,2023-12-29 12:37:27.832803,0 days 00:27:40.787796,maccs,,,,,,,,,,,,,,,,,,,,,,,,,,,,,,,,,,,,,,,,,,,True,,,extra_trees_classifier_model,,,,,,,,,,,entropy,,,,,,,,,,,,,,,,,,,,,,,,,,,,,,,low_variance_fs,,,,,,,,,,,,,,,,,,,,,,,,,,,,,,,,,,,,,,,,,,,,,,,,,,,,,,,,,,,,,,,,,,,,,sqrt,,,,,,,,,,sklearn,,,,,,,,,,800.0,,,,,,,,,,,,,,,,,,,,,,,,,,,,,,chembl_standardizer,,,,,,0.11545892399954352,,,,,,,,,,,,,,,,,,,,,COMPLETE
34,34,0.5724287806365845,2023-12-29 12:37:27.858997,2023-12-29 13:00:21.886165,0 days 00:22:54.027168,layered,,,,,,,,,,,,,,,,,,,,,,,,,,,,,,,,,,,,,,,,,,,,,,one_class_svm_model,,,,,,,,,,,,,,,4.0,,,,,,,,,,,,,,,,,,,,,,,,,,,boruta_algorithm,,,,,,,,2048.0,,,0.6192568154525486,,,,,,,,,,,,,,,,,,,,,,,,,,linear,,,,,,,,,,,,,,,,,,,,,,,,,,,,,,,10.0,,,,,,,,1.0,,,sklearn,,,,,,,,,,,,,,,,,,,,,,,0.207473996228971,,,,,,,,,,,,,,,,,pass_through_standardizer,,,,,False,,,,,,,,,,,,,,,,,,,,,,COMPLETE
35,35,0.5650679322377838,2023-12-29 13:00:21.913119,2023-12-29 13:31:50.303048,0 days 00:31:28.389929,atom_pair,,,,,,,,relu,,,,,,0.0010296629946437627,,,,,,,,,,,,,,,,,,,,,,,,,,,,,,,,mlp_classifier_model,,,,,,,,,,,,,,,,,,,,,,,,,,,,,,,,,,,,,,,,,,k_best,,,,,,,,,,,,,,,,,,,,,,,,,,,,,,"(100,)",,,,,5.0,,,,,,,,,,,,,,,,,,,,,,,,,,,,,,,,20.0,,,,,,,,1.0,,,,sklearn,1024.0,,,,,,,,,,,,,,,,,,,,,,,,,,,,,,,,,,,,,,,chembl_standardizer,,,,,,,,,,,,,,,,,,,,,,,,,,,COMPLETE
36,36,0.544884085978353,2023-12-29 13:31:50.333294,2023-12-29 14:07:25.450905,0 days 00:35:35.117611,maccs,,,,,,,,,,,,,,,,,,,,,,,,,,,,,,,,,,,,,,,,,,,,,,linear_discriminant_analysis_model,,,,,,,,,,,,,,,,,,,,,,,,,,,,,,,,,,,,,,,,,,k_best,,,,,,,,,,,,,,,,,,,,,,,,,,,,,,,,,,,25.0,,,,,,,,,,,,,,,,,,,,,,,,,,,,,,,,,,,,,,,,,,,,sklearn,,,,,,,,,,,,,,,,,,,,,,,,,,,,,,,,,,,,,,svd,,chembl_standardizer,,,,,,,,,,,,,,,,,,,,,,,,,,,COMPLETE
37,37,-inf,2023-12-29 14:07:25.471058,2023-12-29 15:00:16.492774,0 days 00:52:51.021716,,,,,,,,,,,,,,,,,,,,,,,,,,,,,,,,,,,,,128.0,,,,,,,,,,,,,,,,,,,,,,,,,,,,,,,,,,,,,,,0.5,,,,,579.0,,,,,,,,,,,,,,,,,,,,,,,,,,,,,,,,,,,,,,,,,,,,,,,,,,,,,,,,,,,,,,,,,,,,,,,,,,,,,,,,,,,,,,weave_model,deepchem,,,,,,,,,,,,,,64.0,,,100.0,,,,,,,,,,,,,,,,,,,,,,simple_standardisation,custom_standardizer,,,,,,,,,,,,False,,,,,,,,,,,,,,,COMPLETE
38,38,0.5835827480073237,2023-12-29 15:00:16.563639,2023-12-29 15:25:18.193000,0 days 00:25:01.629361,,,keras_simple_rnn,,,,,,,,,,,,,,,,,,,,,,,,,,,,,,,,,,,,,64.0,,,,,,,,,,,,,,,,,,,,,,,,relu,0.31580101123346793,,32.0,,,,,,,,,,,,,,,,,150.0,,,,,,2D,,,,,,,,,,,,,,,,,,,,,,,,,,,,,,,,,,,,,,,,,,,,,,,,,,,,,,,,,,,,,,,,,,,,,,,,,,,,,,keras,,,,,,,,,,,,,,,,,,,,1.0,,,,,,,,,,,,,,,0.3494233524611743,69.0,,,,pass_through_standardizer,,,,,,,,,,,,,,,,,,,,,,,,,,,COMPLETE
39,39,-inf,2023-12-29 15:25:18.210392,2023-12-29 15:28:26.085953,0 days 00:03:07.875561,mol2vec,,,,,,,,,,,ball_tree,,,,,,,,,,,,,,,,,,,,,,,,,,,,,,,,,,,radius_neighbors_classifier_model,,,,,,,,,,,,,,,,,,,,,,,,,,,,,,,,,,,,,,,,,,select_from_model_fs,,,,,,,,,,,,,,,,,,,,,,,,,,,,,,,,,,,,,,,,,,,,,,,,,,,,,,,7.0,,,,,,,,,,,,,,,,,,,,,,,,sklearn,,,,,,,10.0,,,,,,,,,,,,,,,,,,,,,2.0,,,,,0.0,,,,,,,chembl_standardizer,,,,,,,,,,,,,,,,,,,,,,,,distance,,,COMPLETE
40,40,0.5480130883453719,2023-12-29 15:28:26.151484,2023-12-29 16:06:59.831379,0 days 00:38:33.679895,,,,,,,,,,,,,,,,,,,,,,,,,,,,,,,,,,,,,256.0,,,,,,,,,,,,,,,,,,,,,,,,,,,,,,,,,0.5,,,,,,,,,,,375.0,,,,,,,,,,,,,,,,,,,,,,,100.0,,,,,,,,,,,,,,,,,,,,,,,,,,,,,,,,,,,,,,,,,,,,,,,,,,,,,,,,,,,,,,,attentive_fp_model,deepchem,,,,,,,,,,,,,,,,,,,,,,,,,,1.0,,,,,,,,,,,,,simple_standardisation,custom_standardizer,,,,,,,,False,,,,,,,True,,,,,,,,,,,,COMPLETE
41,41,0.5976073501345732,2023-12-29 16:06:59.892090,2023-12-29 16:37:08.999495,0 days 00:30:09.107405,layered,,,,,0.4419621982999905,,,,,,,,,,,,,,,,,,,,,,,,,,,,,,,,,,,,,,,,,passive_aggressive_classifier_model,,,,,,,,,,,,,,,,,,,,,,,,,,,,,,,,,,,,,,,,,,boruta_algorithm,,,,,,,,2048.0,,,,,,,,,,,,,,,,,,,,,,,,,,,,,,,,,,,,,,,,,,,,,,,,,,,,,,,,,,,,7.0,,,,,,,,2.0,,,sklearn,,,,,,,,,,,,,,,,,,,,,,,,,,,,,,,,,,,,,,,,chembl_standardizer,,,,,True,,,,,,,,,,,,,,,,,,,,,,COMPLETE
42,42,0.6303133383900973,2023-12-29 16:37:09.017554,2023-12-29 17:30:09.402260,0 days 00:53:00.384706,layered,,,,,1.4686592677220305,,,,,,,,,,,,,,,,,,,,,,,,,,,,,,,,,,,,,,,,,passive_aggressive_classifier_model,,,,,,,,,,,,,,,,,,,,,,,,,,,,,,,,,,,,,,,,,,boruta_algorithm,,,,,,,,2048.0,,,,,,,,,,,,,,,,,,,,,,,,,,,,,,,,,,,,,,,,,,,,,,,,,,,,,,,,,,,,8.0,,,,,,,,2.0,,,sklearn,,,,,,,,,,,,,,,,,,,,,,,,,,,,,,,,,,,,,,,,chembl_standardizer,,,,,True,,,,,,,,,,,,,,,,,,,,,,COMPLETE
43,43,0.645600861324679,2023-12-29 17:30:09.432696,2023-12-29 18:21:08.222395,0 days 00:50:58.789699,layered,,,,,,,,,,,,,,,,,,,,,,,,,,,,svc,,,,,,,,,,,,,,True,,True,,bagging_classifier_model,,,,,,,,,,,,,,,,,,,,,,,,,,,,,,,,,,,,,,,,,,boruta_algorithm,,,,,,,,1024.0,,,,,,,,,,,,,,,,,,,,,,,,,,,,,,,,,,,,,,,,,,,,,,,,,,,,,,,,,,,,9.0,,,,,,,,2.0,,,sklearn,,,,,,,,,450.0,,,,,,,,,,,,,,,,,,,,,,,,,,,,,,,chembl_standardizer,,,,,True,,,,,,,,,,,,,,,,,,,,,,COMPLETE
44,44,0.6778084035146061,2023-12-29 18:21:08.241522,2023-12-29 18:55:04.101362,0 days 00:33:55.859840,atom_pair,,,,,,,,,,,,,,,,,,,,,,,,,,,,svc,,,,,,,,,,,,,,True,,True,,bagging_classifier_model,,,,,,,,,,,,,,,,,,,,,,,,,,,,,,,,,,,,,,,,,,low_variance_fs,,,,,,,,,,,,,,,,,,,,,,,,,,,,,,,,,,,,,,,,,,,,,,,,,,,,,,,,,,,,,,,,,,,50.0,,,,,,,,3.0,,,,sklearn,2048.0,,,,,,,,450.0,,,,,,,,,,,,,,,,,,,,,,,,,,,,,,,chembl_standardizer,,,,,,0.006370956805183181,,,,,,,,,,,,,,,,,,,,,COMPLETE
45,45,0.5776989872911726,2023-12-29 18:55:04.124036,2023-12-29 19:21:21.818146,0 days 00:26:17.694110,atom_pair,,,,,,,,,,,,,,,,,,,,,,,,,,,,,,,,,,,,,,,,,,,,,,sgd_one_class_svm_model,,,,,,,,,,,,,,,,,,,,,,,,,,,,,,,,,,,,,,,,,,low_variance_fs,,,,,,,,,,,,,,,,,,,,,,,,,,,,,,,,,,,,,,,,,,,,,,,,,,,,,,,,,,,,,,,,,,,50.0,,,,,,,,3.0,,,,sklearn,2048.0,,,,,,,,,,,,,,,,,,,,,,,0.42471379562096334,,,,,,,,,,,,,,,,chembl_standardizer,,,,,,0.0026707152291311877,0.8432644051338715,,,,,,,,,,,,,,,,,,,,COMPLETE
46,46,0.573600504983552,2023-12-29 19:21:21.851398,2023-12-29 20:57:32.244676,0 days 01:36:10.393278,,,,,,,,,,,,,,,,,,,,,,,,,,,,,,,,,,,,,8.0,,,,,,,,,,,,,,,,,,,,,,,,,,,,,256.0,,,,,,,0.5,,,,,,,,461.0,,,,,,,,,,,,,,,,,,,,,"[256, 128]",,,,,,,,,,,,,,,,,,,,,,,,,,,,,,,,,,,,,,,,,,,,,,,,,,,,,True,,,,,,,,,,,,graph_conv_model,deepchem,,,,,,,,,,,,,,,,,,,,,,,,,,,,,,,,,,,,,,,,pass_through_standardizer,,,,,,,,,,,False,,,,,,,,,,,,,,,,COMPLETE
47,47,0.6332409358135311,2023-12-29 20:57:32.275087,2023-12-29 22:12:11.356771,0 days 01:14:39.081684,atom_pair,keras_1d_cnn,,,,,,,,,,,,,,,,,,,,,,,,,,,,,,,,,16.0,,,,,,,,,,,,,tanh,relu,relu,True,True,True,0.6201559166879088,0.6639838211923976,0.20389493251509522,,,,,,,,tanh,,,128.0,,0.13727958993443395,,,,,,,,,,50.0,,,,,,,,,,,1D,32.0,29.0,5.0,,,,,0.019626959774168742,,,,,,,,,,,,,,,,,,,,,,,,,,,,,61.0,20.0,51.0,,,,,,,,,,,,,,,,,,,,,,,,,,,50.0,,,,,,,,3.0,,,,keras,2048.0,,,,3.0,,,,,,,,,,,,,,,,,,,,,,,,,,,,,,,,,,heavy_standardisation,custom_standardizer,2.0,1.0,1.0,,,,,,,,,,,,,,,,,,,,,,,,COMPLETE
48,48,0.6281151601779872,2023-12-29 22:12:11.406037,2023-12-29 23:30:36.712980,0 days 01:18:25.306943,atom_pair,keras_1d_cnn,,,,,,,,,,,,,,,,,,,,,,,,,,,,,,,,,16.0,,,,,,,,,,,,,tanh,relu,relu,True,True,True,0.6602044328151797,0.6890167642456582,0.17805462894591484,,,,,,,,tanh,,,128.0,,0.08043862339549912,,,,,,,,,,50.0,,,,,,,,,,,1D,31.0,31.0,4.0,,,,,0.010510236679531229,,,,,,,,,,,,,,,,,,,,,,,,,,,,,64.0,17.0,51.0,,,,,,,,,,,,,,,,,,,,,,,,,,,50.0,,,,,,,,3.0,,,,keras,2048.0,,,,3.0,,,,,,,,,,,,,,,,,,,,,,,,,,,,,,,,,,heavy_standardisation,custom_standardizer,2.0,1.0,1.0,,,,,,,,,,,,,,,,,,,,,,,,COMPLETE
49,49,0.6597853560189421,2023-12-29 23:30:36.743050,2023-12-30 00:30:21.490745,0 days 00:59:44.747695,atom_pair,keras_1d_cnn,,,,,,,,,,,,,,,,,,,,,,,,,,,,,,,,,32.0,,,,,,,,,,,,,tanh,tanh,,False,False,,0.2248646737662935,0.007488401284416191,,,,,,,,,tanh,,,128.0,,0.3140238572359627,,,,,,,,,,100.0,,,,,,,,,,,1D,4.0,24.0,,,,,,0.04324073243397601,,,,,,,,,,,,,,,,,,,,,,,,,,,,,52.0,29.0,,,,,,,,,,,,,,,,,,,,,,,,,,,,50.0,,,,,,,,3.0,,,,keras,2048.0,,,,2.0,,,,,,,,,,,,,,,,,,,,,,,,,,,,,,,,,,heavy_standardisation,custom_standardizer,1.0,2.0,,,,,,,,,,,,,,,,,,,,,,,,,COMPLETE
50,50,0.6096275334019543,2023-12-30 00:30:21.513413,2023-12-30 01:25:38.381636,0 days 00:55:16.868223,atom_pair,keras_1d_cnn,,,,,,,,,,,,,,,,,,,,,,,,,,,,,,,,,32.0,,,,,,,,,,,,,relu,,,False,,,0.0711077214697099,,,,,,,,,,tanh,,,192.0,,0.5999800834343176,,,,,,,,,,100.0,,,,,,,,,,,1D,5.0,,,,,,,0.08569816761882332,,,,,,,,,,,,,,,,,,,,,,,,,,,,,31.0,,,,,,,,,,,,,,,,,,,,,,,,,,,,,40.0,,,,,,,,2.0,,,,keras,2048.0,,,,1.0,,,,,,,,,,,,,,,,,,,,,,,,,,,,,,,,,,heavy_standardisation,custom_standardizer,1.0,,,,,,,,,,,,,,,,,,,,,,,,,,COMPLETE
51,51,0.6482992405168663,2023-12-30 01:25:38.409118,2023-12-30 02:14:47.101285,0 days 00:49:08.692167,atom_pair,keras_1d_cnn,,,,,,,,,,,,,,,,,,,,,,,,,,,,,,,,,256.0,,,,,,,,,,,,,tanh,tanh,,False,False,,0.39992215576667756,0.11058871938055781,,,,,,,,,tanh,,,128.0,,0.20494686385433752,,,,,,,,,,100.0,,,,,,,,,,,1D,4.0,24.0,,,,,,0.029695183816562373,,,,,,,,,,,,,,,,,,,,,,,,,,,,,60.0,27.0,,,,,,,,,,,,,,,,,,,,,,,,,,,,50.0,,,,,,,,3.0,,,,keras,2048.0,,,,2.0,,,,,,,,,,,,,,,,,,,,,,,,,,,,,,,,,,heavy_standardisation,custom_standardizer,1.0,2.0,,,,,,,,,,,,,,,,,,,,,,,,,COMPLETE
52,52,0.6015501320639038,2023-12-30 02:14:47.130030,2023-12-30 02:57:38.947889,0 days 00:42:51.817859,atom_pair,keras_1d_cnn,,,,,,,,,,,,,,,,,,,,,,,,,,,,,,,,,256.0,,,,,,,,,,,,,tanh,tanh,,False,False,,0.2782385892045934,0.004609498667737105,,,,,,,,,tanh,,,96.0,,0.3473172618436998,,,,,,,,,,100.0,,,,,,,,,,,1D,4.0,17.0,,,,,,0.04514112239603671,,,,,,,,,,,,,,,,,,,,,,,,,,,,,47.0,40.0,,,,,,,,,,,,,,,,,,,,,,,,,,,,40.0,,,,,,,,3.0,,,,keras,2048.0,,,,2.0,,,,,,,,,,,,,,,,,,,,,,,,,,,,,,,,,,heavy_standardisation,custom_standardizer,1.0,2.0,,,,,,,,,,,,,,,,,,,,,,,,,COMPLETE
53,53,0.6117176833857735,2023-12-30 02:57:38.967023,2023-12-30 03:54:15.343485,0 days 00:56:36.376462,atom_pair,keras_1d_cnn,,,,,,,,,,,,,,,,,,,,,,,,,,,,,,,,,128.0,,,,,,,,,,,,,tanh,tanh,,False,False,,0.3564427141206231,0.0261979319709754,,,,,,,,,tanh,,,192.0,,0.28419313208115804,,,,,,,,,,300.0,,,,,,,,,,,1D,12.0,22.0,,,,,,0.042583989779982734,,,,,,,,,,,,,,,,,,,,,,,,,,,,,48.0,36.0,,,,,,,,,,,,,,,,,,,,,,,,,,,,50.0,,,,,,,,2.0,,,,keras,1024.0,,,,2.0,,,,,,,,,,,,,,,,,,,,,,,,,,,,,,,,,,heavy_standardisation,custom_standardizer,1.0,2.0,,,,,,,,,,,,,,,,,,,,,,,,,COMPLETE
54,54,0.5286564831619278,2023-12-30 03:54:15.378097,2023-12-30 04:45:58.816723,0 days 00:51:43.438626,rdk,keras_tabular_transformer,,,,,,,,,,,,,,,,,,,0.36495516982841697,0.0021621131233043878,,,16.0,2.0,,,,,,,,,,,,,,,256.0,,,,,,,,,,,,,,,,,,,,,,,relu,0.22175764180809188,,88.0,,,,,,,,,,,32.0,,,,,,,200.0,,,,,1D,,,,,,,1024.0,,,,,,,,,,,,,,,,,,,,,,,,,,,,,,,,,,,,,,,,,,,,,,,,,,,,,,,,,,,,,,,,,5.0,,,,3.0,,keras,,1.0,2.0,,,,,,,,,,,,,,,,,,,,,,,,,,,,,,,,,,,,heavy_standardisation,custom_standardizer,,,,,,,,,,,,,,,,,,,,,,,,,,,COMPLETE
55,55,0.5858940900741905,2023-12-30 04:45:58.836292,2023-12-30 05:38:52.349476,0 days 00:52:53.513184,,,keras_bidirectional_rnn,,,,,,,,,,,,,,,,,,,,,,,,,,,,,,,,,128.0,,,,,,,,,,,,,,,,,,,,,,,,,,,,tanh,0.4177623470459267,,176.0,,,,,,,,,,,,,50.0,,,,,,,,,,2D,,,,,,,,,,,,,,,0.49677894480443524,,,24.0,,,,,,,,,,,,,,,,,,,,,,,,,,,,,,,,,,,,,,,,,0.49958585009413564,0.013108636255854511,0.35080256976208685,197.0,255.0,121.0,,,,,,,,,,,,,,keras,,,,,,,,,,,,,,,1.0,,,3.0,,,,,,,,,,,,,,,,,,,,,simple_standardisation,custom_standardizer,,,,,,,,,,,,,,,,,,,,,,,,,,,COMPLETE
56,56,0.6535975220901025,2023-12-30 05:38:52.371236,2023-12-30 06:48:35.276676,0 days 01:09:42.905440,mixed,keras_1d_cnn,,,,,,,,,,,,,,,,,,,,,,,,,,,,,,,,,64.0,,,,,,,,,,,,,tanh,,,False,,,0.23166426494820547,,,,,,,,,,tanh,,,96.0,,0.48235644446391696,,,,,,,,,,100.0,,,,,,,,maccs,layered,,1D,13.0,,,,,,,0.037133377945888155,,,,,,,,,,,,,,,,,,,,,,,,,,,,,54.0,,,,,,,,,,,,,,,,,,,,,,,,,,,,,,,,,,,,,,,,,keras,,,,,1.0,,,,,,,,,,,,,,,,,,,,,,,,,,,,,,,,,,heavy_standardisation,custom_standardizer,1.0,,,,,,,,,,,,,,,,,,,,,,,,,,COMPLETE
57,57,0.6326005424951192,2023-12-30 06:48:35.302058,2023-12-30 07:47:56.242536,0 days 00:59:20.940478,mixed,keras_1d_cnn,,,,,,,,,,,,,,,,,,,,,,,,,,,,,,,,,64.0,,,,,,,,,,,,,tanh,,,False,,,0.22241814970670212,,,,,,,,,,tanh,,,96.0,,0.4705366401766461,,,,,,,,,,100.0,,,,,,,,maccs,layered,,1D,14.0,,,,,,,0.03651423841425769,,,,,,,,,,,,,,,,,,,,,,,,,,,,,54.0,,,,,,,,,,,,,,,,,,,,,,,,,,,,,,,,,,,,,,,,,keras,,,,,1.0,,,,,,,,,,,,,,,,,,,,,,,,,,,,,,,,,,heavy_standardisation,custom_standardizer,1.0,,,,,,,,,,,,,,,,,,,,,,,,,,COMPLETE
58,58,0.6160961241606058,2023-12-30 07:47:56.266472,2023-12-30 08:44:53.607645,0 days 00:56:57.341173,mixed,keras_1d_cnn,,,,,,,,,,,,,,,,,,,,,,,,,,,,,,,,,256.0,,,,,,,,,,,,,tanh,tanh,,False,False,,0.43527663982904796,0.19631311283614514,,,,,,,,,tanh,,,160.0,,0.29367563095595156,,,,,,,,,,100.0,,,,,,,,morgan,layered,,1D,9.0,6.0,,,,,,0.03140442605234369,,,,,,,,,,,,,,,,,,,,,,,,,,,,,55.0,30.0,,,,,,,,,,,,,,,,,,,,,,,,,,,,,,,,,,,,,,,,keras,,,,,2.0,,,,,,,,,,,,,,,,,,,,,,,,,,,,,,,,,,heavy_standardisation,custom_standardizer,1.0,2.0,,,,,,,,,,,,,,,,,,,,,,,,,COMPLETE
59,59,0.6222370444757549,2023-12-30 08:44:53.645268,2023-12-30 09:51:40.964842,0 days 01:06:47.319574,morgan,keras_1d_cnn,,,,,,,,,,,,,,,,,,,,,,,,,,,,,,,,,32.0,,,,,,,,,,,,,tanh,,,False,,,0.16750326305728835,,,,,,,,,,tanh,,,64.0,,0.7282657277345835,,,,,,,,,,200.0,,,,,,,,,,,1D,21.0,,,,,,,0.05798693128628689,,,,,,,,,,,,,,,,,,,,,,,,,,,,,17.0,,,,,,,,,,,,,,,,,,,,,,,,,,,,,,,,,,,,,,,,,keras,,,,1024.0,1.0,,,,,,,,,,,,,,,,,,,,,,,,,,,2.0,,,,,,,heavy_standardisation,custom_standardizer,1.0,,,,,,,,,,,,,,,,,,,,,,,,,,COMPLETE
60,60,0.635463530198771,2023-12-30 09:51:40.985490,2023-12-30 10:43:13.677691,0 days 00:51:32.692201,mixed,keras_1d_cnn,,,,,,,,,,,,,,,,,,,,,,,,,,,,,,,,,64.0,,,,,,,,,,,,,relu,tanh,,False,False,,0.4079951270322433,0.2493262562259584,,,,,,,,,tanh,,,128.0,,0.47749082076965177,,,,,,,,,,30.0,,,,,,,,layered,morgan,,1D,18.0,22.0,,,,,,0.02776372926688784,,,,,,,,,,,,,,,,,,,,,,,,,,,,,40.0,64.0,,,,,,,,,,,,,,,,,,,,,,,,,,,,,,,,,,,,,,,,keras,,,,,2.0,,,,,,,,,,,,,,,,,,,,,,,,,,,,,,,,,,heavy_standardisation,custom_standardizer,1.0,2.0,,,,,,,,,,,,,,,,,,,,,,,,,COMPLETE
61,61,0.6311253305389635,2023-12-30 10:43:13.700508,2023-12-30 12:00:44.838319,0 days 01:17:31.137811,atom_pair,keras_1d_cnn,,,,,,,,,,,,,,,,,,,,,,,,,,,,,,,,,32.0,,,,,,,,,,,,,tanh,,,False,,,0.011118653024130232,,,,,,,,,,tanh,,,64.0,,0.20261469364400678,,,,,,,,,,500.0,,,,,,,,,,,1D,7.0,,,,,,,0.05076236765896355,,,,,,,,,,,,,,,,,,,,,,,,,,,,,55.0,,,,,,,,,,,,,,,,,,,,,,,,,,,,,40.0,,,,,,,,3.0,,,,keras,2048.0,,,,1.0,,,,,,,,,,,,,,,,,,,,,,,,,,,,,,,,,,heavy_standardisation,custom_standardizer,1.0,,,,,,,,,,,,,,,,,,,,,,,,,,COMPLETE
62,62,-inf,2023-12-30 12:00:44.869699,2023-12-30 13:00:44.965696,0 days 01:00:00.095997,morgan,keras_tabular_transformer,,,,,,,,,,,,,,,,,,,0.03789935404884953,,,,4.0,,,,,,,,,,,,,,,,16.0,,,,,,,,,,,,,,,,,,,,,,,relu,0.18576626285062756,,112.0,,,,,,,,,,,64.0,,,,,,,300.0,,,,,1D,,,,,,,,,,,,,,,,,,,,,,,,,,,,,,,,,,,,,,,,,,,,,,,,,,,,,,,,,,,,,,,,,,,,,,,,,,,,,,keras,,2.0,1.0,2048.0,,,,,,,,,,,,,,,,,,,,,,,,,,,,2.0,,,,,,,simple_standardisation,custom_standardizer,,,,,,,,,,,,,,,,,,,,,,,,,,,COMPLETE
63,63,0.6535939273253782,2023-12-30 13:00:45.002489,2023-12-30 13:59:29.739173,0 days 00:58:44.736684,atom_pair,,,,,,,,,,,,,,,,,,,,,,,,,,,,svc,,,,,,,,,,,,,,True,,True,,bagging_classifier_model,,,,,,,,,,,,,,,,,,,,,,,,,,,,,,,,,,,,,,,,,,low_variance_fs,,,,,,,,,,,,,,,,,,,,,,,,,,,,,,,,,,,,,,,,,,,,,,,,,,,,,,,,,,,,,,,,,,,50.0,,,,,,,,3.0,,,,sklearn,2048.0,,,,,,,,450.0,,,,,,,,,,,,,,,,,,,,,,,,,,,,,,heavy_standardisation,custom_standardizer,,,,,,0.002297265900917447,,,,,,,,,,,,,,,,,,,,,COMPLETE
64,64,0.6582168534188926,2023-12-30 13:59:29.770865,2023-12-30 14:52:23.792651,0 days 00:52:54.021786,atom_pair,,,,,,,,,,,,,,,,,,,,,,,,,,,,svc,,,,,,,,,,,,,,True,,True,,bagging_classifier_model,,,,,,,,,,,,,,,,,,,,,,,,,,,,,,,,,,,,,,,,,,low_variance_fs,,,,,,,,,,,,,,,,,,,,,,,,,,,,,,,,,,,,,,,,,,,,,,,,,,,,,,,,,,,,,,,,,,,50.0,,,,,,,,3.0,,,,sklearn,2048.0,,,,,,,,450.0,,,,,,,,,,,,,,,,,,,,,,,,,,,,,,heavy_standardisation,custom_standardizer,,,,,,0.007352565595911794,,,,,,,,,,,,,,,,,,,,,COMPLETE
65,65,0.6483776185796576,2023-12-30 14:52:23.812145,2023-12-30 15:33:20.686452,0 days 00:40:56.874307,atom_pair,,,,,,,,,,,,,,,,,,,,,,,,,,,,svc,,,,,,,,,,,,,,True,,True,,bagging_classifier_model,,,,,,,,,,,,,,,,,,,,,,,,,,,,,,,,,,,,,,,,,,low_variance_fs,,,,,,,,,,,,,,,,,,,,,,,,,,,,,,,,,,,,,,,,,,,,,,,,,,,,,,,,,,,,,,,,,,,50.0,,,,,,,,3.0,,,,sklearn,2048.0,,,,,,,,450.0,,,,,,,,,,,,,,,,,,,,,,,,,,,,,,heavy_standardisation,custom_standardizer,,,,,,0.004225291112763131,,,,,,,,,,,,,,,,,,,,,COMPLETE
66,66,0.665699485729111,2023-12-30 15:33:20.709478,2023-12-30 16:15:07.365570,0 days 00:41:46.656092,atom_pair,,,,,,,,,,,,,,,,,,,,,,,,,,,,svc,,,,,,,,,,,,,,True,,True,,bagging_classifier_model,,,,,,,,,,,,,,,,,,,,,,,,,,,,,,,,,,,,,,,,,,low_variance_fs,,,,,,,,,,,,,,,,,,,,,,,,,,,,,,,,,,,,,,,,,,,,,,,,,,,,,,,,,,,,,,,,,,,50.0,,,,,,,,3.0,,,,sklearn,2048.0,,,,,,,,450.0,,,,,,,,,,,,,,,,,,,,,,,,,,,,,,heavy_standardisation,custom_standardizer,,,,,,0.003799666732368298,,,,,,,,,,,,,,,,,,,,,COMPLETE
67,67,0.6505295981454303,2023-12-30 16:15:07.392640,2023-12-30 16:55:56.290138,0 days 00:40:48.897498,atom_pair,,,,,,,,,,,,,,,,,,,,,,,,,,,,svc,,,,,,,,,,,,,,True,,True,,bagging_classifier_model,,,,,,,,,,,,,,,,,,,,,,,,,,,,,,,,,,,,,,,,,,low_variance_fs,,,,,,,,,,,,,,,,,,,,,,,,,,,,,,,,,,,,,,,,,,,,,,,,,,,,,,,,,,,,,,,,,,,50.0,,,,,,,,3.0,,,,sklearn,2048.0,,,,,,,,450.0,,,,,,,,,,,,,,,,,,,,,,,,,,,,,,heavy_standardisation,custom_standardizer,,,,,,0.0031642338873372465,,,,,,,,,,,,,,,,,,,,,COMPLETE
68,68,0.6561580298894808,2023-12-30 16:55:56.310362,2023-12-30 17:34:55.944227,0 days 00:38:59.633865,atom_pair,,,,,,,,,,,,,,,,,,,,,,,,,,,,svc,,,,,,,,,,,,,,True,,True,,bagging_classifier_model,,,,,,,,,,,,,,,,,,,,,,,,,,,,,,,,,,,,,,,,,,low_variance_fs,,,,,,,,,,,,,,,,,,,,,,,,,,,,,,,,,,,,,,,,,,,,,,,,,,,,,,,,,,,,,,,,,,,50.0,,,,,,,,3.0,,,,sklearn,2048.0,,,,,,,,450.0,,,,,,,,,,,,,,,,,,,,,,,,,,,,,,heavy_standardisation,custom_standardizer,,,,,,0.005061215545519049,,,,,,,,,,,,,,,,,,,,,COMPLETE
69,69,0.6664402615560937,2023-12-30 17:34:55.965040,2023-12-30 18:15:32.975658,0 days 00:40:37.010618,atom_pair,,,,,,,,,,,,,,,,,,,,,,,,,,,,svc,,,,,,,,,,,,,,True,,True,,bagging_classifier_model,,,,,,,,,,,,,,,,,,,,,,,,,,,,,,,,,,,,,,,,,,low_variance_fs,,,,,,,,,,,,,,,,,,,,,,,,,,,,,,,,,,,,,,,,,,,,,,,,,,,,,,,,,,,,,,,,,,,50.0,,,,,,,,3.0,,,,sklearn,2048.0,,,,,,,,450.0,,,,,,,,,,,,,,,,,,,,,,,,,,,,,,heavy_standardisation,custom_standardizer,,,,,,0.0060028345496873714,,,,,,,,,,,,,,,,,,,,,COMPLETE
70,70,0.644279467285499,2023-12-30 18:15:32.997520,2023-12-30 19:07:53.388412,0 days 00:52:20.390892,2d_descriptors,,,,,,,,,,,,,,,,,,,,,,,,,,,,svc,,,,,,,,,,,,,,True,,True,,bagging_classifier_model,,,,,,,,,,,,,,,,,,,,,,,,,,,,,,,,,,,,,,,,,,low_variance_fs,,,,,,,,,,,,,,,,,,,,,,,,,,,,,,,,,,,,,,,,,,,,,,,,,,,,,,,,,,,,,,,,,,,,,,,,,,,,,,,sklearn,,,,,,,,,450.0,,,,,,,,,,,,,,,,,,,,,,,,,,,,standard_scaler,,heavy_standardisation,custom_standardizer,,,,,,0.018785030866198392,,,,,,,,,,,,,,,,,,,False,True,COMPLETE
71,71,0.672680198386401,2023-12-30 19:07:53.471726,2023-12-30 20:10:12.002876,0 days 01:02:18.531150,atom_pair,,,,,,,,,,,,,,,,,,,,,,,,,,,,svc,,,,,,,,,,,,,,True,,True,,bagging_classifier_model,,,,,,,,,,,,,,,,,,,,,,,,,,,,,,,,,,,,,,,,,,low_variance_fs,,,,,,,,,,,,,,,,,,,,,,,,,,,,,,,,,,,,,,,,,,,,,,,,,,,,,,,,,,,,,,,,,,,50.0,,,,,,,,3.0,,,,sklearn,2048.0,,,,,,,,450.0,,,,,,,,,,,,,,,,,,,,,,,,,,,,,,heavy_standardisation,custom_standardizer,,,,,,0.0064641482369995375,,,,,,,,,,,,,,,,,,,,,COMPLETE
72,72,0.677401857164855,2023-12-30 20:10:12.024335,2023-12-30 20:56:30.472338,0 days 00:46:18.448003,atom_pair,,,,,,,,,,,,,,,,,,,,,,,,,,,,svc,,,,,,,,,,,,,,True,,True,,bagging_classifier_model,,,,,,,,,,,,,,,,,,,,,,,,,,,,,,,,,,,,,,,,,,low_variance_fs,,,,,,,,,,,,,,,,,,,,,,,,,,,,,,,,,,,,,,,,,,,,,,,,,,,,,,,,,,,,,,,,,,,50.0,,,,,,,,3.0,,,,sklearn,2048.0,,,,,,,,450.0,,,,,,,,,,,,,,,,,,,,,,,,,,,,,,heavy_standardisation,custom_standardizer,,,,,,0.021241878246305863,,,,,,,,,,,,,,,,,,,,,COMPLETE
73,73,0.6754997287921383,2023-12-30 20:56:30.496782,2023-12-30 21:42:33.299281,0 days 00:46:02.802499,atom_pair,,,,,,,,,,,,,,,,,,,,,,,,,,,,svc,,,,,,,,,,,,,,True,,True,,bagging_classifier_model,,,,,,,,,,,,,,,,,,,,,,,,,,,,,,,,,,,,,,,,,,low_variance_fs,,,,,,,,,,,,,,,,,,,,,,,,,,,,,,,,,,,,,,,,,,,,,,,,,,,,,,,,,,,,,,,,,,,50.0,,,,,,,,3.0,,,,sklearn,2048.0,,,,,,,,450.0,,,,,,,,,,,,,,,,,,,,,,,,,,,,,,heavy_standardisation,custom_standardizer,,,,,,0.01098872342592432,,,,,,,,,,,,,,,,,,,,,COMPLETE
74,74,0.6823421108346912,2023-12-30 21:42:33.322523,2023-12-30 22:28:45.230949,0 days 00:46:11.908426,atom_pair,,,,,,,,,,,,,,,,,,,,,,,,,,,,svc,,,,,,,,,,,,,,True,,True,,bagging_classifier_model,,,,,,,,,,,,,,,,,,,,,,,,,,,,,,,,,,,,,,,,,,low_variance_fs,,,,,,,,,,,,,,,,,,,,,,,,,,,,,,,,,,,,,,,,,,,,,,,,,,,,,,,,,,,,,,,,,,,50.0,,,,,,,,3.0,,,,sklearn,2048.0,,,,,,,,450.0,,,,,,,,,,,,,,,,,,,,,,,,,,,,,,heavy_standardisation,custom_standardizer,,,,,,0.02463005847000414,,,,,,,,,,,,,,,,,,,,,COMPLETE
75,75,0.6788938349726222,2023-12-30 22:28:45.257549,2023-12-30 22:53:49.940880,0 days 00:25:04.683331,atom_pair,,,,,,,,,,,,,,,,,,,,,,,,,,,,svc,,,,,,,,,,,,,,True,,True,,bagging_classifier_model,,,,,,,,,,,,,,,,,,,,,,,,,,,,,,,,,,,,,,,,,,low_variance_fs,,,,,,,,,,,,,,,,,,,,,,,,,,,,,,,,,,,,,,,,,,,,,,,,,,,,,,,,,,,,,,,,,,,50.0,,,,,,,,3.0,,,,sklearn,2048.0,,,,,,,,450.0,,,,,,,,,,,,,,,,,,,,,,,,,,,,,,,pass_through_standardizer,,,,,,0.0325908585338579,,,,,,,,,,,,,,,,,,,,,COMPLETE
76,76,0.6786384071309876,2023-12-30 22:53:49.972561,2023-12-30 23:17:39.304421,0 days 00:23:49.331860,atom_pair,,,,,,,,,,,,,,,,,,,,,,,,,,,,svc,,,,,,,,,,,,,,True,,True,,bagging_classifier_model,,,,,,,,,,,,,,,,,,,,,,,,,,,,,,,,,,,,,,,,,,low_variance_fs,,,,,,,,,,,,,,,,,,,,,,,,,,,,,,,,,,,,,,,,,,,,,,,,,,,,,,,,,,,,,,,,,,,50.0,,,,,,,,3.0,,,,sklearn,2048.0,,,,,,,,450.0,,,,,,,,,,,,,,,,,,,,,,,,,,,,,,,pass_through_standardizer,,,,,,0.033137974679765224,,,,,,,,,,,,,,,,,,,,,COMPLETE
77,77,0.6786384071309876,2023-12-30 23:17:39.323869,2023-12-30 23:40:39.414998,0 days 00:23:00.091129,atom_pair,,,,,,,,,,,,,,,,,,,,,,,,,,,,svc,,,,,,,,,,,,,,True,,False,,bagging_classifier_model,,,,,,,,,,,,,,,,,,,,,,,,,,,,,,,,,,,,,,,,,,low_variance_fs,,,,,,,,,,,,,,,,,,,,,,,,,,,,,,,,,,,,,,,,,,,,,,,,,,,,,,,,,,,,,,,,,,,50.0,,,,,,,,3.0,,,,sklearn,2048.0,,,,,,,,350.0,,,,,,,,,,,,,,,,,,,,,,,,,,,,,,,pass_through_standardizer,,,,,,0.03239943121815175,,,,,,,,,,,,,,,,,,,,,COMPLETE
78,78,0.6082966200002071,2023-12-30 23:40:39.435524,2023-12-30 23:59:50.733898,0 days 00:19:11.298374,atom_pair,,,,,,,,,,,,0.20505882329797953,,,,,,,,,,,,,,,,,,,,,,,,,,,,,,,,,,bernoulli_nb_model,,,,,,,,,,,,,,,,,,,,,,,,,,,,,,,,,,,,,,,,,,low_variance_fs,,,,,,,,,,,,,,,,,,,,,,,,,,,,,,,,,,,,,,,,,,,,,,,,,,,,,,,,,,,,,,,,,,,50.0,,,,,,,,3.0,,,,sklearn,2048.0,,,,,,,,,,,,,,,,,,,,,,,,,,,,,,,,,,,,,,,pass_through_standardizer,,,,,,0.03533259937732501,,,,,,,,,,,,,,,,,,,,,COMPLETE
79,79,0.6210607050683915,2023-12-30 23:59:50.752981,2023-12-31 00:26:40.051135,0 days 00:26:49.298154,mol2vec,,,,,,,8.0,,,,,,,,,,,,,,,,,,,,,,,,,,,,,,,,,,,,,,,logistic_regression_cv_model,,,,,,,,,,,,,,,,,,,,,,,,,,,,,,,,,,,,,,,,,,low_variance_fs,,,,,,,,,,,,,,,,,,,,,,,,,,,,,,,,,,,,,,,,,,,,,,,,,,,,,,,,,,,,,,,,,,,,,,,,,,,,,,,sklearn,,,,,,,,,,,,,,,,,,,,,,,,,,,,,,,,,,,,,,,,pass_through_standardizer,,,,,,0.0314561963693177,,,,,,,,,,,,,,,,,,,,,COMPLETE
80,80,0.6451379059260451,2023-12-31 00:26:40.088966,2023-12-31 00:57:25.294737,0 days 00:30:45.205771,rdk,,,,,,,,,,,,,,,,,,,,,,,,,,,,,,,,,,,,,,,,,,,,,,nu_svc_model,,,,,,,,,,,,,,4.0,,,,,,,,,,,,,,,,,,,,,,,,,,,,low_variance_fs,,,,,,,,1024.0,,0.7584265639893986,,,,,,,,,,,,,,,,,,,,,,,,,,poly,,,,,,,,,,,,,,,,,,,,,,,,,,,,,,,,,,,,,6.0,,,,3.0,,sklearn,,,,,,,,,,,,,,,,,,,,,,0.47577049298196,,,,,,,,,,,,,,,,,,pass_through_standardizer,,,,,,0.03311774857140541,,,,,,,,,,,,,,,,,,,,,COMPLETE
81,81,0.672626028704816,2023-12-31 00:57:25.374931,2023-12-31 01:31:20.635976,0 days 00:33:55.261045,atom_pair,,,,,,,,,,,,,,,,,,,,,,,,,,,,svc,,,,,,,,,,,,,,True,,False,,bagging_classifier_model,,,,,,,,,,,,,,,,,,,,,,,,,,,,,,,,,,,,,,,,,,low_variance_fs,,,,,,,,,,,,,,,,,,,,,,,,,,,,,,,,,,,,,,,,,,,,,,,,,,,,,,,,,,,,,,,,,,,50.0,,,,,,,,3.0,,,,sklearn,2048.0,,,,,,,,350.0,,,,,,,,,,,,,,,,,,,,,,,,,,,,,,,pass_through_standardizer,,,,,,0.027193222676443484,,,,,,,,,,,,,,,,,,,,,COMPLETE
82,82,0.6252244283222719,2023-12-31 01:31:20.666762,2023-12-31 01:50:29.930984,0 days 00:19:09.264222,atom_pair,,,,,,,,,,,,,,,,,,,,,,,,,,,,,,,,,,,,,,,,,,,,,,nearest_centroid_model,,,,,,,,,,,,,,,,,,,,,,,,,,,,,,,,,,,,,,,,,,low_variance_fs,,,,,,,,,,,,,,,,,,,,,,,,,,,,,,,,,,,,,,,,,,,,,,,,,,,,,,,,,,,,,,,,,,,50.0,,,,,,,euclidean,3.0,,,,sklearn,2048.0,,,,,,,,,,,,,,,,,,,,,,,,,,,,,,,,,,,,,,,pass_through_standardizer,,,,,,0.02956478835814889,,,,,,,,,,,,,,,,,,,,,COMPLETE
83,83,0.607416195686453,2023-12-31 01:50:29.950377,2023-12-31 02:09:23.569775,0 days 00:18:53.619398,maccs,,,,1.9858337551248408,,,,,,,,,,,,,,,,,,,,,,,,,,,,,,,,,,,,,,,,,,logistic_regression_model,,,,,,,,,,,,,,,,,,,,,,,,,,,,,,,,,,,,,,,,,,percentil_fs,,,,,,,,,,,,,,,,,,,,,,,,,,,,,,,,,,,,,,,,,,,,,,,,,,,,,,,,,,,,,,,,,,,,,,,,,,,,,,,sklearn,,,,,,,,,,,,,,,,,,,,,,,,,,,,,,0.0,,,,,,,,,,pass_through_standardizer,,,,,,,,,,,,,,,,,,,,,,,,,,,COMPLETE
84,84,0.6259099876079699,2023-12-31 02:09:23.599833,2023-12-31 02:27:44.231709,0 days 00:18:20.631876,atom_pair,,,,,,,,,SAMME,,,,,,,,,,,,,,,,,,,,,,,,,,,,,,,,,,,,,ada_boost_classifier_model,,,,,,,,,,,,,,,,,,,,,,,,,,,,,,,,,,,,,,,,,,low_variance_fs,,,,,,,,,,,,,,,,,,,,,,,,,,,,,,,,,,,,,,,,,,,,,,,,,,,,,,,,0.6031392799683899,,,,,,,,,,,50.0,,,,,,,,3.0,,,,sklearn,2048.0,,,,,,,50.0,,,,,,,,,,,,,,,,,,,,,,,,,,,,,,,,pass_through_standardizer,,,,,,0.025474473318072524,,,,,,,,,,,,,,,,,,,,,COMPLETE
85,85,0.603212791008777,2023-12-31 02:27:44.255775,2023-12-31 02:44:52.672659,0 days 00:17:08.416884,atom_pair,,,,,,,,,,,,,,,,,3.4049920690201603,,,,,,,,,,,,,,,,,,,,,,,,,,,,,ridge_classifier_model,,,,,,,,,,,,,,,,,,,,,,,,,,,,,,,,,,,,,,,,,,low_variance_fs,,,,,,,,,,,,,,,,,,,,,,,,,,,,,,,,,,,,,,,,,,,,,,,,,,,,,,,,,,,,,,,,,,,50.0,,,,,,,,3.0,,,,sklearn,2048.0,,,,,,,,,,,,,,,,,,,,,,,,,,,,,,,,,,,,,,,pass_through_standardizer,,,,,,0.04015161264380771,,,,,,,,,,,,,,,,,,,,,COMPLETE
86,86,0.6389152252758531,2023-12-31 02:44:52.699143,2023-12-31 03:01:47.022084,0 days 00:16:54.322941,atom_pair,,,,,,,,,,,,,,,,,,,,,,,,,,,,,,,,,,,,,,,,,,,,,,gradient_boosting_classifier_model,,,,,,,,,,,,friedman_mse,,,,,,,,,,,,,,,,,,,,,,,,,,,,,,pass_through_transformer,,,,,,,,,,,,,,,,,,,,,,,,,,,,,,,,,,,,,,,,,,,,,,,,,,,,,,,,,0.15366495248236067,,exponential,,,,,,,,50.0,,,auto,,,,,3.0,,,,sklearn,2048.0,,,,,,,,,,100.0,,,,,,,,,,,,,,,,,,,,,,,,,,,,,pass_through_standardizer,,,,,,,,,,,,,,,,,,,,,,,,,,,COMPLETE
87,87,0.5825023255670742,2023-12-31 03:01:47.044013,2023-12-31 03:18:33.061021,0 days 00:16:46.017008,2d_descriptors,,,1.9793537544138977,,,,,,,,,,,,,,,,,,,,,,,,,,,,,,,,,,,,,,,,,,,linear_svc_model,,,,,,,,,,,,,,,,,,,,,,,,,,,,,,,,,,,,,,,,,,low_variance_fs,,,,,,,,,,,,,,,,,,,,,,,,,,,,,,,,,,,,,,,,,,,,,,,,,,,,,,,,,,,,,,,,,,,,,,,,,,,,,,,sklearn,,,,,,,,,,,,,,,,,,,,,,,,,,,,,,,,,,,,,binarizer,,,pass_through_standardizer,,,,,,0.02393858949665955,,,,,,,,,,,,,,,,,,,,,COMPLETE
88,88,0.6367107866926378,2023-12-31 03:18:33.097001,2023-12-31 03:35:59.644104,0 days 00:17:26.547103,atom_pair,,,,,,,,,,,,,,,,,,,,,,,,,,,,,,,,,,,,,,,,,,,,,,gaussian_process_classifier_model,,,,,,,,,,,,,,,,,,,,,,,,,,,,,,,,,,,,,,,,,,low_variance_fs,,,,,,,,,,,,,,,,,,,,,,,,,,,,,,,,,,,,,,,,,,,,,,,,,,,,,,,,,,,,,,,,,,,40.0,,,,,,,,3.0,,,,sklearn,2048.0,,,,,,,,,,,,,,,,,,,,,,,,,,,,,,,,,,,,,,,pass_through_standardizer,,,,,,0.04736030197888258,,,,,,,,,,,,,,,,,,,,,COMPLETE
89,89,0.5165768170222638,2023-12-31 03:35:59.675942,2023-12-31 03:57:31.350787,0 days 00:21:31.674845,atom_pair,,,,,,,,,,,,,,,,,,,,,,,,,,,,,,,,,,,,,,,,,,,,,,quadradic_discriminant_analysis_model,,,,,,,,,,,,,,,,,,,,,,,,,,,,,,,,,,,,,,,,,,low_variance_fs,,,,,,,,,,,,,,,,,,,,,,,,,,,,,,,,,,,,,,,,,,,,,,,,,,,,,,,,,,,,,,,,,,,50.0,,,,,,,,3.0,,,,sklearn,2048.0,,,,,,,,,,,,,,,,,,,,,,,,,,,,,,,,,0.3412946320000106,,,,,,pass_through_standardizer,,,,,,0.02027440210486873,,,,,,,,,,,,,,,,,,,,,COMPLETE
90,90,0.5778646383271664,2023-12-31 03:57:31.381701,2023-12-31 04:47:40.870197,0 days 00:50:09.488496,mol2vec,,,,,,,,,,,,,,,,,,,,,,,,,,,,,,,,,,,,,,,,,,,,,,voting_classifier_model,,,,,,,,,,,,,,,,,,,,,,,,,,,,,,,,,,,,,,,,,,percentil_fs,,,,,,,,,,,,,,,,,,,,,,,,,,,,,,,,,,,,,,,,,,,,,,,,,,,,,,,,,,,,,,,,,,,,,,,,,,,,,,,sklearn,,,,,,,,,,,,,,,,,,,,,,,,,,,,,,98.0,,,,,,,,,,basic_standardizer,,,,,,,,,,,,,,,,,,0.7834887805373644,0.9788322370089103,0.8139397884761627,0.200967740988639,0.08673572962540943,,,,,COMPLETE
91,91,0.6733752492362506,2023-12-31 04:47:40.891166,2023-12-31 05:08:25.370424,0 days 00:20:44.479258,atom_pair,,,,,,,,,,,,,,,,,,,,,,,,,,,,svc,,,,,,,,,,,,,,True,,False,,bagging_classifier_model,,,,,,,,,,,,,,,,,,,,,,,,,,,,,,,,,,,,,,,,,,low_variance_fs,,,,,,,,,,,,,,,,,,,,,,,,,,,,,,,,,,,,,,,,,,,,,,,,,,,,,,,,,,,,,,,,,,,50.0,,,,,,,,3.0,,,,sklearn,2048.0,,,,,,,,300.0,,,,,,,,,,,,,,,,,,,,,,,,,,,,,,,pass_through_standardizer,,,,,,0.018127232185373758,,,,,,,,,,,,,,,,,,,,,COMPLETE
92,92,-inf,2023-12-31 05:08:25.389764,2023-12-31 06:08:25.496323,0 days 01:00:00.106559,atom_pair,,,,,,,,,,,,,,,,,,,,,,,,,,,,,,,,,,,,,,,,,,,,,,hist_gradient_boosting_classifier_model,,,,,,,,,,,,,,,,,,,,,,,,,,,,,,,,,,,,,,,,,,low_variance_fs,,,,,,,,,,,,,,,,,,,,,,,,,,,,,,,,,,,,,,,,,,,,,,,,,,,,,,,,,,0.057085565920973025,,,,,,,,,50.0,,,,,,,,3.0,,,,sklearn,2048.0,,,,,,,,,,,,,,,,,,,,,,,,,,,,,,,,,,,,,,,pass_through_standardizer,,,,,,0.016995285689586914,,,,,,,,,,,,,,,,,,,,,COMPLETE
93,93,0.5941767822879704,2023-12-31 06:08:25.525319,2023-12-31 06:24:30.803337,0 days 00:16:05.278018,atom_pair,,,,,,,,,,,,,,,,,,,,,,,,,,,,,,,,,,,,,,,,,,,,,,gaussian_nb_model,,,,,,,,,,,,,,,,,,,,,,,,,,,,,,,,,,,,,,,,,,low_variance_fs,,,,,,,,,,,,,,,,,,,,,,,,,,,,,,,,,,,,,,,,,,,,,,,,,,,,,,,,,,,,,,,,,,,50.0,,,,,,,,3.0,,,,sklearn,2048.0,,,,,,,,,,,,,,,,,,,,,,,,,,,,,,,,,,,,,,,pass_through_standardizer,,,,,,0.019143063897255112,,,,,,,,,,,,,,,,,,,,,COMPLETE
94,94,0.6689714286658346,2023-12-31 06:24:30.821676,2023-12-31 06:41:03.638818,0 days 00:16:32.817142,atom_pair,,,,,,,,,,,,,,,,,,,,,,,,,,,,,,,,,,,,,,,,,,,,,True,random_forest_classifier_model,,,,,,,,,,,,,gini,,,,,,,,,,,,,,,,,,,,,,,,,,,,,low_variance_fs,,,,,,,,,,,,,,,,,,,,,,,,,,,,,,,,,,,,,,,,,,,,,,,,,,,,,,,,,,,,,,,,,,,30.0,,,,sqrt,,,,1.0,,,,sklearn,1024.0,,,,,,,,,,,700.0,,,,,,,,,,,,,,,,,,,,,,,,,,,,pass_through_standardizer,,,,,,0.047988967986841935,,,,,,,,,,,,,,,,,,,,,COMPLETE
95,95,0.580131737511902,2023-12-31 06:41:03.664207,2023-12-31 06:57:27.980073,0 days 00:16:24.315866,atom_pair,,,,,,,,,,,,,,,,,,1.309881458764424,,,,,,,,,,,,,,,,,,,,,,,,,,,,ridge_classifier_cv_model,,,,,,,,,,,,,,,,,,,,,,,,,,,,,,,,,,,,,,,,,,select_from_model_fs,,,,,,,,,,,,,,,,,,,,,,,,,,,,,,,,,,,,,,,,,,,,,,,,,,,,,,,,,,,,,,,,,,,20.0,,,,,,,,3.0,,,,sklearn,2048.0,,,,,,350.0,,,,,,,,,,,,,,,,,,,,,,,,,,,,,,,,,pass_through_standardizer,,,,,,,,,,,,,,,,,,,,,,,,,,,COMPLETE
96,96,0.6481238832221003,2023-12-31 06:57:28.004066,2023-12-31 07:14:10.599731,0 days 00:16:42.595665,maccs,,,,,,,,,,,,,,,,,,,,,,,,,,,,,,,,,,,,,,,,,,,,,,stacking_classifier_model,,,,,,,,,,,,,,,,,,,,,,,,,,,,,,,,,,,,,,,,,,pass_through_transformer,,,,,,,,,,,,,,,,,,,,,,,,,,,,,,,,,,,,,,,,,,,,,,,,,,,,,,,,,,,,,,,,,,,,,,,,,,,,,,,sklearn,,,,,,,,,,,,,,,,,,,,,,,,,,,,,,,,,,,,,,,,pass_through_standardizer,,,,,,,,,,,,,,,,,,,,,,,,,,,COMPLETE
97,97,0.6412558269676344,2023-12-31 07:14:10.619305,2023-12-31 07:30:24.138003,0 days 00:16:13.518698,atom_pair,,,,,,,,,,,,,,,,,,,0.7437826124364014,,,,,,,,,,,,,,,,,,,,,,,,,,,sgd_classifier_model,,,,,,,,,,,,,,,,,,,,,,,,,,,,,,,,,,,,,,,0.0050146559634256516,,,low_variance_fs,,,,,,,,,,,,,,,,,,,,,,,,,,,,,,,,,,,,,,,,,,,,,,,0.3081356785871771,,,,,,,,,,,,,,,,,,,,50.0,,,,,,,,3.0,,,,sklearn,2048.0,,,,,,,,,,,,,,,,,,,,,,,,,,,,l2,,,,,,,,,,,pass_through_standardizer,,,,,,0.017376788010909205,,,,,,,,,,,,,,,,,,,,,COMPLETE
98,98,0.5652154740131147,2023-12-31 07:30:24.176236,2023-12-31 07:51:05.684601,0 days 00:20:41.508365,atom_pair,,,,,,8.425688495924813,,,,,,,,,,,,,,,,,,,,,,,,,,,,,,,,,,,,,,,,svc_model,,,,,,,,,,,,,,,,5.0,,,,,,,,,,,,,,,,,,,,,,,,,,k_best,,,,,,,,,,,,0.7460729019299434,,,,,,,,,,,,,,,,,,,,,,,20.0,,,,,,,linear,,,,,,,,,,,,,,,,,,,,,,,,,50.0,,,,,,,,3.0,,,,sklearn,2048.0,,,,,,,,,,,,,,,,,,,,,,,,,,,,,,,,,,,,,,,pass_through_standardizer,,,,,,,,,,,,,,,,,,,,,,,,,,,COMPLETE
99,99,0.607694793236055,2023-12-31 07:51:05.707794,2023-12-31 08:39:47.172609,0 days 00:48:41.464815,rdk,,,,,,,,,,,,,,,,,,,,,,,,,,,,svc,,,,,,,,,,,,,,True,,False,,bagging_classifier_model,,,,,,,,,,,,,,,,,,,,,,,,,,,,,,,,,,,,,,,,,,low_variance_fs,,,,,,,,1024.0,,,,,,,,,,,,,,,,,,,,,,,,,,,,,,,,,,,,,,,,,,,,,,,,,,,,,,,,,,,,,,,,,10.0,,,,1.0,,sklearn,,,,,,,,,300.0,,,,,,,,,,,,,,,,,,,,,,,,,,,,,,,basic_standardizer,,,,,,0.017144187586420813,,,,,,,,,,,,,,,,,,,,,COMPLETE
