,number,value,datetime_start,datetime_complete,duration,params_1D_featurizer,params_1d_model,params_2d_model,params_C_logistic_regression,params_C_passive_aggressive_classifier,params_activation_mlp_classifier,params_algorithm_ada_boost_classifier,params_algorithm_radius_neighbors_classifier,params_alpha_bernoulli_nb,params_alpha_complement_nb,params_alpha_mlp_classifier,params_alpha_multinomial_nb,params_alpha_perceptron,params_alpha_ridge_classifier,params_alpha_ridge_classifier_cv,params_alpha_sgd_classifier,params_attention_dropout_0,params_attention_dropout_1,params_attention_dropout_2,params_attention_dropout_3,params_attention_key_dim_0,params_attention_key_dim_1,params_attention_key_dim_2,params_attention_key_dim_3,params_base_estimator_bagging_classifier,params_base_filters,params_batch_normalization_0,params_batch_normalization_1,params_batch_normalization_2,params_batch_normalization_3,params_batch_normalization_4,params_batch_size_1d_conv,params_batch_size_bi_rnn,params_batch_size_deepchem,params_batch_size_fcnn,params_batch_size_rnn,params_batch_size_simple_rnn,params_batch_size_tabular_transformer,params_batchnorm,params_bootstrap_bagging_classifier,params_bootstrap_extra_trees_classifier,params_bootstrap_features,params_bootstrap_random_forest_classifier,params_classification_model,params_conv_activation_0,params_conv_activation_1,params_conv_activation_2,params_conv_batch_norm_0,params_conv_batch_norm_1,params_conv_batch_norm_2,params_conv_dropout_0,params_conv_dropout_1,params_conv_dropout_2,params_criterion_decision_tree,params_criterion_extra_trees_classifier,params_criterion_gradient_boosting_classifier,params_criterion_random_forest_classifier,params_degree_nu_svc,params_degree_one_class_svm,params_dense_activation,params_dense_dropout,params_dense_layer_size,params_dense_units,params_depth_dmpnn,params_dropout,params_dropout_attentive_fp,params_dropout_dag,params_dropout_gcn,params_dropout_graph_conv,params_dropout_pagtn,params_dropout_text_cnn,params_dropouts_weave,params_embedding_dim,params_embedding_output_dim,params_epochs_1d_conv,params_epochs_bi_rnn,params_epochs_deepchem,params_epochs_fcnn,params_epochs_rnn,params_epochs_simple_rnn,params_epochs_tabular_transformer,params_epsilon_sgd_classifier,params_f1,params_f2,params_feature_selector,params_featurizer_type,params_filter_0,params_filter_1,params_filter_2,params_filters,params_fnn_dropout_p,params_fnn_layers,params_fpSize,params_g_noise,params_gamma_nu_svc,params_gamma_one_class_svm,params_graph_conv_layers_conv_model,params_graph_conv_layers_gcn,params_graph_feat_size_attentive_fp,params_gru_dropout_0,params_gru_dropout_1,params_gru_dropout_2,params_gru_units_0,params_gru_units_1,params_gru_units_2,params_hidden_activation_0,params_hidden_activation_1,params_hidden_activation_2,params_hidden_activation_3,params_hidden_activation_4,params_hidden_dropout_0,params_hidden_dropout_1,params_hidden_dropout_2,params_hidden_dropout_3,params_hidden_dropout_4,params_hidden_layer_sizes_mlp_classifier,params_hidden_layer_units_0,params_hidden_layer_units_1,params_hidden_layer_units_2,params_hidden_layer_units_3,params_hidden_layer_units_4,params_k,params_kernel_nu_svc,params_kernel_one_class_svm,params_kernel_size_0,params_kernel_size_1,params_kernel_size_2,params_kernel_size_smiles_to_vec,params_l1_0,params_l1_1,params_l1_2,params_l1_3,params_l1_4,params_l1_ratio_sgd_classifier,params_l2_0,params_l2_1,params_l2_2,params_l2_3,params_l2_4,params_layer_sizes_dag,params_layer_sizes_gather,params_leaf_size_radius_neighbors_classifier,params_learning_rate_ada_boost_classifier,params_learning_rate_gradient_boosting_classifier,params_learning_rate_hist_gradient_boosting_classifier,params_loss_gradient_boosting_classifier,params_lstm_dropout_0,params_lstm_dropout_1,params_lstm_dropout_2,params_lstm_units_0,params_lstm_units_1,params_lstm_units_2,params_master_atom,params_maxLength,params_maxPath,params_max_features_extra_trees_classifier,params_max_features_gradient_boosting_classifier,params_max_features_random_forest_classifier,params_max_length_pagtn,params_max_path,params_method,params_metric,params_minLength,params_minPath,params_min_path,params_model_steps,params_model_type,params_nBits,params_n_attention_heads,params_n_attention_layers,params_n_bits,params_n_conv_layers,params_n_embedding_text_cnn,params_n_estimators,params_n_estimators_ada_boost_classifier,params_n_estimators_bagging_classifier,params_n_estimators_extra_trees_classifier,params_n_estimators_gradient_boosting_classifier,params_n_estimators_random_forest_classifier,params_n_graph_feat_dag,params_n_graph_feat_weave,params_n_gru_layers,params_n_hidden_layers,params_n_hidden_weave,params_n_lstm_layers,params_n_quantiles,params_n_rnn_layers,params_nu_nu_svc,params_nu_one_class_svm,params_nu_sgd_one_class_svm,params_num_heads,params_num_layers_attentive_fp,params_num_layers_pagtn,params_output_distribution,params_p,params_penalty,params_percentile,params_predictor_dropout_gcn,params_quantile_range,params_radius,params_radius_n_radius_neighbors_classifier,params_reg_param,params_rnn_dropouts_0,params_rnn_dropouts_1,params_rnn_dropouts_2,params_rnn_units_0,params_rnn_units_1,params_rnn_units_2,params_scaler,params_solver,params_standardization_type,params_standardize,params_standardizer,params_stride_0,params_stride_1,params_stride_2,params_strides,params_support_weak,params_threshold,params_tol,params_use_chirality_attentive_fp,params_use_chirality_gat,params_use_chirality_gcn,params_use_chirality_graph_conv,params_use_chirality_weave,params_use_edges_gat,params_use_edges_gcn,params_use_partial_charge_attentive_fp,params_use_partial_charge_gat,params_use_partial_charge_gcn,params_weight_gbr,params_weight_lr,params_weight_mlp,params_weight_rfr,params_weight_svc,params_weights_radius_neighbors_classifier,params_with_centering,params_with_mean,params_with_scaling,params_with_std,state
0,0,0.7795609988633245,2023-12-28 21:18:03.106927,2023-12-28 21:19:02.462487,0 days 00:00:59.355560,2d_descriptors,,,1.888743975301039,,,,,,,,,,,,,,,,,,,,,,,,,,,,,,,,,,,,,,,,logistic_regression_model,,,,,,,,,,,,,,,,,,,,,,,,,,,,,,,,,,,,,,,,,k_best,,,,,,,,,,,,,,,,,,,,,,,,,,,,,,,,,,,,,15.0,,,,,,,,,,,,,,,,,,,,,,,,,,,,,,,,,,,,,,,,,,,,,sklearn,,,,,,,,,,,,,,,,,,,,,,,,,,,,,,,,,,,,,,,,,,max_abs_scaler,,,,basic_standardizer,,,,,,,,,,,,,,,,,,,,,,,,,,,,COMPLETE
1,1,0.7271826795082609,2023-12-28 21:19:02.489524,2023-12-28 21:22:08.513639,0 days 00:03:06.024115,morgan,keras_dense,,,,,,,,,,,,,,,,,,,,,,,,,False,False,True,False,,,,,32.0,,,,,,,,,,,,,,,,,,,,,,,,,,,,,,,,,,,,,,,,,,,50.0,,,,,,,,1D,,,,,,,,,,,,,,,,,,,,relu,tanh,tanh,tanh,,0.7879863255648254,0.2963054334981739,0.45035354544673845,0.19981768161937571,,,54.0,30.0,39.0,64.0,,,,,,,,,0.003505631646517133,0.0005798484314637881,1.7534643274126083e-06,0.004500615606780923,,,1.3088743494861396e-05,0.0002655628070818168,4.724691088901973e-06,0.0011582317682102049,,,,,,,,,,,,,,,,,,,,,,,,,,,,,keras,,,,1024.0,,,,,,,,,,,,4.0,,,,,,,,,,,,,,,,,2.0,,,,,,,,,,,,,basic_standardizer,,,,,,,,,,,,,,,,,,,,,,,,,,,,COMPLETE
2,2,0.7698717647554857,2023-12-28 21:22:08.585538,2023-12-28 21:24:05.013363,0 days 00:01:56.427825,morgan,,,1.4118240810244291,,,,,,,,,,,,,,,,,,,,,,,,,,,,,,,,,,,,,,,,logistic_regression_model,,,,,,,,,,,,,,,,,,,,,,,,,,,,,,,,,,,,,,,,,pass_through_transformer,,,,,,,,,,,,,,,,,,,,,,,,,,,,,,,,,,,,,,,,,,,,,,,,,,,,,,,,,,,,,,,,,,,,,,,,,,,,,,,,,,sklearn,,,,2048.0,,,,,,,,,,,,,,,,,,,,,,,,,,,,,4.0,,,,,,,,,,,simple_standardisation,,custom_standardizer,,,,,,,,,,,,,,,,,,,,,,,,,,,,COMPLETE
3,3,0.5,2023-12-28 21:24:05.051329,2023-12-28 21:33:33.354743,0 days 00:09:28.303414,morgan,keras_tabular_transformer,,,,,,,,,,,,,,,0.182282244402235,0.2273037047414574,0.4930709642054003,,2.0,4.0,4.0,,,,,,,,,,,,,,,16.0,,,,,,,,,,,,,,,,,,,,,,tanh,0.4599999442788103,,96.0,,,,,,,,,,,32.0,,,,,,,50.0,,,,,1D,,,,,,,,,,,,,,,,,,,,,,,,,,,,,,,,,,,,,,,,,,,,,,,,,,,,,,,,,,,,,,,,,,,,,,,,,,,,,,,,,keras,,1.0,3.0,2048.0,,,,,,,,,,,,,,,,,,,,,,,,,,,,,4.0,,,,,,,,,,,,,basic_standardizer,,,,,,,,,,,,,,,,,,,,,,,,,,,,COMPLETE
4,4,0.6681545242010358,2023-12-28 21:33:33.424641,2023-12-28 21:39:33.760561,0 days 00:06:00.335920,,,keras_rnn,,,,,,,,,,,,,,,,,,,,,,,,,,,,,,,,,32.0,,,,,,,,,,,,,,,,,,,,,,,,relu,0.0877801685186338,,144.0,,,,,,,,,,,,,,,,150.0,,,,,,,2D,,,,,,,,,,,,,,0.15754416135080934,,,34.0,,,,,,,,,,,,,,,,,,,,,,,,,,,,,,,,,,,,,,,,,,,,0.25564483515443387,0.07857478810997243,,174.0,60.0,,,,,,,,,,,,,,,,keras,,,,,,,,,,,,,,,1.0,,,2.0,,,,,,,,,,,,,,,,,,,,,,,,,,,,pass_through_standardizer,,,,,,,,,,,,,,,,,,,,,,,,,,,,COMPLETE
5,5,0.6332733846687335,2023-12-28 21:39:33.778084,2023-12-28 21:47:14.925656,0 days 00:07:41.147572,,,keras_simple_rnn,,,,,,,,,,,,,,,,,,,,,,,,,,,,,,,,,,16.0,,,,,,,,,,,,,,,,,,,,,,,relu,0.22371039493842243,,128.0,,,,,,,,,,,,,,,,,30.0,,,,,,2D,,,,,,,,,,,,,,,,,,,,,,,,,,,,,,,,,,,,,,,,,,,,,,,,,,,,,,,,,,,,,,,,,,,,,,,,,,,,,,,,,keras,,,,,,,,,,,,,,,,,,,,1.0,,,,,,,,,,,,,,,,0.23395488712980317,,,96.0,,,,,,,chembl_standardizer,,,,,,,,,,,,,,,,,,,,,,,,,,,,COMPLETE
6,6,0.8156013667641574,2023-12-28 21:47:14.943306,2023-12-28 21:58:05.876428,0 days 00:10:50.933122,mixed,keras_1d_cnn,,,,,,,,,,,,,,,,,,,,,,,,,,,,,,256.0,,,,,,,,,,,,,relu,relu,tanh,False,False,False,0.20719433016723576,0.3822150627168556,0.29620384132055805,,,,,,,tanh,,,96.0,,0.09848156263306694,,,,,,,,,,500.0,,,,,,,,layered,morgan,,1D,9.0,7.0,22.0,,,,,0.02229618710611938,,,,,,,,,,,,,,,,,,,,,,,,,,,,,,,46.0,34.0,18.0,,,,,,,,,,,,,,,,,,,,,,,,,,,,,,,,,,,,,,,,keras,,,,,3.0,,,,,,,,,,,,,,,,,,,,,,,,,,,,,,,,,,,,,,,,,basic_standardizer,1.0,1.0,1.0,,,,,,,,,,,,,,,,,,,,,,,,,COMPLETE
7,7,0.5,2023-12-28 21:58:05.939168,2023-12-28 22:04:41.078331,0 days 00:06:35.139163,maccs,keras_dense,,,,,,,,,,,,,,,,,,,,,,,,,False,False,False,False,False,,,,128.0,,,,,,,,,,,,,,,,,,,,,,,,,,,,,,,,,,,,,,,,,,,30.0,,,,,,,,1D,,,,,,,,,,,,,,,,,,,,relu,relu,relu,relu,relu,0.7153049257925246,0.7771503644265634,0.1130823791279573,0.42226423288790826,0.6893367634238023,,26.0,45.0,30.0,37.0,37.0,,,,,,,,8.387119348894531e-05,0.0007769538558778637,1.910250915217939e-06,7.2989091009831334e-06,5.4375389484826966e-05,,3.445948461987022e-06,5.5309846162324814e-05,0.0045723669755485296,0.00012178058832292455,0.004016904197640977,,,,,,,,,,,,,,,,,,,,,,,,,,,,keras,,,,,,,,,,,,,,,,5.0,,,,,,,,,,,,,,,,,,,,,,,,,,,,,,basic_standardizer,,,,,,,,,,,,,,,,,,,,,,,,,,,,COMPLETE
8,8,0.68327794944074,2023-12-28 22:04:41.097332,2023-12-28 22:42:47.576921,0 days 00:38:06.479589,,,,,,,,,,,,,,,,,,,,,,,,,,,,,,,,,,32.0,,,,,,,,,,,,,,,,,,,,,,,,,,,,,,2.0,,,,,,,,,,,,,679.0,,,,,,,,,,,,,,0.25,3.0,,,,,,,,,,,,,,,,,,,,,,,,,,,,,,,,,,,,,,,,,,,,,,,,,,,,,,,,,,,,,,,,,,,,,,,,,,dmpnn_model,deepchem,,,,,,,,,,,,,,,,,,,,,,,,,,,,,,,,,,,,,,,,,,,,,,basic_standardizer,,,,,,,,,,,,,,,,,,,,,,,,,,,,COMPLETE
9,9,-inf,2023-12-28 22:42:47.609244,2023-12-28 22:44:08.261157,0 days 00:01:20.651913,atom_pair,keras_tabular_transformer,,,,,,,,,,,,,,,0.3677513549212325,,,,2.0,,,,,,,,,,,,,,,,,256.0,,,,,,,,,,,,,,,,,,,,,,relu,0.028466573525439853,,16.0,,,,,,,,,,,128.0,,,,,,,300.0,,,,,1D,,,,,,,,,,,,,,,,,,,,,,,,,,,,,,,,,,,,,,,,,,,,,,,,,,,,,,,,,,,,,,,,,,,,20.0,,,,,,,,,3.0,,,,keras,2048.0,4.0,1.0,,,,,,,,,,,,,,,,,,,,,,,,,,,,,,,,,,,,,,,,,simple_standardisation,,custom_standardizer,,,,,,,,,,,,,,,,,,,,,,,,,,,,COMPLETE
10,10,-inf,2023-12-28 22:44:08.296407,2023-12-28 23:44:08.379633,0 days 01:00:00.083226,,,,,,,,,,,,,,,,,,,,,,,,,,,,,,,,,,8.0,,,,,True,,,,,,,,,,,,,,,,,,,,,,,,,,,,,0.25,,,,,,,,,205.0,,,,,,,,,,,,,,,,,,,,,"[64, 64]",,,,,,,,,,,,,,,,,,,,,,,,,,,,,,,,,,,,,,,,,,,,,,,,,,,,,,,,,,,,,,,,,,,,gcn_model,deepchem,,,,,,,,,,,,,,,,,,,,,,,,,,,,,,,0.0,,,,,,,,,,,,,,,pass_through_standardizer,,,,,,,,,,False,,,,False,,,False,,,,,,,,,,,COMPLETE
11,11,0.7558012745222048,2023-12-28 23:44:08.409735,2023-12-28 23:49:16.621120,0 days 00:05:08.211385,2d_descriptors,,,,,,,,,,,,,,,,,,,,,,,,,,,,,,,,,,,,,,,,,,,gaussian_nb_model,,,,,,,,,,,,,,,,,,,,,,,,,,,,,,,,,,,,,,,,,k_best,,,,,,,,,,,,,,,,,,,,,,,,,,,,,,,,,,,,,14.0,,,,,,,,,,,,,,,,,,,,,,,,,,,,,,,,,,,,,,,,,,,,,sklearn,,,,,,,,,,,,,,,,,,,,,,,,,,,,,,,,,,,,,,,,,,max_abs_scaler,,,,basic_standardizer,,,,,,,,,,,,,,,,,,,,,,,,,,,,COMPLETE
12,12,0.6473476523476522,2023-12-28 23:49:16.645881,2023-12-28 23:55:08.709950,0 days 00:05:52.064069,mixed,,,,,,,,0.566842168636314,,,,,,,,,,,,,,,,,,,,,,,,,,,,,,,,,,,bernoulli_nb_model,,,,,,,,,,,,,,,,,,,,,,,,,,,,,,,,,,,,,,,layered,morgan,k_best,,,,,,,,,,,,,,,,,,,,,,,,,,,,,,,,,,,,,24.0,,,,,,,,,,,,,,,,,,,,,,,,,,,,,,,,,,,,,,,,,,,,,sklearn,,,,,,,,,,,,,,,,,,,,,,,,,,,,,,,,,,,,,,,,,,,,,,chembl_standardizer,,,,,,,,,,,,,,,,,,,,,,,,,,,,COMPLETE
13,13,-inf,2023-12-28 23:55:08.729088,2023-12-28 23:56:14.315718,0 days 00:01:05.586630,mixed,,,,,,,ball_tree,,,,,,,,,,,,,,,,,,,,,,,,,,,,,,,,,,,,radius_neighbors_classifier_model,,,,,,,,,,,,,,,,,,,,,,,,,,,,,,,,,,,,,,,rdk,2d_descriptors,select_from_model_fs,,,,,,,,,,,,,,,,,,,,,,,,,,,,,,,,,,,,,,,,,,,,,,,,,,,,,,,,,4.0,,,,,,,,,,,,,,,,,,,,,,,,,sklearn,,,,,,,276.0,,,,,,,,,,,,,,,,,,,,,8.0,,,,,,4.0,,,,,,,,,,,,basic_standardizer,,,,,,,,,,,,,,,,,,,,,,,uniform,,,,,COMPLETE
14,14,0.6033483226506482,2023-12-28 23:56:14.343516,2023-12-29 00:04:15.154504,0 days 00:08:00.810988,rdk,,,,,,,,,,,,,,,,,,,,,,,,,,,,,,,,,,,,,,,,,,True,random_forest_classifier_model,,,,,,,,,,,,,entropy,,,,,,,,,,,,,,,,,,,,,,,,,,,,low_variance_fs,,,,,,,,2048.0,,,,,,,,,,,,,,,,,,,,,,,,,,,,,,,,,,,,,,,,,,,,,,,,,,,,,,,,,,,,,,,,,sqrt,,10.0,,,,,3.0,,sklearn,,,,,,,,,,,,100.0,,,,,,,,,,,,,,,,,,,,,,,,,,,,,,,,,,basic_standardizer,,,,,,0.12793752504489692,,,,,,,,,,,,,,,,,,,,,,COMPLETE
15,15,0.696180972343763,2023-12-29 00:04:15.176040,2023-12-29 00:25:41.826694,0 days 00:21:26.650654,,,,,,,,,,,,,,,,,,,,,,,,,,,,,,,,,,64.0,,,,,,,,,,,,,,,,,,,,,,,,,,,,,,,,,,,,,,,32.0,,,,987.0,,,,,,,,,,,,,32.0,,,,,,,,,,,,,,,,,,,,,,,,,,,,,,,,,,,,,,3.0,,,,,,,,,,,,,,,,,,,,,,,,,,,,,,,,,,,,,,smiles_to_vec_model,deepchem,,,,,,,,,,,,,,,,,,,,,,,,,,,,,,,,,,,,,,,,,,,,,,basic_standardizer,,,,2.0,,,,,,,,,,,,,,,,,,,,,,,,COMPLETE
16,16,0.7441571993897574,2023-12-29 00:25:41.859140,2023-12-29 00:44:12.560370,0 days 00:18:30.701230,2d_descriptors,,,,,,,,,,,0.8198578712949798,,,,,,,,,,,,,,,,,,,,,,,,,,,,,,,,multinomial_nb_model,,,,,,,,,,,,,,,,,,,,,,,,,,,,,,,,,,,,,,,,,boruta_algorithm,,,,,,,,,,,,,,,,,,,,,,,,,,,,,,,,,,,,,,,,,,,,,,,,,,,,,,,,,,,,,,,,,,,,,,,,,,,,,,,,,,sklearn,,,,,,,,,,,,,,,,,,,,,,,,,,,,,,,,,,,,,,,,,,binarizer,,heavy_standardisation,,custom_standardizer,,,,,False,,,,,,,,,,,,,,,,,,,,,,,COMPLETE
17,17,0.673486681277379,2023-12-29 00:44:12.595216,2023-12-29 00:50:24.650718,0 days 00:06:12.055502,layered,,,9.384700887372537,,,,,,,,,,,,,,,,,,,,,,,,,,,,,,,,,,,,,,,,logistic_regression_model,,,,,,,,,,,,,,,,,,,,,,,,,,,,,,,,,,,,,,,,,percentil_fs,,,,,,,,1024.0,,,,,,,,,,,,,,,,,,,,,,,,,,,,,,,,,,,,,,,,,,,,,,,,,,,,,,,,,,,,,,8.0,,,,,,,,,2.0,,,sklearn,,,,,,,,,,,,,,,,,,,,,,,,,,,,,,24.0,,,,,,,,,,,,,,,,pass_through_standardizer,,,,,,,,,,,,,,,,,,,,,,,,,,,,COMPLETE
18,18,-inf,2023-12-29 00:50:24.687712,2023-12-29 01:10:38.190816,0 days 00:20:13.503104,mol2vec,keras_1d_cnn,,,,,,,,,,,,,,,,,,,,,,,,,,,,,,256.0,,,,,,,,,,,,,relu,relu,tanh,False,False,False,0.17208909531421296,0.37848214593414237,0.30762093861755135,,,,,,,tanh,,,256.0,,0.062343342166681415,,,,,,,,,,500.0,,,,,,,,,,,1D,7.0,5.0,22.0,,,,,0.01772609672249304,,,,,,,,,,,,,,,,,,,,,,,,,,,,,,,47.0,35.0,16.0,,,,,,,,,,,,,,,,,,,,,,,,,,,,,,,,,,,,,,,,keras,,,,,3.0,,,,,,,,,,,,,,,,,,,,,,,,,,,,,,,,,,,,,,,,,chembl_standardizer,1.0,1.0,1.0,,,,,,,,,,,,,,,,,,,,,,,,,COMPLETE
19,19,0.7786634898262805,2023-12-29 01:10:38.222700,2023-12-29 01:16:04.263235,0 days 00:05:26.040535,,,,,,,,,,,,,,,,,,,,,,,,,,,,,,,,,,128.0,,,,,,,,,,,,,,,,,,,,,,,,,,,,,,,,,,,,,0.0,,,,,,112.0,,,,,,,,,,,,,,,,,,,,,,,,,,,,,,,,,,,,,,,,,,,,,,,,,,,,,,,,,,,,,,,,,,,,,,,,,,,,,,,,,,,,,,,,,text_cnn_model,deepchem,,,,,,50.0,,,,,,,,,,,,,,,,,,,,,,,,,,,,,,,,,,,,,,,,basic_standardizer,,,,,,,,,,,,,,,,,,,,,,,,,,,,COMPLETE
20,20,0.6303709856035438,2023-12-29 01:16:04.284462,2023-12-29 01:23:32.688515,0 days 00:07:28.404053,mixed,,,,,,,,,,,,,,,,,,,,,,,,,,,,,,,,,,,,,,,,True,,,extra_trees_classifier_model,,,,,,,,,,,entropy,,,,,,,,,,,,,,,,,,,,,,,,,,,,atom_pair,mol2vec,k_best,,,,,,,,,,,,,,,,,,,,,,,,,,,,,,,,,,,,,1.0,,,,,,,,,,,,,,,,,,,,,,,,,,,,,,,,,,log2,,,,,,,,,,,sklearn,,,,,,,,,,700.0,,,,,,,,,,,,,,,,,,,,,,,,,,,,,,,,,,,,basic_standardizer,,,,,,,,,,,,,,,,,,,,,,,,,,,,COMPLETE
21,21,0.7582850697966976,2023-12-29 01:23:32.705495,2023-12-29 01:28:49.438055,0 days 00:05:16.732560,,,,,,,,,,,,,,,,,,,,,,,,,,,,,,,,,,128.0,,,,,,,,,,,,,,,,,,,,,,,,,,,,,,,,,,,,,0.0,,,,,,161.0,,,,,,,,,,,,,,,,,,,,,,,,,,,,,,,,,,,,,,,,,,,,,,,,,,,,,,,,,,,,,,,,,,,,,,,,,,,,,,,,,,,,,,,,,text_cnn_model,deepchem,,,,,,50.0,,,,,,,,,,,,,,,,,,,,,,,,,,,,,,,,,,,,,,,,basic_standardizer,,,,,,,,,,,,,,,,,,,,,,,,,,,,COMPLETE
22,22,0.739166208468534,2023-12-29 01:28:49.456637,2023-12-29 01:36:51.744954,0 days 00:08:02.288317,,,,,,,,,,,,,,,,,,,,,,,,,,,,,,,,,,256.0,,,,,,,,,,,,,,,,,,,,,,,,,,,,,,,,,,,,,0.5,,,,,,448.0,,,,,,,,,,,,,,,,,,,,,,,,,,,,,,,,,,,,,,,,,,,,,,,,,,,,,,,,,,,,,,,,,,,,,,,,,,,,,,,,,,,,,,,,,text_cnn_model,deepchem,,,,,,50.0,,,,,,,,,,,,,,,,,,,,,,,,,,,,,,,,,,,,,,,,basic_standardizer,,,,,,,,,,,,,,,,,,,,,,,,,,,,COMPLETE
23,23,-inf,2023-12-29 01:36:51.762979,2023-12-29 02:11:28.089198,0 days 00:34:36.326219,,,,,,,,,,,,,,,,,,,,,,,,,,,,,,,,,,16.0,,,,,,,,,,,,,,,,,,,,,,,,,,,,,,,,,,,,,,0.0,,,,,476.0,,,,,,,,,,,,,,,,,,,,,,,,,,,,,,,,,,,,,,,,,,,,,,,,,,,,,,,,,,,,,,,,,,,,,,,,,,,,,,,,,,,,,,,,,weave_model,deepchem,,,,,,,,,,,,,,64.0,,,200.0,,,,,,,,,,,,,,,,,,,,,,,,,,,,,basic_standardizer,,,,,,,,,,,,True,,,,,,,,,,,,,,,,COMPLETE
24,24,-inf,2023-12-29 02:11:28.113638,2023-12-29 02:12:36.795258,0 days 00:01:08.681620,,,,,,,,,,,,,,,,,,,,,,,,,,,,,,,,,,512.0,,,,,,,,,,,,,,,,,,,,,,,,,,,,,,,,,0.0,,,,,,,,,,100.0,,,,,,,,,,,,,,,,,,,,,,,,,,,,,,,,,,,,,,,,,,,,,,,,,,,,,,,,,,,,,,,[50],[500],,,,,,,,,,,,,,,,,,,,,,,,,dag_model,deepchem,,,,,,,,,,,,,128.0,,,,,,,,,,,,,,,,,,,,,,,,,,,,,,,,,basic_standardizer,,,,,,,,,,,,,,,,,,,,,,,,,,,,COMPLETE
25,25,0.7171432529572064,2023-12-29 02:12:36.875677,2023-12-29 02:29:34.381661,0 days 00:16:57.505984,,,,,,,,,,,,,,,,,,,,,,,,,,,,,,,,,,128.0,,,,,,,,,,,,,,,,,,,,,,,,,,,,512.0,,,,,,,0.5,,,,,,,,746.0,,,,,,,,,,,,,,,,,,,,"[64, 64]",,,,,,,,,,,,,,,,,,,,,,,,,,,,,,,,,,,,,,,,,,,,,,,,,,,,,,,,False,,,,,,,,,,,,,graph_conv_model,deepchem,,,,,,,,,,,,,,,,,,,,,,,,,,,,,,,,,,,,,,,,,,,,,,basic_standardizer,,,,,,,,,,,False,,,,,,,,,,,,,,,,,COMPLETE
26,26,0.5962799689543875,2023-12-29 02:29:34.404115,2023-12-29 03:03:11.750028,0 days 00:33:37.345913,,,keras_bidirectional_rnn,,,,,,,,,,,,,,,,,,,,,,,,,,,,,,16.0,,,,,,,,,,,,,,,,,,,,,,,,,,,tanh,0.4912356460466948,,48.0,,,,,,,,,,,,,200.0,,,,,,,,,,2D,,,,,,,,,,,,,,0.48635234229430907,0.44800627963842543,0.18200018586714398,256.0,234.0,152.0,,,,,,,,,,,,,,,,,,,,,,,,,,,,,,,,,,,,,,,,,,0.011926184067939216,0.49877401788325054,0.19942236814081987,20.0,254.0,126.0,,,,,,,,,,,,,,,keras,,,,,,,,,,,,,,,3.0,,,3.0,,,,,,,,,,,,,,,,,,,,,,,,,,heavy_standardisation,,custom_standardizer,,,,,,,,,,,,,,,,,,,,,,,,,,,,COMPLETE
27,27,0.7457849256686464,2023-12-29 03:03:11.773302,2023-12-29 03:18:35.749724,0 days 00:15:23.976422,2d_descriptors,keras_1d_cnn,,,,,,,,,,,,,,,,,,,,,,,,,,,,,,32.0,,,,,,,,,,,,,relu,tanh,,False,True,,0.5530656733346089,0.6699134492988092,,,,,,,,tanh,,,224.0,,0.2810455441315294,,,,,,,,,,500.0,,,,,,,,,,,1D,15.0,12.0,,,,,,0.04437391599200564,,,,,,,,,,,,,,,,,,,,,,,,,,,,,,,21.0,17.0,,,,,,,,,,,,,,,,,,,,,,,,,,,,,,,,,,,,,,,,,keras,,,,,2.0,,,,,,,,,,,,,,,,,,,,,,,,,,,,,,,,,,,,,max_abs_scaler,,,,pass_through_standardizer,1.0,1.0,,,,,,,,,,,,,,,,,,,,,,,,,,COMPLETE
28,28,-inf,2023-12-29 03:18:35.771281,2023-12-29 03:34:12.203145,0 days 00:15:36.431864,mol2vec,,,,,,,,,,,,,1.920740924202708,,,,,,,,,,,,,,,,,,,,,,,,,,,,,,ridge_classifier_model,,,,,,,,,,,,,,,,,,,,,,,,,,,,,,,,,,,,,,,,,percentil_fs,,,,,,,,,,,,,,,,,,,,,,,,,,,,,,,,,,,,,,,,,,,,,,,,,,,,,,,,,,,,,,,,,,,,,,,,,,,,,,,,,,sklearn,,,,,,,,,,,,,,,,,,,,,,,,,,,,,,84.0,,,,,,,,,,,,,,,,chembl_standardizer,,,,,,,,,,,,,,,,,,,,,,,,,,,,COMPLETE
29,29,-inf,2023-12-29 03:34:12.299976,2023-12-29 03:34:12.463444,0 days 00:00:00.163468,,,,,,,,,,,,,,,,,,,,,,,,,,,,,,,,,,128.0,,,,,,,,,,,,,,,,,,,,,,,,,,,,,,,,,,,,,,,,,,,334.0,,,,,,,,,,,,,,,,,,,,,,,,,,,,,,,,,,,,,,,,,,,,,,,,,,,,,,,,,,,,,,,,,,,,,,,,,,,,,,,,,,,,,,,,,gat_model,deepchem,,,,,,,,,,,,,,,,,,,,,,,,,,,,,,,,,,,,,,,,,,,,,,basic_standardizer,,,,,,,,,True,,,,True,,,False,,,,,,,,,,,,COMPLETE
30,30,0.6105014709665872,2023-12-29 03:34:12.483677,2023-12-29 04:06:25.050182,0 days 00:32:12.566505,,,keras_bidirectional_rnn,,,,,,,,,,,,,,,,,,,,,,,,,,,,,,64.0,,,,,,,,,,,,,,,,,,,,,,,,,,,tanh,0.2973818440184397,,176.0,,,,,,,,,,,,,500.0,,,,,,,,,,2D,,,,,,,,,,,,,,0.011413084227469728,0.007739359662569445,0.4720883913200796,169.0,18.0,24.0,,,,,,,,,,,,,,,,,,,,,,,,,,,,,,,,,,,,,,,,,,0.47574499968719947,,,256.0,,,,,,,,,,,,,,,,,keras,,,,,,,,,,,,,,,3.0,,,1.0,,,,,,,,,,,,,,,,,,,,,,,,,,,,basic_standardizer,,,,,,,,,,,,,,,,,,,,,,,,,,,,COMPLETE
31,31,0.755662287755311,2023-12-29 04:06:25.072355,2023-12-29 04:20:39.795302,0 days 00:14:14.722947,morgan,,,0.8993732764712725,,,,,,,,,,,,,,,,,,,,,,,,,,,,,,,,,,,,,,,,logistic_regression_model,,,,,,,,,,,,,,,,,,,,,,,,,,,,,,,,,,,,,,,,,pass_through_transformer,,,,,,,,,,,,,,,,,,,,,,,,,,,,,,,,,,,,,,,,,,,,,,,,,,,,,,,,,,,,,,,,,,,,,,,,,,,,,,,,,,sklearn,,,,2048.0,,,,,,,,,,,,,,,,,,,,,,,,,,,,,6.0,,,,,,,,,,,simple_standardisation,,custom_standardizer,,,,,,,,,,,,,,,,,,,,,,,,,,,,COMPLETE
32,32,0.755651149023242,2023-12-29 04:20:39.833898,2023-12-29 04:38:05.396785,0 days 00:17:25.562887,rdk,,,,,,,,,,,,,,,,,,,,,,,,,,,,,,,,,,,,,,,,,,,gradient_boosting_classifier_model,,,,,,,,,,,,friedman_mse,,,,,,,,,,,,,,,,,,,,,,,,,,,,,pass_through_transformer,,,,,,,,1024.0,,,,,,,,,,,,,,,,,,,,,,,,,,,,,,,,,,,,,,,,,,,,,,,,,,,0.8390826175722604,,exponential,,,,,,,,,,,log2,,,6.0,,,,,1.0,,sklearn,,,,,,,,,,,500.0,,,,,,,,,,,,,,,,,,,,,,,,,,,,,,,,,simple_standardisation,,custom_standardizer,,,,,,,,,,,,,,,,,,,,,,,,,,,,COMPLETE
33,33,0.7233777548893828,2023-12-29 04:38:05.443944,2023-12-29 04:56:22.203853,0 days 00:18:16.759909,maccs,,,0.8024971175708023,,,,,,,,,,,,,,,,,,,,,,,,,,,,,,,,,,,,,,,,logistic_regression_model,,,,,,,,,,,,,,,,,,,,,,,,,,,,,,,,,,,,,,,,,pass_through_transformer,,,,,,,,,,,,,,,,,,,,,,,,,,,,,,,,,,,,,,,,,,,,,,,,,,,,,,,,,,,,,,,,,,,,,,,,,,,,,,,,,,sklearn,,,,,,,,,,,,,,,,,,,,,,,,,,,,,,,,,,,,,,,,,,,,simple_standardisation,,custom_standardizer,,,,,,,,,,,,,,,,,,,,,,,,,,,,COMPLETE
34,34,0.5141054509659161,2023-12-29 04:56:22.227417,2023-12-29 05:36:23.161048,0 days 00:40:00.933631,atom_pair,,,,,,,,,,,,,,,,,,,,,,,,,,,,,,,,,,,,,,,,,,,one_class_svm_model,,,,,,,,,,,,,,,5.0,,,,,,,,,,,,,,,,,,,,,,,,,,boruta_algorithm,,,,,,,,,,,0.8912165847292625,,,,,,,,,,,,,,,,,,,,,,,,,,,,poly,,,,,,,,,,,,,,,,,,,,,,,,,,,,,,50.0,,,,,,,,,1.0,,,,sklearn,1024.0,,,,,,,,,,,,,,,,,,,,,0.8692562076183158,,,,,,,,,,,,,,,,,,,,,,simple_standardisation,,custom_standardizer,,,,,True,,,,,,,,,,,,,,,,,,,,,,,COMPLETE
35,35,0.7389438898741224,2023-12-29 05:36:23.209498,2023-12-29 06:03:28.118504,0 days 00:27:04.909006,layered,keras_1d_cnn,,,,,,,,,,,,,,,,,,,,,,,,,,,,,,128.0,,,,,,,,,,,,,tanh,relu,tanh,True,False,False,0.021437190175434828,0.00427370295559798,0.050968551252594835,,,,,,,tanh,,,96.0,,0.7307007675298278,,,,,,,,,,100.0,,,,,,,,,,,1D,32.0,32.0,7.0,,,,2048.0,0.09329137986242572,,,,,,,,,,,,,,,,,,,,,,,,,,,,,,,63.0,58.0,28.0,,,,,,,,,,,,,,,,,,,,,,,,,,,,5.0,,,,,,,,,1.0,,,keras,,,,,3.0,,,,,,,,,,,,,,,,,,,,,,,,,,,,,,,,,,,,,,,,,basic_standardizer,2.0,2.0,2.0,,,,,,,,,,,,,,,,,,,,,,,,,COMPLETE
36,36,0.7183240489054443,2023-12-29 06:03:28.138069,2023-12-29 06:16:36.936293,0 days 00:13:08.798224,mixed,keras_1d_cnn,,,,,,,,,,,,,,,,,,,,,,,,,,,,,,256.0,,,,,,,,,,,,,relu,,,False,,,0.7892716049228217,,,,,,,,,relu,,,192.0,,0.007472446677229239,,,,,,,,,,30.0,,,,,,,,morgan,rdk,,1D,4.0,,,,,,,0.013249192752406744,,,,,,,,,,,,,,,,,,,,,,,,,,,,,,,40.0,,,,,,,,,,,,,,,,,,,,,,,,,,,,,,,,,,,,,,,,,,keras,,,,,1.0,,,,,,,,,,,,,,,,,,,,,,,,,,,,,,,,,,,,,,,,,pass_through_standardizer,1.0,,,,,,,,,,,,,,,,,,,,,,,,,,,COMPLETE
37,37,0.7678464730790313,2023-12-29 06:16:37.001548,2023-12-29 06:35:00.418343,0 days 00:18:23.416795,2d_descriptors,,,,,,,,,,,,,,3.4202532938550796,,,,,,,,,,,,,,,,,,,,,,,,,,,,,ridge_classifier_cv_model,,,,,,,,,,,,,,,,,,,,,,,,,,,,,,,,,,,,,,,,,select_from_model_fs,,,,,,,,,,,,,,,,,,,,,,,,,,,,,,,,,,,,,,,,,,,,,,,,,,,,,,,,,,,,,,,,,,,,,,,,,,,,yeo-johnson,,,,,,sklearn,,,,,,,989.0,,,,,,,,,,,,,,,,,,,,,,,,,,,,,,,,,,,power_transformer,,heavy_standardisation,False,custom_standardizer,,,,,,,,,,,,,,,,,,,,,,,,,,,,COMPLETE
38,38,0.5699305431863572,2023-12-29 06:35:00.436036,2023-12-29 07:03:09.140083,0 days 00:28:08.704047,,,keras_rnn,,,,,,,,,,,,,,,,,,,,,,,,,,,,,,,,,64.0,,,,,,,,,,,,,,,,,,,,,,,,tanh,0.15952924201417887,,64.0,,,,,,,,,,,,,,,,500.0,,,,,,,2D,,,,,,,,,,,,,,0.40515491030588613,,,16.0,,,,,,,,,,,,,,,,,,,,,,,,,,,,,,,,,,,,,,,,,,,,0.001063489219590541,,,29.0,,,,,,,,,,,,,,,,,keras,,,,,,,,,,,,,,,1.0,,,1.0,,,,,,,,,,,,,,,,,,,,,,,,,,,,chembl_standardizer,,,,,,,,,,,,,,,,,,,,,,,,,,,,COMPLETE
39,39,0.5024830724830724,2023-12-29 07:03:09.159741,2023-12-29 07:53:25.300770,0 days 00:50:16.141029,,,,,,,,,,,,,,,,,,,,,,,,,,16.0,,,,,,,,8.0,,,,,,,,,,,,,,,,,,,,,,,,,,,,,,,,,,,,,,,,,,,318.0,,,,,,,,,,,,,,,,,,,,,,,,,,,,,,,,,,,,,,,,,,,,,,,,,,,,,,,,,,,,,,,,,,,,,,,,,,,,,,,,,,,,,,,,,chem_ception_model,deepchem,,,,,,,,,,,,,,,,,,,,,,,,,,,,,,,,,,,,,,,,,,,,,,basic_standardizer,,,,,,,,,,,,,,,,,,,,,,,,,,,,COMPLETE
40,40,0.5233173028521866,2023-12-29 07:53:25.324919,2023-12-29 08:12:23.977754,0 days 00:18:58.652835,morgan,,,,,,,,,,,,,,,,,,,,,,,,,,,,,,,,,,,,,,,,,,,linear_discriminant_analysis_model,,,,,,,,,,,,,,,,,,,,,,,,,,,,,,,,,,,,,,,,,low_variance_fs,,,,,,,,,,,,,,,,,,,,,,,,,,,,,,,,,,,,,,,,,,,,,,,,,,,,,,,,,,,,,,,,,,,,,,,,,,,,,,,,,,sklearn,,,,2048.0,,,,,,,,,,,,,,,,,,,,,,,,,,,,,4.0,,,,,,,,,,lsqr,,,basic_standardizer,,,,,,0.016115483267052783,,,,,,,,,,,,,,,,,,,,,,COMPLETE
41,41,0.7555882317510223,2023-12-29 08:12:24.034729,2023-12-29 08:29:55.967042,0 days 00:17:31.932313,2d_descriptors,,,,,,,,,,,,,,3.2736718671400777,,,,,,,,,,,,,,,,,,,,,,,,,,,,,ridge_classifier_cv_model,,,,,,,,,,,,,,,,,,,,,,,,,,,,,,,,,,,,,,,,,select_from_model_fs,,,,,,,,,,,,,,,,,,,,,,,,,,,,,,,,,,,,,,,,,,,,,,,,,,,,,,,,,,,,,,,,,,,,,,,,,,,,yeo-johnson,,,,,,sklearn,,,,,,,914.0,,,,,,,,,,,,,,,,,,,,,,,,,,,,,,,,,,,power_transformer,,heavy_standardisation,False,custom_standardizer,,,,,,,,,,,,,,,,,,,,,,,,,,,,COMPLETE
42,42,0.6684623386948968,2023-12-29 08:29:55.987937,2023-12-29 08:47:25.086606,0 days 00:17:29.098669,2d_descriptors,,,,,,,,,,,,,,,,,,,,,,,,,,,,,,,,,,,,,,,,,,,sgd_one_class_svm_model,,,,,,,,,,,,,,,,,,,,,,,,,,,,,,,,,,,,,,,,,select_from_model_fs,,,,,,,,,,,,,,,,,,,,,,,,,,,,,,,,,,,,,,,,,,,,,,,,,,,,,,,,,,,,,,,,,,,,,,,,,,,,,,,,,,sklearn,,,,,,,995.0,,,,,,,,,,,,,,,,0.4762878415879733,,,,,,,,,"(25.0, 75.0)",,,,,,,,,,robust_scaler,,heavy_standardisation,,custom_standardizer,,,,,,,0.6583581742943235,,,,,,,,,,,,,,,,,True,,True,,COMPLETE
43,43,0.734567417939511,2023-12-29 08:47:25.201392,2023-12-29 09:04:11.485961,0 days 00:16:46.284569,2d_descriptors,,,,,,,,,,,,,,7.304386336504715,,,,,,,,,,,,,,,,,,,,,,,,,,,,,ridge_classifier_cv_model,,,,,,,,,,,,,,,,,,,,,,,,,,,,,,,,,,,,,,,,,pass_through_transformer,,,,,,,,,,,,,,,,,,,,,,,,,,,,,,,,,,,,,,,,,,,,,,,,,,,,,,,,,,,,,,,,,,,,,,,,,,,,box-cox,,,,,,sklearn,,,,,,,,,,,,,,,,,,,,,,,,,,,,,,,,,,,,,,,,,,power_transformer,,heavy_standardisation,True,custom_standardizer,,,,,,,,,,,,,,,,,,,,,,,,,,,,COMPLETE
44,44,0.7036783844923379,2023-12-29 09:04:11.556866,2023-12-29 09:21:09.332590,0 days 00:16:57.775724,2d_descriptors,,,,,,,,,,,,,,,,,,,,,,,,,,,,,,,,,,,,,,,,,,,decision_tree_classifier_model,,,,,,,,,,entropy,,,,,,,,,,,,,,,,,,,,,,,,,,,,,,,select_from_model_fs,,,,,,,,,,,,,,,,,,,,,,,,,,,,,,,,,,,,,,,,,,,,,,,,,,,,,,,,,,,,,,,,,,,,,,,,,,,,,,,,,,sklearn,,,,,,,601.0,,,,,,,,,,,,,,,,,,,,,,,,,,,,,,,,,,,min_max_scaler,,simple_standardisation,,custom_standardizer,,,,,,,,,,,,,,,,,,,,,,,,,,,,COMPLETE
45,45,0.6945376113980766,2023-12-29 09:21:09.351013,2023-12-29 10:00:43.886223,0 days 00:39:34.535210,mixed,,,,,,,,,,,,,,,,,,,,,,,,,,,,,,,,,,,,,,,,,,,hist_gradient_boosting_classifier_model,,,,,,,,,,,,,,,,,,,,,,,,,,,,,,,,,,,,,,,layered,morgan,k_best,,,,,,,,,,,,,,,,,,,,,,,,,,,,,,,,,,,,,15.0,,,,,,,,,,,,,,,,,,,,,,,0.03298474804459878,,,,,,,,,,,,,,,,,,,,,,sklearn,,,,,,,,,,,,,,,,,,,,,,,,,,,,,,,,,,,,,,,,,,,,heavy_standardisation,,custom_standardizer,,,,,,,,,,,,,,,,,,,,,,,,,,,,COMPLETE
46,46,0.7602778745802002,2023-12-29 10:00:43.908310,2023-12-29 10:23:54.775045,0 days 00:23:10.866735,morgan,keras_1d_cnn,,,,,,,,,,,,,,,,,,,,,,,,,,,,,,16.0,,,,,,,,,,,,,tanh,relu,relu,True,False,True,0.3049665549287618,0.3903515615943498,0.7989712746854931,,,,,,,tanh,,,96.0,,0.33717809589776604,,,,,,,,,,50.0,,,,,,,,,,,1D,16.0,20.0,32.0,,,,,0.0443710703443526,,,,,,,,,,,,,,,,,,,,,,,,,,,,,,,42.0,36.0,60.0,,,,,,,,,,,,,,,,,,,,,,,,,,,,,,,,,,,,,,,,keras,,,,1024.0,3.0,,,,,,,,,,,,,,,,,,,,,,,,,,,,2.0,,,,,,,,,,,,,basic_standardizer,2.0,1.0,1.0,,,,,,,,,,,,,,,,,,,,,,,,,COMPLETE
47,47,0.696651488046837,2023-12-29 10:23:54.794910,2023-12-29 10:39:23.419512,0 days 00:15:28.624602,morgan,,,,,,,,,,,,,,,,,,,,,,,,gbr,,,,,,,,,,,,,,,False,,False,,bagging_classifier_model,,,,,,,,,,,,,,,,,,,,,,,,,,,,,,,,,,,,,,,,,select_from_model_fs,,,,,,,,,,,,,,,,,,,,,,,,,,,,,,,,,,,,,,,,,,,,,,,,,,,,,,,,,,,,,,,,,,,,,,,,,,,,,,,,,,sklearn,,,,2048.0,,,606.0,,150.0,,,,,,,,,,,,,,,,,,,,,,,,6.0,,,,,,,,,,,,,pass_through_standardizer,,,,,,,,,,,,,,,,,,,,,,,,,,,,COMPLETE
48,48,0.6886150757080989,2023-12-29 10:39:23.438022,2023-12-29 13:05:35.846964,0 days 02:26:12.408942,,,,,,,,,,,,,,,,,,,,,,,,,,,,,,,,,,16.0,,,,,,,,,,,,,,,,,,,,,,,,,,,,,,,,,,,,0.0,,,,,,,657.0,,,,,,,,,,,,,,,,,,,,,,,,,,,,,,,,,,,,,,,,,,,,,,,,,,,,,,,,,,,,,,,,,,,,,,,,,,,,,,,,,,20.0,,,,,,,pagtn_model,deepchem,,,,,,,,,,,,,,,,,,,,,,,,2.0,,3.0,,,,,,,,,,,,,,,,,,,,chembl_standardizer,,,,,,,,,,,,,,,,,,,,,,,,,,,,COMPLETE
49,49,0.6915093476721383,2023-12-29 13:05:35.866812,2023-12-29 13:27:47.406095,0 days 00:22:11.539283,2d_descriptors,,,,,,,,,,,,,,,,,,,,,,,,,,,,,,,,,,,,,,,,,,,quadradic_discriminant_analysis_model,,,,,,,,,,,,,,,,,,,,,,,,,,,,,,,,,,,,,,,,,pass_through_transformer,,,,,,,,,,,,,,,,,,,,,,,,,,,,,,,,,,,,,,,,,,,,,,,,,,,,,,,,,,,,,,,,,,,,,,,,,,,,,,,,,,sklearn,,,,,,,,,,,,,,,,,,,,,,,,,,,,,,,,,,,0.9018491234547334,,,,,,,standard_scaler,,,,basic_standardizer,,,,,,,,,,,,,,,,,,,,,,,,,True,,True,COMPLETE
50,50,0.728622510134138,2023-12-29 13:27:47.436482,2023-12-29 14:05:54.357167,0 days 00:38:06.920685,maccs,keras_dense,,,,,,,,,,,,,,,,,,,,,,,,,True,,,,,,,,64.0,,,,,,,,,,,,,,,,,,,,,,,,,,,,,,,,,,,,,,,,,,,100.0,,,,,,,,1D,,,,,,,,,,,,,,,,,,,,tanh,,,,,0.003318768642052994,,,,,,9.0,,,,,,,,,,,,1.5511214523145573e-06,,,,,,0.003772701948678389,,,,,,,,,,,,,,,,,,,,,,,,,,,,,,,,keras,,,,,,,,,,,,,,,,1.0,,,,,,,,,,,,,,,,,,,,,,,,,,,,heavy_standardisation,,custom_standardizer,,,,,,,,,,,,,,,,,,,,,,,,,,,,COMPLETE
51,51,0.7293681555309461,2023-12-29 14:05:54.380113,2023-12-29 14:48:00.807904,0 days 00:42:06.427791,morgan,keras_1d_cnn,,,,,,,,,,,,,,,,,,,,,,,,,,,,,,16.0,,,,,,,,,,,,,tanh,relu,relu,True,False,True,0.31000248065649705,0.37804442313208647,0.7773860130247072,,,,,,,tanh,,,96.0,,0.3762120189723098,,,,,,,,,,50.0,,,,,,,,,,,1D,17.0,22.0,32.0,,,,,0.042506924221056314,,,,,,,,,,,,,,,,,,,,,,,,,,,,,,,43.0,36.0,63.0,,,,,,,,,,,,,,,,,,,,,,,,,,,,,,,,,,,,,,,,keras,,,,1024.0,3.0,,,,,,,,,,,,,,,,,,,,,,,,,,,,2.0,,,,,,,,,,,,,basic_standardizer,2.0,1.0,1.0,,,,,,,,,,,,,,,,,,,,,,,,,COMPLETE
52,52,0.7473864507585437,2023-12-29 14:48:00.838995,2023-12-29 15:16:09.338655,0 days 00:28:08.499660,morgan,keras_1d_cnn,,,,,,,,,,,,,,,,,,,,,,,,,,,,,,64.0,,,,,,,,,,,,,tanh,relu,,True,False,,0.27900355127365645,0.4062169707194162,,,,,,,,tanh,,,128.0,,0.23659049513120406,,,,,,,,,,50.0,,,,,,,,,,,1D,12.0,20.0,,,,,,0.0372616539085318,,,,,,,,,,,,,,,,,,,,,,,,,,,,,,,34.0,28.0,,,,,,,,,,,,,,,,,,,,,,,,,,,,,,,,,,,,,,,,,keras,,,,1024.0,2.0,,,,,,,,,,,,,,,,,,,,,,,,,,,,2.0,,,,,,,,,,,,,basic_standardizer,2.0,1.0,,,,,,,,,,,,,,,,,,,,,,,,,,COMPLETE
53,53,0.7439019894833849,2023-12-29 15:16:09.355674,2023-12-29 15:56:18.877752,0 days 00:40:09.522078,morgan,keras_1d_cnn,,,,,,,,,,,,,,,,,,,,,,,,,,,,,,16.0,,,,,,,,,,,,,relu,relu,relu,False,False,True,0.4351481378584545,0.46061552518370485,0.7770054475216613,,,,,,,tanh,,,64.0,,0.4912407512287963,,,,,,,,,,1000.0,,,,,,,,,,,1D,24.0,12.0,32.0,,,,,0.06642069491854635,,,,,,,,,,,,,,,,,,,,,,,,,,,,,,,55.0,49.0,55.0,,,,,,,,,,,,,,,,,,,,,,,,,,,,,,,,,,,,,,,,keras,,,,1024.0,3.0,,,,,,,,,,,,,,,,,,,,,,,,,,,,4.0,,,,,,,,,,,,,basic_standardizer,1.0,2.0,1.0,,,,,,,,,,,,,,,,,,,,,,,,,COMPLETE
54,54,-inf,2023-12-29 15:56:18.902822,2023-12-29 16:56:19.088774,0 days 01:00:00.185952,morgan,keras_tabular_transformer,,,,,,,,,,,,,,,0.014675936491098829,0.49087700203345974,0.0007112639510373775,0.11446013130145155,8.0,2.0,2.0,8.0,,,,,,,,,,,,,,64.0,,,,,,,,,,,,,,,,,,,,,,tanh,0.001571764051204294,,80.0,,,,,,,,,,,64.0,,,,,,,500.0,,,,,1D,,,,,,,,,,,,,,,,,,,,,,,,,,,,,,,,,,,,,,,,,,,,,,,,,,,,,,,,,,,,,,,,,,,,,,,,,,,,,,,,,keras,,2.0,4.0,1024.0,,,,,,,,,,,,,,,,,,,,,,,,,,,,,2.0,,,,,,,,,,,,,basic_standardizer,,,,,,,,,,,,,,,,,,,,,,,,,,,,COMPLETE
55,55,-inf,2023-12-29 16:56:19.134190,2023-12-29 17:56:19.685934,0 days 01:00:00.551744,,,,,,,,,,,,,,,,,,,,,,,,,,,,,,,,,,256.0,,,,,,,,,,,,,,,,,,,,,,,,,,,,,,,,0.5,,,,,,,,,,,798.0,,,,,,,,,,,,,,,,,,,,,,300.0,,,,,,,,,,,,,,,,,,,,,,,,,,,,,,,,,,,,,,,,,,,,,,,,,,,,,,,,,,,,,,,,,,,attentive_fp_model,deepchem,,,,,,,,,,,,,,,,,,,,,,,,,2.0,,,,,,,,,,,,,,,,,,,,,basic_standardizer,,,,,,,,False,,,,,,,False,,,,,,,,,,,,,COMPLETE
56,56,0.7183309326332582,2023-12-29 17:56:19.724541,2023-12-29 18:28:29.410956,0 days 00:32:09.686415,atom_pair,keras_1d_cnn,,,,,,,,,,,,,,,,,,,,,,,,,,,,,,256.0,,,,,,,,,,,,,tanh,tanh,,True,True,,0.1052662257982871,0.22056286200204506,,,,,,,,tanh,,,32.0,,0.17104487983352035,,,,,,,,,,150.0,,,,,,,,,,,1D,11.0,27.0,,,,,,0.02609835427123473,,,,,,,,,,,,,,,,,,,,,,,,,,,,,,,30.0,43.0,,,,,,,,,,,,,,,,,,,,,,,,,,,,50.0,,,,,,,,,1.0,,,,keras,1024.0,,,,2.0,,,,,,,,,,,,,,,,,,,,,,,,,,,,,,,,,,,,,,,,,basic_standardizer,2.0,1.0,,,,,,,,,,,,,,,,,,,,,,,,,,COMPLETE
57,57,0.6731495765216696,2023-12-29 18:28:29.439190,2023-12-29 18:50:25.837724,0 days 00:21:56.398534,mixed,,,,,,,,,,,,,,,,,,,,,,,,,,,,,,,,,,,,,,,,,,,nu_svc_model,,,,,,,,,,,,,,4.0,,,,,,,,,,,,,,,,,,,,,,,,,2d_descriptors,maccs,k_best,,,,,,,,,,0.2747136115350399,,,,,,,,,,,,,,,,,,,,,,,,,,,6.0,rbf,,,,,,,,,,,,,,,,,,,,,,,,,,,,,,,,,,,,,,,,,,,,sklearn,,,,,,,,,,,,,,,,,,,,,0.7962482115519779,,,,,,,,,,,,,,,,,,,,,,,,,basic_standardizer,,,,,,,,,,,,,,,,,,,,,,,,,,,,COMPLETE
58,58,0.7477843302261906,2023-12-29 18:50:25.862211,2023-12-29 18:55:46.256075,0 days 00:05:20.393864,,,,,,,,,,,,,,,,,,,,,,,,,,,,,,,,,,64.0,,,,,,,,,,,,,,,,,,,,,,,,,,,,,,,,,,,,,0.0,,,,,,293.0,,,,,,,,,,,,,,,,,,,,,,,,,,,,,,,,,,,,,,,,,,,,,,,,,,,,,,,,,,,,,,,,,,,,,,,,,,,,,,,,,,,,,,,,,text_cnn_model,deepchem,,,,,,75.0,,,,,,,,,,,,,,,,,,,,,,,,,,,,,,,,,,,,,,,,pass_through_standardizer,,,,,,,,,,,,,,,,,,,,,,,,,,,,COMPLETE
59,59,0.5621771768283397,2023-12-29 18:55:46.282533,2023-12-29 19:26:30.918782,0 days 00:30:44.636249,rdk,,,,,,,,,,,,,,,,,,,,,,,,,,,,,,,,,,,,,,,,,,,voting_classifier_model,,,,,,,,,,,,,,,,,,,,,,,,,,,,,,,,,,,,,,,,,boruta_algorithm,,,,,,,,1024.0,,,,,,,,,,,,,,,,,,,,,,,,,,,,,,,,,,,,,,,,,,,,,,,,,,,,,,,,,,,,,,,,,,,9.0,,,,,1.0,,sklearn,,,,,,,,,,,,,,,,,,,,,,,,,,,,,,,,,,,,,,,,,,,,,,basic_standardizer,,,,,False,,,,,,,,,,,,,0.7735782079252929,0.033978821664926384,0.245608353960994,0.6859537832090337,0.3858896626960373,,,,,,COMPLETE
60,60,0.564351806677388,2023-12-29 19:26:30.952234,2023-12-29 20:25:05.814680,0 days 00:58:34.862446,,,keras_simple_rnn,,,,,,,,,,,,,,,,,,,,,,,,,,,,,,,,,,64.0,,,,,,,,,,,,,,,,,,,,,,,relu,0.34730461235488125,,160.0,,,,,,,,,,,,,,,,,150.0,,,,,,2D,,,,,,,,,,,,,,,,,,,,,,,,,,,,,,,,,,,,,,,,,,,,,,,,,,,,,,,,,,,,,,,,,,,,,,,,,,,,,,,,,keras,,,,,,,,,,,,,,,,,,,,3.0,,,,,,,,,,,,,,,,0.47314053330157496,0.4051182296210381,0.3846323518630717,253.0,152.0,94.0,,,simple_standardisation,,custom_standardizer,,,,,,,,,,,,,,,,,,,,,,,,,,,,COMPLETE
61,61,0.7554654088375019,2023-12-29 20:25:05.832858,2023-12-29 20:39:02.107990,0 days 00:13:56.275132,,,,,,,,,,,,,,,,,,,,,,,,,,,,,,,,,,128.0,,,,,,,,,,,,,,,,,,,,,,,,,,,,,,,,,,,,,0.0,,,,,,137.0,,,,,,,,,,,,,,,,,,,,,,,,,,,,,,,,,,,,,,,,,,,,,,,,,,,,,,,,,,,,,,,,,,,,,,,,,,,,,,,,,,,,,,,,,text_cnn_model,deepchem,,,,,,50.0,,,,,,,,,,,,,,,,,,,,,,,,,,,,,,,,,,,,,,,,basic_standardizer,,,,,,,,,,,,,,,,,,,,,,,,,,,,COMPLETE
62,62,0.7681577165298096,2023-12-29 20:39:02.129999,2023-12-29 20:56:12.076428,0 days 00:17:09.946429,,,,,,,,,,,,,,,,,,,,,,,,,,,,,,,,,,128.0,,,,,,,,,,,,,,,,,,,,,,,,,,,,,,,,,,,,,0.0,,,,,,240.0,,,,,,,,,,,,,,,,,,,,,,,,,,,,,,,,,,,,,,,,,,,,,,,,,,,,,,,,,,,,,,,,,,,,,,,,,,,,,,,,,,,,,,,,,text_cnn_model,deepchem,,,,,,50.0,,,,,,,,,,,,,,,,,,,,,,,,,,,,,,,,,,,,,,,,basic_standardizer,,,,,,,,,,,,,,,,,,,,,,,,,,,,COMPLETE
63,63,0.7488436972157901,2023-12-29 20:56:12.099267,2023-12-29 21:20:35.939787,0 days 00:24:23.840520,,,,,,,,,,,,,,,,,,,,,,,,,,,,,,,,,,128.0,,,,,,,,,,,,,,,,,,,,,,,,,,,,,,,,,,,,,0.25,,,,,,258.0,,,,,,,,,,,,,,,,,,,,,,,,,,,,,,,,,,,,,,,,,,,,,,,,,,,,,,,,,,,,,,,,,,,,,,,,,,,,,,,,,,,,,,,,,text_cnn_model,deepchem,,,,,,100.0,,,,,,,,,,,,,,,,,,,,,,,,,,,,,,,,,,,,,,,,basic_standardizer,,,,,,,,,,,,,,,,,,,,,,,,,,,,COMPLETE
64,64,0.7300316178223154,2023-12-29 21:20:35.966115,2023-12-29 22:35:17.657401,0 days 01:14:41.691286,,,,,,,,,,,,,,,,,,,,,,,,,,,,,,,,,,512.0,,,,,,,,,,,,,,,,,,,,,,,,,,,,,,4.0,,,,,,,,,,,,,426.0,,,,,,,,,,,,,,0.0,1.0,,,,,,,,,,,,,,,,,,,,,,,,,,,,,,,,,,,,,,,,,,,,,,,,,,,,,,,,,,,,,,,,,,,,,,,,,,dmpnn_model,deepchem,,,,,,,,,,,,,,,,,,,,,,,,,,,,,,,,,,,,,,,,,,,,,,basic_standardizer,,,,,,,,,,,,,,,,,,,,,,,,,,,,COMPLETE
65,65,-inf,2023-12-29 22:35:17.680675,2023-12-29 23:35:17.936346,0 days 01:00:00.255671,,,,,,,,,,,,,,,,,,,,,,,,,,,,,,,,,,32.0,,,,,,,,,,,,,,,,,,,,,,,,,,,,,,,,0.0,,,,,,,,,,,220.0,,,,,,,,,,,,,,,,,,,,,,100.0,,,,,,,,,,,,,,,,,,,,,,,,,,,,,,,,,,,,,,,,,,,,,,,,,,,,,,,,,,,,,,,,,,,attentive_fp_model,deepchem,,,,,,,,,,,,,,,,,,,,,,,,,5.0,,,,,,,,,,,,,,,,,,,,,basic_standardizer,,,,,,,,True,,,,,,,True,,,,,,,,,,,,,COMPLETE
66,66,-inf,2023-12-29 23:35:17.963602,2023-12-29 23:38:49.130537,0 days 00:03:31.166935,,,,,,,,,,,,,,,,,,,,,,,,,,,,,,,,,,128.0,,,,,,,,,,,,,,,,,,,,,,,,,,,,,,,,,0.5,,,,,,,,,,557.0,,,,,,,,,,,,,,,,,,,,,,,,,,,,,,,,,,,,,,,,,,,,,,,,,,,,,,,,,,,,,,,[100],"[200, 100]",,,,,,,,,,,,,,,,,,,,,,,,,dag_model,deepchem,,,,,,,,,,,,,256.0,,,,,,,,,,,,,,,,,,,,,,,,,,,,,,,,,chembl_standardizer,,,,,,,,,,,,,,,,,,,,,,,,,,,,COMPLETE
67,67,0.7050062211690118,2023-12-29 23:38:49.156818,2023-12-30 00:21:56.949351,0 days 00:43:07.792533,layered,,,,,relu,,,,,5.921589092668036e-05,,,,,,,,,,,,,,,,,,,,,,,,,,,,,,,,,mlp_classifier_model,,,,,,,,,,,,,,,,,,,,,,,,,,,,,,,,,,,,,,,,,low_variance_fs,,,,,,,,2048.0,,,,,,,,,,,,,,,,,,,,,,,"(100,)",,,,,,,,,,,,,,,,,,,,,,,,,,,,,,,,,,,,,,,10.0,,,,,,,,,3.0,,,sklearn,,,,,,,,,,,,,,,,,,,,,,,,,,,,,,,,,,,,,,,,,,,,,,basic_standardizer,,,,,,0.14698505139309276,,,,,,,,,,,,,,,,,,,,,,COMPLETE
68,68,0.5,2023-12-30 00:21:56.984017,2023-12-30 01:16:51.823775,0 days 00:54:54.839758,mol2vec,keras_1d_cnn,,,,,,,,,,,,,,,,,,,,,,,,,,,,,,16.0,,,,,,,,,,,,,tanh,relu,tanh,True,False,True,0.21887952575914876,0.5782805110140918,0.42203378027455585,,,,,,,tanh,,,128.0,,0.1388800664000632,,,,,,,,,,300.0,,,,,,,,,,,1D,23.0,4.0,21.0,,,,,0.057264276951967924,,,,,,,,,,,,,,,,,,,,,,,,,,,,,,,51.0,24.0,44.0,,,,,,,,,,,,,,,,,,,,,,,,,,,,,,,,,,,,,,,,keras,,,,,3.0,,,,,,,,,,,,,,,,,,,,,,,,,,,,,,,,,,,,,,,simple_standardisation,,custom_standardizer,1.0,1.0,1.0,,,,,,,,,,,,,,,,,,,,,,,,,COMPLETE
69,69,0.7439124441450022,2023-12-30 01:16:51.897006,2023-12-30 01:48:13.106354,0 days 00:31:21.209348,2d_descriptors,,,,,,,,,0.4800376923952205,,,,,,,,,,,,,,,,,,,,,,,,,,,,,,,,,,complement_nb_model,,,,,,,,,,,,,,,,,,,,,,,,,,,,,,,,,,,,,,,,,percentil_fs,,,,,,,,,,,,,,,,,,,,,,,,,,,,,,,,,,,,,,,,,,,,,,,,,,,,,,,,,,,,,,,,,,,,,,,,,,,,,,,,,,sklearn,,,,,,,,,,,,,,,,,,,,,,,,,,,,,,98.0,,,,,,,,,,,,pass_through_transformer,,,,basic_standardizer,,,,,,,,,,,,,,,,,,,,,,,,,,,,COMPLETE
70,70,-inf,2023-12-30 01:48:13.129592,2023-12-30 02:33:04.219951,0 days 00:44:51.090359,,,,,,,,,,,,,,,,,,,,,,,,,,,,,,,,,,128.0,,,,,,,,,,,,,,,,,,,,,,,,,,,,,,,,,,,,,,0.5,,,,,378.0,,,,,,,,,,,,,,,,,,,,,,,,,,,,,,,,,,,,,,,,,,,,,,,,,,,,,,,,,,,,,,,,,,,,,,,,,,,,,,,,,,,,,,,,,weave_model,deepchem,,,,,,,,,,,,,,128.0,,,50.0,,,,,,,,,,,,,,,,,,,,,,,,,,,,,basic_standardizer,,,,,,,,,,,,False,,,,,,,,,,,,,,,,COMPLETE
71,71,0.7463961447682378,2023-12-30 02:33:04.255153,2023-12-30 02:52:36.529035,0 days 00:19:32.273882,,,,,,,,,,,,,,,,,,,,,,,,,,,,,,,,,,128.0,,,,,,,,,,,,,,,,,,,,,,,,,,,,,,,,,,,,,0.0,,,,,,177.0,,,,,,,,,,,,,,,,,,,,,,,,,,,,,,,,,,,,,,,,,,,,,,,,,,,,,,,,,,,,,,,,,,,,,,,,,,,,,,,,,,,,,,,,,text_cnn_model,deepchem,,,,,,50.0,,,,,,,,,,,,,,,,,,,,,,,,,,,,,,,,,,,,,,,,basic_standardizer,,,,,,,,,,,,,,,,,,,,,,,,,,,,COMPLETE
72,72,0.7447698640721896,2023-12-30 02:52:36.561562,2023-12-30 03:08:35.286491,0 days 00:15:58.724929,,,,,,,,,,,,,,,,,,,,,,,,,,,,,,,,,,128.0,,,,,,,,,,,,,,,,,,,,,,,,,,,,,,,,,,,,,0.0,,,,,,103.0,,,,,,,,,,,,,,,,,,,,,,,,,,,,,,,,,,,,,,,,,,,,,,,,,,,,,,,,,,,,,,,,,,,,,,,,,,,,,,,,,,,,,,,,,text_cnn_model,deepchem,,,,,,50.0,,,,,,,,,,,,,,,,,,,,,,,,,,,,,,,,,,,,,,,,basic_standardizer,,,,,,,,,,,,,,,,,,,,,,,,,,,,COMPLETE
73,73,0.7606613799637054,2023-12-30 03:08:35.307151,2023-12-30 03:30:07.432609,0 days 00:21:32.125458,,,,,,,,,,,,,,,,,,,,,,,,,,,,,,,,,,128.0,,,,,,,,,,,,,,,,,,,,,,,,,,,,,,,,,,,,,0.25,,,,,,215.0,,,,,,,,,,,,,,,,,,,,,,,,,,,,,,,,,,,,,,,,,,,,,,,,,,,,,,,,,,,,,,,,,,,,,,,,,,,,,,,,,,,,,,,,,text_cnn_model,deepchem,,,,,,50.0,,,,,,,,,,,,,,,,,,,,,,,,,,,,,,,,,,,,,,,,basic_standardizer,,,,,,,,,,,,,,,,,,,,,,,,,,,,COMPLETE
74,74,0.6023448773448774,2023-12-30 03:30:07.464927,2023-12-30 04:19:48.750788,0 days 00:49:41.285861,,,,,,,,,,,,,,,,,,,,,,,,,,64.0,,,,,,,,128.0,,,,,,,,,,,,,,,,,,,,,,,,,,,,,,,,,,,,,,,,,,,260.0,,,,,,,,,,,,,,,,,,,,,,,,,,,,,,,,,,,,,,,,,,,,,,,,,,,,,,,,,,,,,,,,,,,,,,,,,,,,,,,,,,,,,,,,,chem_ception_model,deepchem,,,,,,,,,,,,,,,,,,,,,,,,,,,,,,,,,,,,,,,,,,,,,,basic_standardizer,,,,,,,,,,,,,,,,,,,,,,,,,,,,COMPLETE
75,75,-inf,2023-12-30 04:19:48.773847,2023-12-30 04:19:48.907994,0 days 00:00:00.134147,,,,,,,,,,,,,,,,,,,,,,,,,,,,,,,,,,128.0,,,,,,,,,,,,,,,,,,,,,,,,,,,,,,,,,,,,,,,,,,,374.0,,,,,,,,,,,,,,,,,,,,,,,,,,,,,,,,,,,,,,,,,,,,,,,,,,,,,,,,,,,,,,,,,,,,,,,,,,,,,,,,,,,,,,,,,gat_model,deepchem,,,,,,,,,,,,,,,,,,,,,,,,,,,,,,,,,,,,,,,,,,,,heavy_standardisation,,custom_standardizer,,,,,,,,,False,,,,False,,,True,,,,,,,,,,,,COMPLETE
76,76,0.6226286590240078,2023-12-30 04:19:48.927447,2023-12-30 04:47:26.969264,0 days 00:27:38.041817,morgan,,,,,,SAMME,,,,,,,,,,,,,,,,,,,,,,,,,,,,,,,,,,,,,ada_boost_classifier_model,,,,,,,,,,,,,,,,,,,,,,,,,,,,,,,,,,,,,,,,,pass_through_transformer,,,,,,,,,,,,,,,,,,,,,,,,,,,,,,,,,,,,,,,,,,,,,,,,,,,,,,,,,,0.07342283660583399,,,,,,,,,,,,,,,,,,,,,,,,sklearn,,,,2048.0,,,,200.0,,,,,,,,,,,,,,,,,,,,,,,,,4.0,,,,,,,,,,,,,basic_standardizer,,,,,,,,,,,,,,,,,,,,,,,,,,,,COMPLETE
77,77,0.5,2023-12-30 04:47:26.990032,2023-12-30 05:12:12.387988,0 days 00:24:45.397956,mixed,keras_1d_cnn,,,,,,,,,,,,,,,,,,,,,,,,,,,,,,128.0,,,,,,,,,,,,,relu,,,False,,,0.3918586747099042,,,,,,,,,tanh,,,192.0,,0.393281562964877,,,,,,,,,,200.0,,,,,,,,mol2vec,atom_pair,,1D,21.0,,,,,,,0.029114367268267983,,,,,,,,,,,,,,,,,,,,,,,,,,,,,,,36.0,,,,,,,,,,,,,,,,,,,,,,,,,,,,,,,,,,,,,,,,,,keras,,,,,1.0,,,,,,,,,,,,,,,,,,,,,,,,,,,,,,,,,,,,,,,,,pass_through_standardizer,2.0,,,,,,,,,,,,,,,,,,,,,,,,,,,COMPLETE
78,78,0.7344272265202498,2023-12-30 05:12:12.416108,2023-12-30 07:03:48.653048,0 days 01:51:36.236940,,,,,,,,,,,,,,,,,,,,,,,,,,,,,,,,,,8.0,,,,,,,,,,,,,,,,,,,,,,,,,,,,128.0,,,,,,,0.0,,,,,,,,534.0,,,,,,,,,,,,,,,,,,,,"[256, 128]",,,,,,,,,,,,,,,,,,,,,,,,,,,,,,,,,,,,,,,,,,,,,,,,,,,,,,,,True,,,,,,,,,,,,,graph_conv_model,deepchem,,,,,,,,,,,,,,,,,,,,,,,,,,,,,,,,,,,,,,,,,,,,,,chembl_standardizer,,,,,,,,,,,True,,,,,,,,,,,,,,,,,COMPLETE
79,79,0.6191314241314241,2023-12-30 07:03:48.683430,2023-12-30 07:50:03.689157,0 days 00:46:15.005727,2d_descriptors,,,,,,,,,,,,,,,0.7827341793357148,,,,,,,,,,,,,,,,,,,,,,,,,,,,sgd_classifier_model,,,,,,,,,,,,,,,,,,,,,,,,,,,,,,,,,,,,,,0.4151601506714445,,,k_best,,,,,,,,,,,,,,,,,,,,,,,,,,,,,,,,,,,,,22.0,,,,,,,,,,,,0.7315133994558091,,,,,,,,,,,,,,,,,,,,,,,,,,,,,,,,,sklearn,,,,,,,,,,,,,,,,,,,705.0,,,,,,,,normal,,l1,,,,,,,,,,,,,quantile_transformer,,,,basic_standardizer,,,,,,,,,,,,,,,,,,,,,,,,,,,,COMPLETE
80,80,0.8099464273882878,2023-12-30 07:50:03.715762,2023-12-30 08:31:08.574430,0 days 00:41:04.858668,maccs,,,,,,,,,,,,,,,,,,,,,,,,,,,,,,,,,,,,,,,,,,,gaussian_process_classifier_model,,,,,,,,,,,,,,,,,,,,,,,,,,,,,,,,,,,,,,,,,select_from_model_fs,,,,,,,,,,,,,,,,,,,,,,,,,,,,,,,,,,,,,,,,,,,,,,,,,,,,,,,,,,,,,,,,,,,,,,,,,,,,,,,,,,sklearn,,,,,,,149.0,,,,,,,,,,,,,,,,,,,,,,,,,,,,,,,,,,,,,heavy_standardisation,,custom_standardizer,,,,,,,,,,,,,,,,,,,,,,,,,,,,COMPLETE
81,81,0.7959060792781723,2023-12-30 08:31:08.603503,2023-12-30 09:14:20.377216,0 days 00:43:11.773713,maccs,,,,,,,,,,,,,,,,,,,,,,,,,,,,,,,,,,,,,,,,,,,gaussian_process_classifier_model,,,,,,,,,,,,,,,,,,,,,,,,,,,,,,,,,,,,,,,,,select_from_model_fs,,,,,,,,,,,,,,,,,,,,,,,,,,,,,,,,,,,,,,,,,,,,,,,,,,,,,,,,,,,,,,,,,,,,,,,,,,,,,,,,,,sklearn,,,,,,,57.0,,,,,,,,,,,,,,,,,,,,,,,,,,,,,,,,,,,,,heavy_standardisation,,custom_standardizer,,,,,,,,,,,,,,,,,,,,,,,,,,,,COMPLETE
82,82,0.8107598732017337,2023-12-30 09:14:20.399318,2023-12-30 09:54:07.840089,0 days 00:39:47.440771,maccs,,,,,,,,,,,,,,,,,,,,,,,,,,,,,,,,,,,,,,,,,,,gaussian_process_classifier_model,,,,,,,,,,,,,,,,,,,,,,,,,,,,,,,,,,,,,,,,,select_from_model_fs,,,,,,,,,,,,,,,,,,,,,,,,,,,,,,,,,,,,,,,,,,,,,,,,,,,,,,,,,,,,,,,,,,,,,,,,,,,,,,,,,,sklearn,,,,,,,56.0,,,,,,,,,,,,,,,,,,,,,,,,,,,,,,,,,,,,,heavy_standardisation,,custom_standardizer,,,,,,,,,,,,,,,,,,,,,,,,,,,,COMPLETE
83,83,0.7906433230851836,2023-12-30 09:54:07.875367,2023-12-30 10:25:43.044507,0 days 00:31:35.169140,maccs,,,,,,,,,,,,,,,,,,,,,,,,,,,,,,,,,,,,,,,,,,,gaussian_process_classifier_model,,,,,,,,,,,,,,,,,,,,,,,,,,,,,,,,,,,,,,,,,select_from_model_fs,,,,,,,,,,,,,,,,,,,,,,,,,,,,,,,,,,,,,,,,,,,,,,,,,,,,,,,,,,,,,,,,,,,,,,,,,,,,,,,,,,sklearn,,,,,,,10.0,,,,,,,,,,,,,,,,,,,,,,,,,,,,,,,,,,,,,heavy_standardisation,,custom_standardizer,,,,,,,,,,,,,,,,,,,,,,,,,,,,COMPLETE
84,84,0.7814784139202744,2023-12-30 10:25:43.092237,2023-12-30 10:57:14.023380,0 days 00:31:30.931143,maccs,,,,,,,,,,,,,,,,,,,,,,,,,,,,,,,,,,,,,,,,,,,gaussian_process_classifier_model,,,,,,,,,,,,,,,,,,,,,,,,,,,,,,,,,,,,,,,,,select_from_model_fs,,,,,,,,,,,,,,,,,,,,,,,,,,,,,,,,,,,,,,,,,,,,,,,,,,,,,,,,,,,,,,,,,,,,,,,,,,,,,,,,,,sklearn,,,,,,,22.0,,,,,,,,,,,,,,,,,,,,,,,,,,,,,,,,,,,,,heavy_standardisation,,custom_standardizer,,,,,,,,,,,,,,,,,,,,,,,,,,,,COMPLETE
85,85,0.8091918675639607,2023-12-30 10:57:14.045534,2023-12-30 11:49:44.485697,0 days 00:52:30.440163,maccs,,,,,,,,,,,,,,,,,,,,,,,,,,,,,,,,,,,,,,,,,,,gaussian_process_classifier_model,,,,,,,,,,,,,,,,,,,,,,,,,,,,,,,,,,,,,,,,,select_from_model_fs,,,,,,,,,,,,,,,,,,,,,,,,,,,,,,,,,,,,,,,,,,,,,,,,,,,,,,,,,,,,,,,,,,,,,,,,,,,,,,,,,,sklearn,,,,,,,26.0,,,,,,,,,,,,,,,,,,,,,,,,,,,,,,,,,,,,,heavy_standardisation,,custom_standardizer,,,,,,,,,,,,,,,,,,,,,,,,,,,,COMPLETE
86,86,0.7975323599742203,2023-12-30 11:49:44.510104,2023-12-30 12:46:58.014109,0 days 00:57:13.504005,maccs,,,,,,,,,,,,,,,,,,,,,,,,,,,,,,,,,,,,,,,,,,,gaussian_process_classifier_model,,,,,,,,,,,,,,,,,,,,,,,,,,,,,,,,,,,,,,,,,select_from_model_fs,,,,,,,,,,,,,,,,,,,,,,,,,,,,,,,,,,,,,,,,,,,,,,,,,,,,,,,,,,,,,,,,,,,,,,,,,,,,,,,,,,sklearn,,,,,,,16.0,,,,,,,,,,,,,,,,,,,,,,,,,,,,,,,,,,,,,heavy_standardisation,,custom_standardizer,,,,,,,,,,,,,,,,,,,,,,,,,,,,COMPLETE
87,87,0.769614149846708,2023-12-30 12:46:58.034376,2023-12-30 13:33:53.127129,0 days 00:46:55.092753,maccs,,,,,,,,,,,,,,,,,,,,,,,,,,,,,,,,,,,,,,,,,,,gaussian_process_classifier_model,,,,,,,,,,,,,,,,,,,,,,,,,,,,,,,,,,,,,,,,,select_from_model_fs,,,,,,,,,,,,,,,,,,,,,,,,,,,,,,,,,,,,,,,,,,,,,,,,,,,,,,,,,,,,,,,,,,,,,,,,,,,,,,,,,,sklearn,,,,,,,18.0,,,,,,,,,,,,,,,,,,,,,,,,,,,,,,,,,,,,,heavy_standardisation,,custom_standardizer,,,,,,,,,,,,,,,,,,,,,,,,,,,,COMPLETE
88,88,0.7837050589376171,2023-12-30 13:33:53.147747,2023-12-30 14:23:44.621227,0 days 00:49:51.473480,maccs,,,,,,,,,,,,,,,,,,,,,,,,,,,,,,,,,,,,,,,,,,,gaussian_process_classifier_model,,,,,,,,,,,,,,,,,,,,,,,,,,,,,,,,,,,,,,,,,select_from_model_fs,,,,,,,,,,,,,,,,,,,,,,,,,,,,,,,,,,,,,,,,,,,,,,,,,,,,,,,,,,,,,,,,,,,,,,,,,,,,,,,,,,sklearn,,,,,,,24.0,,,,,,,,,,,,,,,,,,,,,,,,,,,,,,,,,,,,,heavy_standardisation,,custom_standardizer,,,,,,,,,,,,,,,,,,,,,,,,,,,,COMPLETE
89,89,0.7726107269130524,2023-12-30 14:23:44.661910,2023-12-30 15:00:23.998521,0 days 00:36:39.336611,maccs,,,,,,,,,,,,,,,,,,,,,,,,,,,,,,,,,,,,,,,,,,,gaussian_process_classifier_model,,,,,,,,,,,,,,,,,,,,,,,,,,,,,,,,,,,,,,,,,select_from_model_fs,,,,,,,,,,,,,,,,,,,,,,,,,,,,,,,,,,,,,,,,,,,,,,,,,,,,,,,,,,,,,,,,,,,,,,,,,,,,,,,,,,sklearn,,,,,,,16.0,,,,,,,,,,,,,,,,,,,,,,,,,,,,,,,,,,,,,heavy_standardisation,,custom_standardizer,,,,,,,,,,,,,,,,,,,,,,,,,,,,COMPLETE
90,90,0.801310063751924,2023-12-30 15:00:24.027923,2023-12-30 15:35:14.440053,0 days 00:34:50.412130,maccs,,,,,,,,,,,,,,,,,,,,,,,,,,,,,,,,,,,,,,,,,,,gaussian_process_classifier_model,,,,,,,,,,,,,,,,,,,,,,,,,,,,,,,,,,,,,,,,,select_from_model_fs,,,,,,,,,,,,,,,,,,,,,,,,,,,,,,,,,,,,,,,,,,,,,,,,,,,,,,,,,,,,,,,,,,,,,,,,,,,,,,,,,,sklearn,,,,,,,41.0,,,,,,,,,,,,,,,,,,,,,,,,,,,,,,,,,,,,,heavy_standardisation,,custom_standardizer,,,,,,,,,,,,,,,,,,,,,,,,,,,,COMPLETE
91,91,0.7917646092064696,2023-12-30 15:35:14.475579,2023-12-30 16:08:16.159236,0 days 00:33:01.683657,maccs,,,,,,,,,,,,,,,,,,,,,,,,,,,,,,,,,,,,,,,,,,,gaussian_process_classifier_model,,,,,,,,,,,,,,,,,,,,,,,,,,,,,,,,,,,,,,,,,select_from_model_fs,,,,,,,,,,,,,,,,,,,,,,,,,,,,,,,,,,,,,,,,,,,,,,,,,,,,,,,,,,,,,,,,,,,,,,,,,,,,,,,,,,sklearn,,,,,,,34.0,,,,,,,,,,,,,,,,,,,,,,,,,,,,,,,,,,,,,heavy_standardisation,,custom_standardizer,,,,,,,,,,,,,,,,,,,,,,,,,,,,COMPLETE
92,92,0.7950565024983629,2023-12-30 16:08:16.192278,2023-12-30 16:40:35.133695,0 days 00:32:18.941417,maccs,,,,,,,,,,,,,,,,,,,,,,,,,,,,,,,,,,,,,,,,,,,gaussian_process_classifier_model,,,,,,,,,,,,,,,,,,,,,,,,,,,,,,,,,,,,,,,,,select_from_model_fs,,,,,,,,,,,,,,,,,,,,,,,,,,,,,,,,,,,,,,,,,,,,,,,,,,,,,,,,,,,,,,,,,,,,,,,,,,,,,,,,,,sklearn,,,,,,,74.0,,,,,,,,,,,,,,,,,,,,,,,,,,,,,,,,,,,,,heavy_standardisation,,custom_standardizer,,,,,,,,,,,,,,,,,,,,,,,,,,,,COMPLETE
93,93,0.790188777630638,2023-12-30 16:40:35.161448,2023-12-30 17:12:29.470403,0 days 00:31:54.308955,maccs,,,,,,,,,,,,,,,,,,,,,,,,,,,,,,,,,,,,,,,,,,,gaussian_process_classifier_model,,,,,,,,,,,,,,,,,,,,,,,,,,,,,,,,,,,,,,,,,select_from_model_fs,,,,,,,,,,,,,,,,,,,,,,,,,,,,,,,,,,,,,,,,,,,,,,,,,,,,,,,,,,,,,,,,,,,,,,,,,,,,,,,,,,sklearn,,,,,,,123.0,,,,,,,,,,,,,,,,,,,,,,,,,,,,,,,,,,,,,heavy_standardisation,,custom_standardizer,,,,,,,,,,,,,,,,,,,,,,,,,,,,COMPLETE
94,94,0.7931999525022781,2023-12-30 17:12:29.498934,2023-12-30 17:44:05.441445,0 days 00:31:35.942511,maccs,,,,,,,,,,,,,,,,,,,,,,,,,,,,,,,,,,,,,,,,,,,gaussian_process_classifier_model,,,,,,,,,,,,,,,,,,,,,,,,,,,,,,,,,,,,,,,,,select_from_model_fs,,,,,,,,,,,,,,,,,,,,,,,,,,,,,,,,,,,,,,,,,,,,,,,,,,,,,,,,,,,,,,,,,,,,,,,,,,,,,,,,,,sklearn,,,,,,,140.0,,,,,,,,,,,,,,,,,,,,,,,,,,,,,,,,,,,,,heavy_standardisation,,custom_standardizer,,,,,,,,,,,,,,,,,,,,,,,,,,,,COMPLETE
95,95,0.8089171422892353,2023-12-30 17:44:05.496329,2023-12-30 18:16:53.986700,0 days 00:32:48.490371,maccs,,,,,,,,,,,,,,,,,,,,,,,,,,,,,,,,,,,,,,,,,,,gaussian_process_classifier_model,,,,,,,,,,,,,,,,,,,,,,,,,,,,,,,,,,,,,,,,,select_from_model_fs,,,,,,,,,,,,,,,,,,,,,,,,,,,,,,,,,,,,,,,,,,,,,,,,,,,,,,,,,,,,,,,,,,,,,,,,,,,,,,,,,,sklearn,,,,,,,170.0,,,,,,,,,,,,,,,,,,,,,,,,,,,,,,,,,,,,,heavy_standardisation,,custom_standardizer,,,,,,,,,,,,,,,,,,,,,,,,,,,,COMPLETE
96,96,0.7951588076006679,2023-12-30 18:16:54.009581,2023-12-30 19:04:00.643928,0 days 00:47:06.634347,maccs,,,,,,,,,,,,,,,,,,,,,,,,,,,,,,,,,,,,,,,,,,,gaussian_process_classifier_model,,,,,,,,,,,,,,,,,,,,,,,,,,,,,,,,,,,,,,,,,select_from_model_fs,,,,,,,,,,,,,,,,,,,,,,,,,,,,,,,,,,,,,,,,,,,,,,,,,,,,,,,,,,,,,,,,,,,,,,,,,,,,,,,,,,sklearn,,,,,,,200.0,,,,,,,,,,,,,,,,,,,,,,,,,,,,,,,,,,,,,heavy_standardisation,,custom_standardizer,,,,,,,,,,,,,,,,,,,,,,,,,,,,COMPLETE
97,97,0.6630317658224636,2023-12-30 19:04:00.692251,2023-12-30 19:52:51.310424,0 days 00:48:50.618173,maccs,,,,1.0911754516134908,,,,,,,,,,,,,,,,,,,,,,,,,,,,,,,,,,,,,,,passive_aggressive_classifier_model,,,,,,,,,,,,,,,,,,,,,,,,,,,,,,,,,,,,,,,,,select_from_model_fs,,,,,,,,,,,,,,,,,,,,,,,,,,,,,,,,,,,,,,,,,,,,,,,,,,,,,,,,,,,,,,,,,,,,,,,,,,,,,,,,,,sklearn,,,,,,,176.0,,,,,,,,,,,,,,,,,,,,,,,,,,,,,,,,,,,,,heavy_standardisation,,custom_standardizer,,,,,,,,,,,,,,,,,,,,,,,,,,,,COMPLETE
98,98,0.6977610933424886,2023-12-30 19:52:51.341221,2023-12-30 20:22:50.709724,0 days 00:29:59.368503,maccs,,,,,,,,,,,,1.1127924861889091,,,,,,,,,,,,,,,,,,,,,,,,,,,,,,,perceptron_model,,,,,,,,,,,,,,,,,,,,,,,,,,,,,,,,,,,,,,,,,select_from_model_fs,,,,,,,,,,,,,,,,,,,,,,,,,,,,,,,,,,,,,,,,,,,,,,,,,,,,,,,,,,,,,,,,,,,,,,,,,,,,,,,,,,sklearn,,,,,,,178.0,,,,,,,,,,,,,,,,,,,,,,,,,,,,,,,,,,,,,heavy_standardisation,,custom_standardizer,,,,,,,,,,,,,,,,,,,,,,,,,,,,COMPLETE
99,99,0.580216940682057,2023-12-30 20:22:50.728803,2023-12-30 20:52:28.515408,0 days 00:29:37.786605,maccs,,,,,,,,,,,,,,,,,,,,,,,,,,,,,,,,,,,,,,,,,,,nearest_centroid_model,,,,,,,,,,,,,,,,,,,,,,,,,,,,,,,,,,,,,,,,,select_from_model_fs,,,,,,,,,,,,,,,,,,,,,,,,,,,,,,,,,,,,,,,,,,,,,,,,,,,,,,,,,,,,,,,,,,,,,,,,,,,,,chebyshev,,,,,sklearn,,,,,,,128.0,,,,,,,,,,,,,,,,,,,,,,,,,,,,,,,,,,,,,heavy_standardisation,,custom_standardizer,,,,,,,,,,,,,,,,,,,,,,,,,,,,COMPLETE
