,number,value,datetime_start,datetime_complete,duration,params_1D_featurizer,params_1d_model,params_2d_model,params_C_linear_svc,params_C_logistic_regression,params_C_passive_aggressive_classifier,params_C_svc,params_Cs_logistic_regression_cv,params_activation_mlp_classifier,params_agg_modes,params_algorithm_ada_boost_classifier,params_algorithm_kneighbors_classifier,params_algorithm_radius_neighbors_classifier,params_alpha_bernoulli_nb,params_alpha_complement_nb,params_alpha_mlp_classifier,params_alpha_multinomial_nb,params_alpha_perceptron,params_alpha_ridge_classifier,params_alpha_ridge_classifier_cv,params_alpha_sgd_classifier,params_base_estimator_bagging_classifier,params_base_filters,params_batch_normalization_0,params_batch_normalization_1,params_batch_normalization_2,params_batch_normalization_3,params_batch_size_deepchem,params_batchnorm,params_bootstrap_bagging_classifier,params_bootstrap_extra_trees_classifier,params_bootstrap_features,params_bootstrap_random_forest_classifier,params_classification_model,params_conv_activation_0,params_conv_activation_1,params_conv_batch_norm_0,params_conv_batch_norm_1,params_conv_dropout_0,params_conv_dropout_1,params_criterion_decision_tree,params_criterion_extra_trees_classifier,params_criterion_gradient_boosting_classifier,params_criterion_random_forest_classifier,params_degree_nu_svc,params_degree_one_class_svm,params_degree_svc,params_dense_activation,params_dense_dropout,params_dense_layer_size,params_dense_units,params_depth_dmpnn,params_dropout,params_dropout_attentive_fp,params_dropout_dag,params_dropout_gat,params_dropout_gcn,params_dropout_graph_conv,params_dropout_pagtn,params_dropout_text_cnn,params_dropouts_weave,params_embedding_dim,params_embedding_output_dim,params_epochs_deepchem,params_epsilon_sgd_classifier,params_f1,params_f2,params_feature_selector,params_featurizer_type,params_filter_0,params_filter_1,params_filters,params_fnn_dropout_p,params_fnn_layers,params_fpSize,params_g_noise,params_gamma_nu_svc,params_gamma_one_class_svm,params_gamma_svc,params_graph_conv_layers_conv_model,params_graph_conv_layers_gcn,params_graph_feat_size_attentive_fp,params_gru_dropout_0,params_gru_dropout_1,params_gru_dropout_2,params_gru_units_0,params_gru_units_1,params_gru_units_2,params_hidden_activation_0,params_hidden_activation_1,params_hidden_activation_2,params_hidden_activation_3,params_hidden_dropout_0,params_hidden_dropout_1,params_hidden_dropout_2,params_hidden_dropout_3,params_hidden_layer_sizes_mlp_classifier,params_hidden_layer_units_0,params_hidden_layer_units_1,params_hidden_layer_units_2,params_hidden_layer_units_3,params_k,params_kernel_nu_svc,params_kernel_one_class_svm,params_kernel_size_0,params_kernel_size_1,params_kernel_size_smiles_to_vec,params_kernel_svc,params_l1_0,params_l1_1,params_l1_2,params_l1_3,params_l1_ratio_sgd_classifier,params_l2_0,params_l2_1,params_l2_2,params_l2_3,params_layer_sizes_dag,params_layer_sizes_gather,params_leaf_size_kneighbors_classifier,params_leaf_size_radius_neighbors_classifier,params_learning_rate_ada_boost_classifier,params_learning_rate_gradient_boosting_classifier,params_learning_rate_hist_gradient_boosting_classifier,params_loss_gradient_boosting_classifier,params_lstm_dropout_0,params_lstm_dropout_1,params_lstm_units_0,params_lstm_units_1,params_master_atom,params_maxLength,params_maxPath,params_max_features_extra_trees_classifier,params_max_features_gradient_boosting_classifier,params_max_features_random_forest_classifier,params_max_length_pagtn,params_max_path,params_method,params_metric,params_minLength,params_minPath,params_min_path,params_model_steps,params_model_type,params_nBits,params_n_attention_heads,params_n_attention_layers,params_n_bits,params_n_conv_layers,params_n_embedding_text_cnn,params_n_estimators,params_n_estimators_ada_boost_classifier,params_n_estimators_bagging_classifier,params_n_estimators_extra_trees_classifier,params_n_estimators_gradient_boosting_classifier,params_n_estimators_random_forest_classifier,params_n_graph_feat_dag,params_n_graph_feat_weave,params_n_gru_layers,params_n_hidden_layers,params_n_hidden_weave,params_n_lstm_layers,params_n_neighbors_kneighbors_classifier,params_n_quantiles,params_n_rnn_layers,params_norm,params_nu_nu_svc,params_nu_one_class_svm,params_nu_sgd_one_class_svm,params_num_heads,params_num_layers_attentive_fp,params_num_layers_pagtn,params_output_distribution,params_p,params_penalty,params_percentile,params_predictor_dropout_gat,params_predictor_dropout_gcn,params_quantile_range,params_radius,params_radius_n_radius_neighbors_classifier,params_reg_param,params_rnn_dropouts_0,params_rnn_dropouts_1,params_rnn_dropouts_2,params_rnn_units_0,params_rnn_units_1,params_rnn_units_2,params_scaler,params_solver,params_standardization_type,params_standardize,params_standardizer,params_stride_0,params_stride_1,params_strides,params_support_weak,params_threshold,params_tol,params_use_chirality_attentive_fp,params_use_chirality_gat,params_use_chirality_gcn,params_use_chirality_graph_conv,params_use_chirality_weave,params_use_edges_gat,params_use_edges_gcn,params_use_partial_charge_attentive_fp,params_use_partial_charge_gat,params_use_partial_charge_gcn,params_weight_gbr,params_weight_lr,params_weight_mlp,params_weight_rfr,params_weight_svc,params_weights_kneighbors_classifier,params_weights_radius_neighbors_classifier,params_with_centering,params_with_mean,params_with_scaling,params_with_std,state
0,0,0.412113327634148,2024-02-22 14:18:36.101812,2024-02-22 15:03:22.398521,0 days 00:44:46.296709,,,,,,,,,,,,,,,,,,,,,,,,,,,,128.0,,,,,,,,,,,,,,,,,,,,,,,,,,0.25,,,,,,,,,,798.0,,,,,,,,,,,,,,,,,,200.0,,,,,,,,,,,,,,,,,,,,,,,,,,,,,,,,,,,,,,,,,,,,,,,,,,,,,,,,,,,,,attentive_fp_model,deepchem,,,,,,,,,,,,,,,,,,,,,,,,,,,2.0,,,,,,,,,,,,,,,,,,,,,,basic_standardizer,,,,,,,False,,,,,,,True,,,,,,,,,,,,,,COMPLETE
1,1,0.3685603446043352,2024-02-22 15:03:22.455541,2024-02-22 15:30:08.720500,0 days 00:26:46.264959,,,,,,,,,,['mean'],,,,,,,,,,,,,,,,,,256.0,,,,,,,,,,,,,,,,,,,,,,,,,,,,0.0,,,,,,,,970.0,,,,,,,,,,,,,,,,,,,,,,,,,,,,,,,,,,,,,,,,,,,,,,,,,,,,,,,,,,,,,,,,,,,,,,,,,,,,,,,gat_model,deepchem,,4.0,,,,,,,,,,,,,,,,,,,,,,,,,,,,,,,0.0,,,,,,,,,,,,,,,,chembl_standardizer,,,,,,,,True,,,,True,,,True,,,,,,,,,,,,,COMPLETE
2,2,0.40528654893529764,2024-02-22 15:30:08.734454,2024-02-22 15:36:21.835148,0 days 00:06:13.100694,atom_pair,,,,,,,,,,,,,,,,,,,,,,,,,,,,,,,,,hist_gradient_boosting_classifier_model,,,,,,,,,,,,,,,,,,,,,,,,,,,,,,,,,,boruta_algorithm,,,,,,,,,,,,,,,,,,,,,,,,,,,,,,,,,,,,,,,,,,,,,,,,,,,,,,,,0.07061461520025494,,,,,,,30.0,,,,,,,,,2.0,,,,sklearn,2048.0,,,,,,,,,,,,,,,,,,,,,,,,,,,,,,,,,,,,,,,,,,,,,,,,chembl_standardizer,,,,True,,,,,,,,,,,,,,,,,,,,,,,,COMPLETE
3,3,0.37563344645738594,2024-02-22 15:36:21.848372,2024-02-22 16:20:36.023335,0 days 00:44:14.174963,,,,,,,,,,,,,,,,,,,,,,,,,,,,128.0,,,,,,,,,,,,,,,,,,,,,,,,,,0.0,,,,,,,,,,700.0,,,,,,,,,,,,,,,,,,400.0,,,,,,,,,,,,,,,,,,,,,,,,,,,,,,,,,,,,,,,,,,,,,,,,,,,,,,,,,,,,,attentive_fp_model,deepchem,,,,,,,,,,,,,,,,,,,,,,,,,,,1.0,,,,,,,,,,,,,,,,,,,,simple_standardisation,,custom_standardizer,,,,,,,False,,,,,,,True,,,,,,,,,,,,,,COMPLETE
4,4,-inf,2024-02-22 16:20:36.066958,2024-02-22 16:20:39.867285,0 days 00:00:03.800327,,,keras_rnn,,,,,,,,,,,,,,,,,,,,,,,,,,,,,,,,,,,,,,,,,,,,,tanh,0.08614599448573629,,64.0,,,,,,,,,,,,,,,,,,2D,,,,,,,,,,,,,,0.168111069139467,0.2422121031901442,0.14846622764417194,17.0,83.0,158.0,,,,,,,,,,,,,,,,,,,,,,,,,,,,,,,,,,,,,,0.1366623797546343,0.10985301727864627,108.0,95.0,,,,,,,,,,,,,,,keras,,,,,,,,,,,,,,,3.0,,,2.0,,,,,,,,,,,,,,,,,,,,,,,,,,,,,,,,,,,,,,,,,,,,,,,,,,,,,,,,,,,COMPLETE
5,5,0.3845688532581528,2024-02-22 16:20:39.911705,2024-02-22 16:37:18.370881,0 days 00:16:38.459176,,,,,,,,,,,,,,,,,,,,,,,,,,,,64.0,True,,,,,,,,,,,,,,,,,,,,,,,,,,,,0.25,,,,,,,501.0,,,,,,,,,,,,,,,,,"[64, 64]",,,,,,,,,,,,,,,,,,,,,,,,,,,,,,,,,,,,,,,,,,,,,,,,,,,,,,,,,,,,,,gcn_model,deepchem,,,,,,,,,,,,,,,,,,,,,,,,,,,,,,,,,,0.25,,,,,,,,,,,,,,,basic_standardizer,,,,,,,,,True,,,,False,,,False,,,,,,,,,,,,COMPLETE
6,6,0.3276530249753738,2024-02-22 16:37:18.413256,2024-02-22 16:39:41.993166,0 days 00:02:23.579910,mixed,,,,,,,,,,,ball_tree,,,,,,,,,,,,,,,,,,,,,,kneighbors_classifier_model,,,,,,,,,,,,,,,,,,,,,,,,,,,,,,,,maccs,mol2vec,pass_through_transformer,,,,,,,,,,,,,,,,,,,,,,,,,,,,,,,,,,,,,,,,,,,,,,,,,,,,3.0,,,,,,,,,,,,,,,,,,,,,,,,sklearn,,,,,,,,,,,,,,,,,,,7.0,,,,,,,,,,,7.0,,,,,,,,,,,,,,,,,,,basic_standardizer,,,,,,,,,,,,,,,,,,,,,,uniform,,,,,,COMPLETE
7,7,0.41075633579427134,2024-02-22 16:39:42.038859,2024-02-22 16:55:43.160700,0 days 00:16:01.121841,,,,,,,,,,,,,,,,,,,,,,,,,,,,8.0,,,,,,,,,,,,,,,,,,,,,,,,,,,,,,,,0.5,,,,353.0,,,,,,,,,,,,,,,,,,,,,,,,,,,,,,,,,,,,,,,,,,,,,,,,,,,,,,,,,,,,,,,,,,,,,,,,,,,,,,,text_cnn_model,deepchem,,,,,,75.0,,,,,,,,,,,,,,,,,,,,,,,,,,,,,,,,,,,,,,,,,,,pass_through_standardizer,,,,,,,,,,,,,,,,,,,,,,,,,,,,COMPLETE
8,8,-inf,2024-02-22 16:55:43.210302,2024-02-22 16:55:43.420632,0 days 00:00:00.210330,mixed,keras_tabular_transformer,,,,,,,,,,,,,,,,,,,,,,,,,,,,,,,,,,,,,,,,,,,,,,,,,,,,,,,,,,,,,16.0,,,morgan,rdk,,1D,,,,,,,,,,,,,,,,,,,,,,,,,,,,,,,,,,,,,,,,,,,,,,,,,,,,,,,,,,,,,,,,,,,,,,,,,,,keras,,,1.0,,,,,,,,,,,,,,,,,,,,,,,,,,,,,,,,,,,,,,,,,,,,,,,,,,,,,,,,,,,,,,,,,,,,,,,,,,COMPLETE
9,9,-inf,2024-02-22 16:55:43.478316,2024-02-22 16:55:44.342661,0 days 00:00:00.864345,morgan,keras_dense,,,,,,,,,,,,,,,,,,,,,,False,False,True,True,,,,,,,,,,,,,,,,,,,,,,,,,,,,,,,,,,,,,,,,,,1D,,,,,,,,,,,,,,,,,,,,tanh,relu,relu,tanh,0.493015397809814,0.10453639295530791,0.17248612958008655,0.07568917302104011,,55.0,63.0,38.0,48.0,,,,,,,,0.004440618920282694,2.3175843543314896e-06,0.00012580244981089206,1.5894047584075227e-05,,0.00042263554068602946,0.00026969734398316606,0.0013379834345694534,6.0013463170110436e-05,,,,,,,,,,,,,,,,,,,,,,,,,,,keras,,,,1024.0,,,,,,,,,,,,4.0,,,,,,,,,,,,,,,,,,,,6.0,,,,,,,,,,,,,,,,,,,,,,,,,,,,,,,,,,,,,,,,,COMPLETE
10,10,0.4242004259247967,2024-02-22 16:55:44.371179,2024-02-22 17:03:57.353568,0 days 00:08:12.982389,,,,,,,,,,,,,,,,,,,,,,,,,,,,128.0,,,,,,,,,,,,,,,,,,,,,,,,,,0.5,,,,,,,,,,107.0,,,,,,,,,,,,,,,,,,100.0,,,,,,,,,,,,,,,,,,,,,,,,,,,,,,,,,,,,,,,,,,,,,,,,,,,,,,,,,,,,,attentive_fp_model,deepchem,,,,,,,,,,,,,,,,,,,,,,,,,,,4.0,,,,,,,,,,,,,,,,,,,,,,basic_standardizer,,,,,,,False,,,,,,,True,,,,,,,,,,,,,,COMPLETE
11,11,0.4307025700144318,2024-02-22 17:03:57.397083,2024-02-22 17:14:40.515950,0 days 00:10:43.118867,,,,,,,,,,,,,,,,,,,,,,,,,,,,128.0,,,,,,,,,,,,,,,,,,,,,,,,,,0.5,,,,,,,,,,151.0,,,,,,,,,,,,,,,,,,100.0,,,,,,,,,,,,,,,,,,,,,,,,,,,,,,,,,,,,,,,,,,,,,,,,,,,,,,,,,,,,,attentive_fp_model,deepchem,,,,,,,,,,,,,,,,,,,,,,,,,,,4.0,,,,,,,,,,,,,,,,,,,,,,basic_standardizer,,,,,,,False,,,,,,,True,,,,,,,,,,,,,,COMPLETE
12,12,0.3841348001625368,2024-02-22 17:14:40.563295,2024-02-22 17:23:39.285549,0 days 00:08:58.722254,,,,,,,,,,,,,,,,,,,,,,,,,,,,128.0,,,,,,,,,,,,,,,,,,,,,,,,3.0,,,,,,,,,,,,186.0,,,,,,,,,0.25,3.0,,,,,,,,,,,,,,,,,,,,,,,,,,,,,,,,,,,,,,,,,,,,,,,,,,,,,,,,,,,,,,,,,,,,,dmpnn_model,deepchem,,,,,,,,,,,,,,,,,,,,,,,,,,,,,,,,,,,,,,,,,,,,,,,,,basic_standardizer,,,,,,,,,,,,,,,,,,,,,,,,,,,,COMPLETE
13,13,0.3899597227857244,2024-02-22 17:23:39.329338,2024-02-22 17:27:33.748513,0 days 00:03:54.419175,,,,,,,,,,,,,,,,,,,,,,,,,,,,512.0,,,,,,,,,,,,,,,,,,,,,,,,,,,,,,,,,,64.0,,128.0,,,,,,,,32.0,,,,,,,,,,,,,,,,,,,,,,,,,,,,,,,,,,,3.0,,,,,,,,,,,,,,,,,,,,,,,,,,,,,,,,,,,,smiles_to_vec_model,deepchem,,,,,,,,,,,,,,,,,,,,,,,,,,,,,,,,,,,,,,,,,,,,,,,,,basic_standardizer,,,3.0,,,,,,,,,,,,,,,,,,,,,,,,,COMPLETE
14,14,-inf,2024-02-22 17:27:33.792033,2024-02-22 17:27:42.286814,0 days 00:00:08.494781,rdk,,,,,,,,,,,,,,,,,,,,,,,,,,,,,,,,,nu_svc_model,,,,,,,,,,,4.0,,,,,,,,,,,,,,,,,,,,,,,select_from_model_fs,,,,,,,2048.0,,0.35202710888444183,,,,,,,,,,,,,,,,,,,,,,,,,,poly,,,,,,,,,,,,,,,,,,,,,,,,,,,,,,,,,,10.0,,,,,2.0,,sklearn,,,,,,,571.0,,,,,,,,,,,,,,,,0.6260018287285527,,,,,,,,,,,,,,,,,,,,,,,,,,pass_through_standardizer,,,,,,,,,,,,,,,,,,,,,,,,,,,,COMPLETE
15,15,-inf,2024-02-22 17:27:42.316674,2024-02-22 18:27:42.380790,0 days 01:00:00.064116,,,,,,,,,,,,,,,,,,,,,,,,,,,,32.0,,,,,,,,,,,,,,,,,,,,,,,,,,,,,,,0.5,,,,,325.0,,,,,,,,,,,,,,,,,,,,,,,,,,,,,,,,,,,,,,,,,,,,,,,,,,,,,,,,,,,,,,,,,,,,,,,,7.0,,,,,,,pagtn_model,deepchem,,,,,,,,,,,,,,,,,,,,,,,,,,2.0,,5.0,,,,,,,,,,,,,,,,,,,heavy_standardisation,,custom_standardizer,,,,,,,,,,,,,,,,,,,,,,,,,,,,COMPLETE
16,16,0.39603915186672445,2024-02-22 18:27:42.417570,2024-02-22 18:58:40.340252,0 days 00:30:57.922682,,,,,,,,,,,,,,,,,,,,,,,,,,,,16.0,,,,,,,,,,,,,,,,,,,,,,,,,,,0.0,,,,,,,,,279.0,,,,,,,,,,,,,,,,,,,,,,,,,,,,,,,,,,,,,,,,,,,,,,,,,,,,,,[50],[500],,,,,,,,,,,,,,,,,,,,,,,,dag_model,deepchem,,,,,,,,,,,,,30.0,,,,,,,,,,,,,,,,,,,,,,,,,,,,,,,,,,,,basic_standardizer,,,,,,,,,,,,,,,,,,,,,,,,,,,,COMPLETE
17,17,0.4339309760396339,2024-02-22 18:58:40.384375,2024-02-22 19:10:58.613504,0 days 00:12:18.229129,,,,,,,,,,,,,,,,,,,,,,,,,,,,128.0,,,,,,,,,,,,,,,,,,,,,,,,,,0.5,,,,,,,,,,124.0,,,,,,,,,,,,,,,,,,100.0,,,,,,,,,,,,,,,,,,,,,,,,,,,,,,,,,,,,,,,,,,,,,,,,,,,,,,,,,,,,,attentive_fp_model,deepchem,,,,,,,,,,,,,,,,,,,,,,,,,,,5.0,,,,,,,,,,,,,,,,,,,,,,basic_standardizer,,,,,,,False,,,,,,,False,,,,,,,,,,,,,,COMPLETE
18,18,-inf,2024-02-22 19:10:58.657693,2024-02-22 19:11:07.582939,0 days 00:00:08.925246,,,keras_bidirectional_rnn,,,,,,,,,,,,,,,,,,,,,,,,,,,,,,,,,,,,,,,,,,,,,relu,0.47853861461426855,,256.0,,,,,,,,,,,,,,,,,,2D,,,,,,,,,,,,,,0.47813009626699493,,,252.0,,,,,,,,,,,,,,,,,,,,,,,,,,,,,,,,,,,,,,,,0.4460500974266145,,247.0,,,,,,,,,,,,,,,,keras,,,,,,,,,,,,,,,1.0,,,1.0,,,,,,,,,,,,,,,,,,,,,,,,,,,,,,,,,,,,,,,,,,,,,,,,,,,,,,,,,,,COMPLETE
19,19,0.3359361360674146,2024-02-22 19:11:07.600237,2024-02-22 19:15:50.150613,0 days 00:04:42.550376,layered,,,,,,,,,,,,,0.642936758443516,,,,,,,,,,,,,,,,,,,,bernoulli_nb_model,,,,,,,,,,,,,,,,,,,,,,,,,,,,,,,,,,k_best,,,,,,,1024.0,,,,,,,,,,,,,,,,,,,,,,,,,,,12.0,,,,,,,,,,,,,,,,,,,,,,,,,,,,,,10.0,,,,,,,,,1.0,,,sklearn,,,,,,,,,,,,,,,,,,,,,,,,,,,,,,,,,,,,,,,,,,,,,,,,,basic_standardizer,,,,,,,,,,,,,,,,,,,,,,,,,,,,COMPLETE
20,20,-inf,2024-02-22 19:15:50.195026,2024-02-22 19:15:51.436306,0 days 00:00:01.241280,,,,,,,,,,,,,,,,,,,,,,,,,,,,128.0,,,,,,,,,,,,,,,,,,,,,,,,,,,,,,,,,0.25,,,480.0,,,,,,,,,,,,,,,,,,,,,,,,,,,,,,,,,,,,,,,,,,,,,,,,,,,,,,,,,,,,,,,,,,,,,,,,,,,,,,,weave_model,deepchem,,,,,,,,,,,,,,256.0,,,50.0,,,,,,,,,,,,,,,,,,,,,,,,,,,,,,heavy_standardisation,,custom_standardizer,,,,,,,,,,,False,,,,,,,,,,,,,,,,,COMPLETE
21,21,0.4369108358517629,2024-02-22 19:15:51.472822,2024-02-22 19:27:16.888504,0 days 00:11:25.415682,,,,,,,,,,,,,,,,,,,,,,,,,,,,128.0,,,,,,,,,,,,,,,,,,,,,,,,,,0.5,,,,,,,,,,113.0,,,,,,,,,,,,,,,,,,100.0,,,,,,,,,,,,,,,,,,,,,,,,,,,,,,,,,,,,,,,,,,,,,,,,,,,,,,,,,,,,,attentive_fp_model,deepchem,,,,,,,,,,,,,,,,,,,,,,,,,,,5.0,,,,,,,,,,,,,,,,,,,,,,basic_standardizer,,,,,,,False,,,,,,,False,,,,,,,,,,,,,,COMPLETE
22,22,0.3785021185705535,2024-02-22 19:27:16.901681,2024-02-22 19:45:58.193421,0 days 00:18:41.291740,,,,,,,,,,,,,,,,,,,,,,,,,,,,128.0,,,,,,,,,,,,,,,,,,,,,,,,,,0.5,,,,,,,,,,232.0,,,,,,,,,,,,,,,,,,100.0,,,,,,,,,,,,,,,,,,,,,,,,,,,,,,,,,,,,,,,,,,,,,,,,,,,,,,,,,,,,,attentive_fp_model,deepchem,,,,,,,,,,,,,,,,,,,,,,,,,,,5.0,,,,,,,,,,,,,,,,,,,,,,basic_standardizer,,,,,,,False,,,,,,,False,,,,,,,,,,,,,,COMPLETE
23,23,0.3289621309780383,2024-02-22 19:45:58.206793,2024-02-22 19:57:49.843102,0 days 00:11:51.636309,,,,,,,,,,,,,,,,,,,,,,,32.0,,,,,128.0,,,,,,,,,,,,,,,,,,,,,,,,,,,,,,,,,,,,107.0,,,,,,,,,,,,,,,,,,,,,,,,,,,,,,,,,,,,,,,,,,,,,,,,,,,,,,,,,,,,,,,,,,,,,,,,,,,,,,,chem_ception_model,deepchem,,,,,,,,,,,,,,,,,,,,,,,,,,,,,,,,,,,,,,,,,,,,,,,,,basic_standardizer,,,,,,,,,,,,,,,,,,,,,,,,,,,,COMPLETE
24,24,0.38755315183087335,2024-02-22 19:57:49.862491,2024-02-22 20:08:54.646992,0 days 00:11:04.784501,,,,,,,,,,,,,,,,,,,,,,,,,,,,512.0,,,,,,,,,,,,,,,,,,,,,,256.0,,,,,,,,0.25,,,,,,381.0,,,,,,,,,,,,,,,,"[256, 128, 64]",,,,,,,,,,,,,,,,,,,,,,,,,,,,,,,,,,,,,,,,,,,,,,,,,,True,,,,,,,,,,,,,graph_conv_model,deepchem,,,,,,,,,,,,,,,,,,,,,,,,,,,,,,,,,,,,,,,,,,,,,,,,,chembl_standardizer,,,,,,,,,,False,,,,,,,,,,,,,,,,,,COMPLETE
25,25,-inf,2024-02-22 20:08:54.664622,2024-02-22 21:08:54.764343,0 days 01:00:00.099721,,,,,,,,,,,,,,,,,,,,,,,,,,,,8.0,,,,,,,,,,,,,,,,,,,,,,,,,,0.5,,,,,,,,,,235.0,,,,,,,,,,,,,,,,,,100.0,,,,,,,,,,,,,,,,,,,,,,,,,,,,,,,,,,,,,,,,,,,,,,,,,,,,,,,,,,,,,attentive_fp_model,deepchem,,,,,,,,,,,,,,,,,,,,,,,,,,,5.0,,,,,,,,,,,,,,,,,,,,,,pass_through_standardizer,,,,,,,True,,,,,,,False,,,,,,,,,,,,,,COMPLETE
26,26,0.3933756530630057,2024-02-22 21:08:54.794088,2024-02-22 21:30:58.448648,0 days 00:22:03.654560,,,,,,,,,,,,,,,,,,,,,,,,,,,,256.0,,,,,,,,,,,,,,,,,,,,,,,,,,0.5,,,,,,,,,,197.0,,,,,,,,,,,,,,,,,,200.0,,,,,,,,,,,,,,,,,,,,,,,,,,,,,,,,,,,,,,,,,,,,,,,,,,,,,,,,,,,,,attentive_fp_model,deepchem,,,,,,,,,,,,,,,,,,,,,,,,,,,4.0,,,,,,,,,,,,,,,,,,,,,,basic_standardizer,,,,,,,False,,,,,,,False,,,,,,,,,,,,,,COMPLETE
27,27,-inf,2024-02-22 21:30:58.462236,2024-02-22 22:30:58.564073,0 days 01:00:00.101837,,,,,,,,,,,,,,,,,,,,,,,,,,,,16.0,,,,,,,,,,,,,,,,,,,,,,,,,,0.25,,,,,,,,,,418.0,,,,,,,,,,,,,,,,,,200.0,,,,,,,,,,,,,,,,,,,,,,,,,,,,,,,,,,,,,,,,,,,,,,,,,,,,,,,,,,,,,attentive_fp_model,deepchem,,,,,,,,,,,,,,,,,,,,,,,,,,,5.0,,,,,,,,,,,,,,,,,,,,,,basic_standardizer,,,,,,,False,,,,,,,False,,,,,,,,,,,,,,COMPLETE
28,28,0.3283452212621105,2024-02-22 22:30:58.595978,2024-02-22 22:39:05.678580,0 days 00:08:07.082602,2d_descriptors,,,,,,,,,,,,,,,,0.3173041559606098,,,,,,,,,,,,,,,,,multinomial_nb_model,,,,,,,,,,,,,,,,,,,,,,,,,,,,,,,,,,low_variance_fs,,,,,,,,,,,,,,,,,,,,,,,,,,,,,,,,,,,,,,,,,,,,,,,,,,,,,,,,,,,,,,,,,,,,,,,,,,,,sklearn,,,,,,,,,,,,,,,,,,,,,,,,,,,,,,,,,,,,,,,,,,,,,pass_through_transformer,,,,basic_standardizer,,,,,0.03901582435943959,,,,,,,,,,,,,,,,,,,,,,,COMPLETE
29,29,-inf,2024-02-22 22:39:05.692128,2024-02-22 22:39:06.785455,0 days 00:00:01.093327,mol2vec,keras_1d_cnn,,,,,,,,,,,,,,,,,,,,,,,,,,,,,,,,,relu,relu,True,False,0.17393968015732533,0.13630986176132176,,,,,,,,relu,,,224.0,,0.6395046277870282,,,,,,,,,,,,,,,,1D,23.0,31.0,,,,,0.08414470832185499,,,,,,,,,,,,,,,,,,,,,,,,,,,,,41.0,42.0,,,,,,,,,,,,,,,,,,,,,,,,,,,,,,,,,,,,,,keras,,,,,2.0,,,,,,,,,,,,,,,,,,,,,,,,,,,,,,,,,,,,,,,,,,,,,2.0,1.0,,,,,,,,,,,,,,,,,,,,,,,,,,COMPLETE
30,30,0.3981299820535501,2024-02-22 22:39:06.797791,2024-02-22 22:50:18.501624,0 days 00:11:11.703833,,,,,,,,,,,,,,,,,,,,,,,,,,,,64.0,,,,,,,,,,,,,,,,,,,,,,,,,,,,,,,,,,128.0,,181.0,,,,,,,,128.0,,,,,,,,,,,,,,,,,,,,,,,,,,,,,,,,,,,5.0,,,,,,,,,,,,,,,,,,,,,,,,,,,,,,,,,,,,smiles_to_vec_model,deepchem,,,,,,,,,,,,,,,,,,,,,,,,,,,,,,,,,,,,,,,,,,,,,,,,,basic_standardizer,,,2.0,,,,,,,,,,,,,,,,,,,,,,,,,COMPLETE
31,31,0.4348618104029961,2024-02-22 22:50:18.543045,2024-02-22 23:04:17.292756,0 days 00:13:58.749711,,,,,,,,,,,,,,,,,,,,,,,,,,,,128.0,,,,,,,,,,,,,,,,,,,,,,,,,,0.5,,,,,,,,,,108.0,,,,,,,,,,,,,,,,,,100.0,,,,,,,,,,,,,,,,,,,,,,,,,,,,,,,,,,,,,,,,,,,,,,,,,,,,,,,,,,,,,attentive_fp_model,deepchem,,,,,,,,,,,,,,,,,,,,,,,,,,,4.0,,,,,,,,,,,,,,,,,,,,,,basic_standardizer,,,,,,,False,,,,,,,True,,,,,,,,,,,,,,COMPLETE
32,32,0.4063649547526924,2024-02-22 23:04:17.350904,2024-02-22 23:20:24.980323,0 days 00:16:07.629419,,,,,,,,,,,,,,,,,,,,,,,,,,,,128.0,,,,,,,,,,,,,,,,,,,,,,,,,,0.5,,,,,,,,,,141.0,,,,,,,,,,,,,,,,,,100.0,,,,,,,,,,,,,,,,,,,,,,,,,,,,,,,,,,,,,,,,,,,,,,,,,,,,,,,,,,,,,attentive_fp_model,deepchem,,,,,,,,,,,,,,,,,,,,,,,,,,,4.0,,,,,,,,,,,,,,,,,,,,,,basic_standardizer,,,,,,,False,,,,,,,True,,,,,,,,,,,,,,COMPLETE
33,33,0.4059864807025882,2024-02-22 23:20:25.034791,2024-02-22 23:43:00.519169,0 days 00:22:35.484378,,,,,,,,,,,,,,,,,,,,,,,,,,,,128.0,,,,,,,,,,,,,,,,,,,,,,,,,,0.5,,,,,,,,,,249.0,,,,,,,,,,,,,,,,,,100.0,,,,,,,,,,,,,,,,,,,,,,,,,,,,,,,,,,,,,,,,,,,,,,,,,,,,,,,,,,,,,attentive_fp_model,deepchem,,,,,,,,,,,,,,,,,,,,,,,,,,,4.0,,,,,,,,,,,,,,,,,,,,,,basic_standardizer,,,,,,,False,,,,,,,False,,,,,,,,,,,,,,COMPLETE
34,34,0.40230386599676377,2024-02-22 23:43:00.561925,2024-02-22 23:59:48.663364,0 days 00:16:48.101439,,,,,,,,,,,,,,,,,,,,,,,,,,,,32.0,,,,,,,,,,,,,,,,,,,,,,,,,,,,,,,0.0,,,,,104.0,,,,,,,,,,,,,,,,,,,,,,,,,,,,,,,,,,,,,,,,,,,,,,,,,,,,,,,,,,,,,,,,,,,,,,,,20.0,,,,,,,pagtn_model,deepchem,,,,,,,,,,,,,,,,,,,,,,,,,,1.0,,2.0,,,,,,,,,,,,,,,,,,,,,basic_standardizer,,,,,,,,,,,,,,,,,,,,,,,,,,,,COMPLETE
35,35,0.4047563060189409,2024-02-22 23:59:48.705919,2024-02-23 00:11:52.073448,0 days 00:12:03.367529,,,,,,,,,,,,,,,,,,,,,,,,,,,,128.0,,,,,,,,,,,,,,,,,,,,,,128.0,,,,,,,,0.5,,,,,,281.0,,,,,,,,,,,,,,,,"[256, 128]",,,,,,,,,,,,,,,,,,,,,,,,,,,,,,,,,,,,,,,,,,,,,,,,,,False,,,,,,,,,,,,,graph_conv_model,deepchem,,,,,,,,,,,,,,,,,,,,,,,,,,,,,,,,,,,,,,,,,,,,,,,,,basic_standardizer,,,,,,,,,,True,,,,,,,,,,,,,,,,,,COMPLETE
36,36,-inf,2024-02-23 00:11:52.119993,2024-02-23 00:11:52.658877,0 days 00:00:00.538884,,,,,,,,,,,,,,,,,,,,,,,,,,,,128.0,,,,,,,,,,,,,,,,,,,,,,,,,,,,,,,,,0.5,,,179.0,,,,,,,,,,,,,,,,,,,,,,,,,,,,,,,,,,,,,,,,,,,,,,,,,,,,,,,,,,,,,,,,,,,,,,,,,,,,,,,weave_model,deepchem,,,,,,,,,,,,,,64.0,,,200.0,,,,,,,,,,,,,,,,,,,,,,,,,,,,,,simple_standardisation,,custom_standardizer,,,,,,,,,,,True,,,,,,,,,,,,,,,,,COMPLETE
37,37,0.2943306897055531,2024-02-23 00:11:52.690048,2024-02-23 00:21:41.151743,0 days 00:09:48.461695,mol2vec,,,,,,,,,,,,,,,,,,,,,,,,,,,,,,,,,decision_tree_classifier_model,,,,,,,entropy,,,,,,,,,,,,,,,,,,,,,,,,,,,percentil_fs,,,,,,,,,,,,,,,,,,,,,,,,,,,,,,,,,,,,,,,,,,,,,,,,,,,,,,,,,,,,,,,,,,,,,,,,,,,,sklearn,,,,,,,,,,,,,,,,,,,,,,,,,,,,,,,,62.0,,,,,,,,,,,,,,,,,chembl_standardizer,,,,,,,,,,,,,,,,,,,,,,,,,,,,COMPLETE
38,38,0.41629265872816557,2024-02-23 00:21:41.271078,2024-02-23 00:35:33.191051,0 days 00:13:51.919973,,,,,,,,,,,,,,,,,,,,,,,,,,,,128.0,False,,,,,,,,,,,,,,,,,,,,,,,,,,,,0.0,,,,,,,306.0,,,,,,,,,,,,,,,,,"[32, 64]",,,,,,,,,,,,,,,,,,,,,,,,,,,,,,,,,,,,,,,,,,,,,,,,,,,,,,,,,,,,,,gcn_model,deepchem,,,,,,,,,,,,,,,,,,,,,,,,,,,,,,,,,,0.5,,,,,,,,,,,,,,,pass_through_standardizer,,,,,,,,,False,,,,True,,,True,,,,,,,,,,,,COMPLETE
39,39,0.4043916465746002,2024-02-23 00:35:33.247701,2024-02-23 01:02:59.334731,0 days 00:27:26.087030,,,,,,,,,,,,,,,,,,,,,,,,,,,,128.0,,,,,,,,,,,,,,,,,,,,,,,,,,,,,,,,0.0,,,,698.0,,,,,,,,,,,,,,,,,,,,,,,,,,,,,,,,,,,,,,,,,,,,,,,,,,,,,,,,,,,,,,,,,,,,,,,,,,,,,,,text_cnn_model,deepchem,,,,,,100.0,,,,,,,,,,,,,,,,,,,,,,,,,,,,,,,,,,,,,,,,,,,chembl_standardizer,,,,,,,,,,,,,,,,,,,,,,,,,,,,COMPLETE
40,40,-inf,2024-02-23 01:02:59.393368,2024-02-23 01:03:19.329045,0 days 00:00:19.935677,,,keras_simple_rnn,,,,,,,,,,,,,,,,,,,,,,,,,,,,,,,,,,,,,,,,,,,,,tanh,4.123726706495301e-06,,32.0,,,,,,,,,,,,,,,,,,2D,,,,,,,,,,,,,,,,,,,,,,,,,,,,,,,,,,,,,,,,,,,,,,,,,,,,,,,,,,,,,,,,,,,,,,,,,,,keras,,,,,,,,,,,,,,,,,,,,,3.0,,,,,,,,,,,,,,,,,,0.0740598573963201,0.4526859386696998,0.17910905062718405,41.0,81.0,249.0,,,,,,,,,,,,,,,,,,,,,,,,,,,,,,,,,COMPLETE
41,41,0.42853839070222327,2024-02-23 01:03:19.342748,2024-02-23 01:18:47.137918,0 days 00:15:27.795170,,,,,,,,,,,,,,,,,,,,,,,,,,,,128.0,,,,,,,,,,,,,,,,,,,,,,,,,,0.5,,,,,,,,,,101.0,,,,,,,,,,,,,,,,,,100.0,,,,,,,,,,,,,,,,,,,,,,,,,,,,,,,,,,,,,,,,,,,,,,,,,,,,,,,,,,,,,attentive_fp_model,deepchem,,,,,,,,,,,,,,,,,,,,,,,,,,,4.0,,,,,,,,,,,,,,,,,,,,,,basic_standardizer,,,,,,,False,,,,,,,True,,,,,,,,,,,,,,COMPLETE
42,42,0.3734109196195772,2024-02-23 01:18:47.152174,2024-02-23 01:37:00.533340,0 days 00:18:13.381166,,,,,,,,,,,,,,,,,,,,,,,,,,,,128.0,,,,,,,,,,,,,,,,,,,,,,,,,,0.5,,,,,,,,,,162.0,,,,,,,,,,,,,,,,,,100.0,,,,,,,,,,,,,,,,,,,,,,,,,,,,,,,,,,,,,,,,,,,,,,,,,,,,,,,,,,,,,attentive_fp_model,deepchem,,,,,,,,,,,,,,,,,,,,,,,,,,,3.0,,,,,,,,,,,,,,,,,,,,,,basic_standardizer,,,,,,,False,,,,,,,True,,,,,,,,,,,,,,COMPLETE
43,43,0.3920328720768626,2024-02-23 01:37:00.547520,2024-02-23 01:56:32.281213,0 days 00:19:31.733693,,,,,,,,,,,,,,,,,,,,,,,,,,,,128.0,,,,,,,,,,,,,,,,,,,,,,,,,,0.5,,,,,,,,,,104.0,,,,,,,,,,,,,,,,,,200.0,,,,,,,,,,,,,,,,,,,,,,,,,,,,,,,,,,,,,,,,,,,,,,,,,,,,,,,,,,,,,attentive_fp_model,deepchem,,,,,,,,,,,,,,,,,,,,,,,,,,,5.0,,,,,,,,,,,,,,,,,,,,,,basic_standardizer,,,,,,,False,,,,,,,True,,,,,,,,,,,,,,COMPLETE
44,44,0.41089906667992243,2024-02-23 01:56:32.295742,2024-02-23 02:18:12.431373,0 days 00:21:40.135631,,,,,,,,,,,,,,,,,,,,,,,,,,,,128.0,,,,,,,,,,,,,,,,,,,,,,,,,,0.5,,,,,,,,,,213.0,,,,,,,,,,,,,,,,,,100.0,,,,,,,,,,,,,,,,,,,,,,,,,,,,,,,,,,,,,,,,,,,,,,,,,,,,,,,,,,,,,attentive_fp_model,deepchem,,,,,,,,,,,,,,,,,,,,,,,,,,,3.0,,,,,,,,,,,,,,,,,,,,,,basic_standardizer,,,,,,,True,,,,,,,True,,,,,,,,,,,,,,COMPLETE
45,45,-inf,2024-02-23 02:18:12.445510,2024-02-23 03:18:12.699440,0 days 01:00:00.253930,,,,,,,,,,,,,,,,,,,,,,,64.0,,,,,256.0,,,,,,,,,,,,,,,,,,,,,,,,,,,,,,,,,,,,987.0,,,,,,,,,,,,,,,,,,,,,,,,,,,,,,,,,,,,,,,,,,,,,,,,,,,,,,,,,,,,,,,,,,,,,,,,,,,,,,,chem_ception_model,deepchem,,,,,,,,,,,,,,,,,,,,,,,,,,,,,,,,,,,,,,,,,,,,,,,,,basic_standardizer,,,,,,,,,,,,,,,,,,,,,,,,,,,,COMPLETE
46,46,0.37939965788335783,2024-02-23 03:18:12.735254,2024-02-23 03:44:06.311190,0 days 00:25:53.575936,,,,,,,,,,['flatten'],,,,,,,,,,,,,,,,,,128.0,,,,,,,,,,,,,,,,,,,,,,,,,,,,0.5,,,,,,,,614.0,,,,,,,,,,,,,,,,,,,,,,,,,,,,,,,,,,,,,,,,,,,,,,,,,,,,,,,,,,,,,,,,,,,,,,,,,,,,,,,gat_model,deepchem,,10.0,,,,,,,,,,,,,,,,,,,,,,,,,,,,,,,0.5,,,,,,,,,,,,,,,,basic_standardizer,,,,,,,,False,,,,False,,,False,,,,,,,,,,,,,COMPLETE
47,47,-inf,2024-02-23 03:44:06.325645,2024-02-23 03:44:06.576668,0 days 00:00:00.251023,maccs,keras_tabular_transformer,,,,,,,,,,,,,,,,,,,,,,,,,,,,,,,,,,,,,,,,,,,,,,,,,,,,,,,,,,,,,8.0,,,,,,1D,,,,,,,,,,,,,,,,,,,,,,,,,,,,,,,,,,,,,,,,,,,,,,,,,,,,,,,,,,,,,,,,,,,,,,,,,,,keras,,,2.0,,,,,,,,,,,,,,,,,,,,,,,,,,,,,,,,,,,,,,,,,,,,,,,,,,,,,,,,,,,,,,,,,,,,,,,,,,COMPLETE
48,48,0.42835668269435523,2024-02-23 03:44:06.589803,2024-02-23 03:53:48.982046,0 days 00:09:42.392243,maccs,,,,,,,,,,,,,,,,,,,,,,,,,,,,,,,,,gaussian_nb_model,,,,,,,,,,,,,,,,,,,,,,,,,,,,,,,,,,low_variance_fs,,,,,,,,,,,,,,,,,,,,,,,,,,,,,,,,,,,,,,,,,,,,,,,,,,,,,,,,,,,,,,,,,,,,,,,,,,,,sklearn,,,,,,,,,,,,,,,,,,,,,,,,,,,,,,,,,,,,,,,,,,,,,,,,,basic_standardizer,,,,,0.14596557198851,,,,,,,,,,,,,,,,,,,,,,,COMPLETE
49,49,0.37896652077956083,2024-02-23 03:53:48.996410,2024-02-23 04:46:09.534195,0 days 00:52:20.537785,,,,,,,,,,,,,,,,,,,,,,,,,,,,64.0,,,,,,,,,,,,,,,,,,,,,,,,2.0,,,,,,,,,,,,818.0,,,,,,,,,0.5,1.0,,,,,,,,,,,,,,,,,,,,,,,,,,,,,,,,,,,,,,,,,,,,,,,,,,,,,,,,,,,,,,,,,,,,,dmpnn_model,deepchem,,,,,,,,,,,,,,,,,,,,,,,,,,,,,,,,,,,,,,,,,,,,,,,heavy_standardisation,,custom_standardizer,,,,,,,,,,,,,,,,,,,,,,,,,,,,COMPLETE
50,50,-inf,2024-02-23 04:46:09.582217,2024-02-23 05:46:09.678065,0 days 01:00:00.095848,,,,,,,,,,,,,,,,,,,,,,,,,,,,8.0,,,,,,,,,,,,,,,,,,,,,,,,,,,0.5,,,,,,,,,162.0,,,,,,,,,,,,,,,,,,,,,,,,,,,,,,,,,,,,,,,,,,,,,,,,,,,,,,"[200, 100]","[200, 100]",,,,,,,,,,,,,,,,,,,,,,,,dag_model,deepchem,,,,,,,,,,,,,128.0,,,,,,,,,,,,,,,,,,,,,,,,,,,,,,,,,,,,chembl_standardizer,,,,,,,,,,,,,,,,,,,,,,,,,,,,COMPLETE
51,51,0.44049726110676346,2024-02-23 05:46:09.709584,2024-02-23 05:58:00.566314,0 days 00:11:50.856730,maccs,,,,,,,,,,,,,,,,,,,,,,,,,,,,,,,,,gaussian_nb_model,,,,,,,,,,,,,,,,,,,,,,,,,,,,,,,,,,low_variance_fs,,,,,,,,,,,,,,,,,,,,,,,,,,,,,,,,,,,,,,,,,,,,,,,,,,,,,,,,,,,,,,,,,,,,,,,,,,,,sklearn,,,,,,,,,,,,,,,,,,,,,,,,,,,,,,,,,,,,,,,,,,,,,,,,,basic_standardizer,,,,,0.1490663998226416,,,,,,,,,,,,,,,,,,,,,,,COMPLETE
52,52,0.3177407698350353,2024-02-23 05:58:00.617205,2024-02-23 06:10:38.456711,0 days 00:12:37.839506,maccs,,,,,,,,,,,,,,,,,,,,,,,,,,,,,,,,,one_class_svm_model,,,,,,,,,,,,3.0,,,,,,,,,,,,,,,,,,,,,,low_variance_fs,,,,,,,,,,0.24843794652735718,,,,,,,,,,,,,,,,,,,,,,,,,,rbf,,,,,,,,,,,,,,,,,,,,,,,,,,,,,,,,,,,,,,,,sklearn,,,,,,,,,,,,,,,,,,,,,,,,0.6637305521720288,,,,,,,,,,,,,,,,,,,,,,,,,basic_standardizer,,,,,0.14796864127441267,,,,,,,,,,,,,,,,,,,,,,,COMPLETE
53,53,0.4875882154904382,2024-02-23 06:10:38.496456,2024-02-23 06:23:09.670902,0 days 00:12:31.174446,2d_descriptors,,,,,,,,,,,,,,,,,,,,,,,,,,,,,,False,,,extra_trees_classifier_model,,,,,,,,gini,,,,,,,,,,,,,,,,,,,,,,,,,,percentil_fs,,,,,,,,,,,,,,,,,,,,,,,,,,,,,,,,,,,,,,,,,,,,,,,,,,,,,,,,,,,,,,,,,sqrt,,,,,,,,,,,sklearn,,,,,,,,,,400.0,,,,,,,,,,,,,,,,,,,,,,10.0,,,,,,,,,,,,,binarizer,,,,basic_standardizer,,,,,,,,,,,,,,,,,,,,,,,,,,,,COMPLETE
54,54,0.40171778867375096,2024-02-23 06:23:09.707589,2024-02-23 06:35:30.762960,0 days 00:12:21.055371,2d_descriptors,,,,,,,,,,,,,,,,,,,,,,,,,,,,,,,,,nearest_centroid_model,,,,,,,,,,,,,,,,,,,,,,,,,,,,,,,,,,percentil_fs,,,,,,,,,,,,,,,,,,,,,,,,,,,,,,,,,,,,,,,,,,,,,,,,,,,,,,,,,,,,,,,,,,,,,,,euclidean,,,,,sklearn,,,,,,,,,,,,,,,,,,,,,,,,,,,,,,,,6.0,,,,,,,,,,,,,binarizer,,,,basic_standardizer,,,,,,,,,,,,,,,,,,,,,,,,,,,,COMPLETE
55,55,0.46982687040463667,2024-02-23 06:35:30.820685,2024-02-23 06:41:46.245876,0 days 00:06:15.425191,2d_descriptors,,,,,,,,,,,,,,,,,,,,,,,,,,,,,,False,,,extra_trees_classifier_model,,,,,,,,gini,,,,,,,,,,,,,,,,,,,,,,,,,,percentil_fs,,,,,,,,,,,,,,,,,,,,,,,,,,,,,,,,,,,,,,,,,,,,,,,,,,,,,,,,,,,,,,,,,sqrt,,,,,,,,,,,sklearn,,,,,,,,,,400.0,,,,,,,,,,,,max,,,,,,,,,,7.0,,,,,,,,,,,,,normalizer,,,,pass_through_standardizer,,,,,,,,,,,,,,,,,,,,,,,,,,,,COMPLETE
56,56,0.4630998464979078,2024-02-23 06:41:46.299273,2024-02-23 06:47:59.122443,0 days 00:06:12.823170,2d_descriptors,,,,,,,,,,,,,,,,,,,,,,,,,,,,,,False,,,extra_trees_classifier_model,,,,,,,,gini,,,,,,,,,,,,,,,,,,,,,,,,,,percentil_fs,,,,,,,,,,,,,,,,,,,,,,,,,,,,,,,,,,,,,,,,,,,,,,,,,,,,,,,,,,,,,,,,,sqrt,,,,,,,,,,,sklearn,,,,,,,,,,400.0,,,,,,,,,,,,max,,,,,,,,,,8.0,,,,,,,,,,,,,normalizer,,,,pass_through_standardizer,,,,,,,,,,,,,,,,,,,,,,,,,,,,COMPLETE
57,57,0.44051777680293,2024-02-23 06:47:59.169649,2024-02-23 06:54:09.887553,0 days 00:06:10.717904,2d_descriptors,,,,,,,,,,,,,,,,,,,,,,,,,,,,,,False,,,extra_trees_classifier_model,,,,,,,,gini,,,,,,,,,,,,,,,,,,,,,,,,,,percentil_fs,,,,,,,,,,,,,,,,,,,,,,,,,,,,,,,,,,,,,,,,,,,,,,,,,,,,,,,,,,,,,,,,,sqrt,,,,,,,,,,,sklearn,,,,,,,,,,400.0,,,,,,,,,,,,max,,,,,,,,,,6.0,,,,,,,,,,,,,normalizer,,,,pass_through_standardizer,,,,,,,,,,,,,,,,,,,,,,,,,,,,COMPLETE
58,58,0.454368794552385,2024-02-23 06:54:09.947287,2024-02-23 07:00:21.539075,0 days 00:06:11.591788,2d_descriptors,,,,,,,,,,,,,,,,,,,,,,,,,,,,,,False,,,extra_trees_classifier_model,,,,,,,,gini,,,,,,,,,,,,,,,,,,,,,,,,,,percentil_fs,,,,,,,,,,,,,,,,,,,,,,,,,,,,,,,,,,,,,,,,,,,,,,,,,,,,,,,,,,,,,,,,,sqrt,,,,,,,,,,,sklearn,,,,,,,,,,400.0,,,,,,,,,,,,max,,,,,,,,,,7.0,,,,,,,,,,,,,normalizer,,,,pass_through_standardizer,,,,,,,,,,,,,,,,,,,,,,,,,,,,COMPLETE
59,59,0.4258589757977032,2024-02-23 07:00:21.600684,2024-02-23 07:06:32.259207,0 days 00:06:10.658523,2d_descriptors,,,,,,,,,,,,,,,,,,,,,,,,,,,,,,False,,,extra_trees_classifier_model,,,,,,,,gini,,,,,,,,,,,,,,,,,,,,,,,,,,percentil_fs,,,,,,,,,,,,,,,,,,,,,,,,,,,,,,,,,,,,,,,,,,,,,,,,,,,,,,,,,,,,,,,,,sqrt,,,,,,,,,,,sklearn,,,,,,,,,,400.0,,,,,,,,,,,,max,,,,,,,,,,2.0,,,,,,,,,,,,,normalizer,,,,pass_through_standardizer,,,,,,,,,,,,,,,,,,,,,,,,,,,,COMPLETE
60,60,0.4672372969234222,2024-02-23 07:06:32.312447,2024-02-23 07:12:41.883357,0 days 00:06:09.570910,2d_descriptors,,,,,,,,,,,,,,,,,,,,,,,,,,,,,,False,,,extra_trees_classifier_model,,,,,,,,gini,,,,,,,,,,,,,,,,,,,,,,,,,,percentil_fs,,,,,,,,,,,,,,,,,,,,,,,,,,,,,,,,,,,,,,,,,,,,,,,,,,,,,,,,,,,,,,,,,sqrt,,,,,,,,,,,sklearn,,,,,,,,,,400.0,,,,,,,,,,,,max,,,,,,,,,,9.0,,,,,,,,,,,,,normalizer,,,,pass_through_standardizer,,,,,,,,,,,,,,,,,,,,,,,,,,,,COMPLETE
61,61,0.45455460555372473,2024-02-23 07:12:41.924121,2024-02-23 07:18:53.569054,0 days 00:06:11.644933,2d_descriptors,,,,,,,,,,,,,,,,,,,,,,,,,,,,,,False,,,extra_trees_classifier_model,,,,,,,,gini,,,,,,,,,,,,,,,,,,,,,,,,,,percentil_fs,,,,,,,,,,,,,,,,,,,,,,,,,,,,,,,,,,,,,,,,,,,,,,,,,,,,,,,,,,,,,,,,,sqrt,,,,,,,,,,,sklearn,,,,,,,,,,400.0,,,,,,,,,,,,max,,,,,,,,,,9.0,,,,,,,,,,,,,normalizer,,,,pass_through_standardizer,,,,,,,,,,,,,,,,,,,,,,,,,,,,COMPLETE
62,62,0.4606785078847137,2024-02-23 07:18:53.629986,2024-02-23 07:25:04.971296,0 days 00:06:11.341310,2d_descriptors,,,,,,,,,,,,,,,,,,,,,,,,,,,,,,False,,,extra_trees_classifier_model,,,,,,,,gini,,,,,,,,,,,,,,,,,,,,,,,,,,percentil_fs,,,,,,,,,,,,,,,,,,,,,,,,,,,,,,,,,,,,,,,,,,,,,,,,,,,,,,,,,,,,,,,,,sqrt,,,,,,,,,,,sklearn,,,,,,,,,,400.0,,,,,,,,,,,,max,,,,,,,,,,9.0,,,,,,,,,,,,,normalizer,,,,pass_through_standardizer,,,,,,,,,,,,,,,,,,,,,,,,,,,,COMPLETE
63,63,0.4643958461020519,2024-02-23 07:25:05.016494,2024-02-23 07:31:16.783330,0 days 00:06:11.766836,2d_descriptors,,,,,,,,,,,,,,,,,,,,,,,,,,,,,,False,,,extra_trees_classifier_model,,,,,,,,gini,,,,,,,,,,,,,,,,,,,,,,,,,,percentil_fs,,,,,,,,,,,,,,,,,,,,,,,,,,,,,,,,,,,,,,,,,,,,,,,,,,,,,,,,,,,,,,,,,sqrt,,,,,,,,,,,sklearn,,,,,,,,,,400.0,,,,,,,,,,,,max,,,,,,,,,,9.0,,,,,,,,,,,,,normalizer,,,,pass_through_standardizer,,,,,,,,,,,,,,,,,,,,,,,,,,,,COMPLETE
64,64,0.4522439061052543,2024-02-23 07:31:16.819513,2024-02-23 07:37:32.661483,0 days 00:06:15.841970,2d_descriptors,,,,,,,,,,,,,,,,,,,,,,,,,,,,,,False,,,extra_trees_classifier_model,,,,,,,,gini,,,,,,,,,,,,,,,,,,,,,,,,,,percentil_fs,,,,,,,,,,,,,,,,,,,,,,,,,,,,,,,,,,,,,,,,,,,,,,,,,,,,,,,,,,,,,,,,,sqrt,,,,,,,,,,,sklearn,,,,,,,,,,400.0,,,,,,,,,,,,max,,,,,,,,,,13.0,,,,,,,,,,,,,normalizer,,,,pass_through_standardizer,,,,,,,,,,,,,,,,,,,,,,,,,,,,COMPLETE
65,65,0.4474876175201685,2024-02-23 07:37:32.706922,2024-02-23 07:43:50.164641,0 days 00:06:17.457719,2d_descriptors,,,,,,,,,,,,,,,,,,,,,,,,,,,,,,False,,,extra_trees_classifier_model,,,,,,,,gini,,,,,,,,,,,,,,,,,,,,,,,,,,percentil_fs,,,,,,,,,,,,,,,,,,,,,,,,,,,,,,,,,,,,,,,,,,,,,,,,,,,,,,,,,,,,,,,,,sqrt,,,,,,,,,,,sklearn,,,,,,,,,,400.0,,,,,,,,,,,,max,,,,,,,,,,16.0,,,,,,,,,,,,,normalizer,,,,pass_through_standardizer,,,,,,,,,,,,,,,,,,,,,,,,,,,,COMPLETE
66,66,0.44157793971869974,2024-02-23 07:43:50.215051,2024-02-23 07:50:03.579123,0 days 00:06:13.364072,2d_descriptors,,,,,,,,,,,,,,,,,,,,,,,,,,,,,,False,,,extra_trees_classifier_model,,,,,,,,gini,,,,,,,,,,,,,,,,,,,,,,,,,,percentil_fs,,,,,,,,,,,,,,,,,,,,,,,,,,,,,,,,,,,,,,,,,,,,,,,,,,,,,,,,,,,,,,,,,sqrt,,,,,,,,,,,sklearn,,,,,,,,,,400.0,,,,,,,,,,,,max,,,,,,,,,,20.0,,,,,,,,,,,,,normalizer,,,,pass_through_standardizer,,,,,,,,,,,,,,,,,,,,,,,,,,,,COMPLETE
67,67,0.441584698687016,2024-02-23 07:50:03.630110,2024-02-23 07:56:22.446415,0 days 00:06:18.816305,2d_descriptors,,,,,,,,,,,,,,,,,,,,,,,,,,,,,,False,,,extra_trees_classifier_model,,,,,,,,gini,,,,,,,,,,,,,,,,,,,,,,,,,,percentil_fs,,,,,,,,,,,,,,,,,,,,,,,,,,,,,,,,,,,,,,,,,,,,,,,,,,,,,,,,,,,,,,,,,sqrt,,,,,,,,,,,sklearn,,,,,,,,,,400.0,,,,,,,,,,,,max,,,,,,,,,,22.0,,,,,,,,,,,,,normalizer,,,,pass_through_standardizer,,,,,,,,,,,,,,,,,,,,,,,,,,,,COMPLETE
68,68,0.48342362569536845,2024-02-23 07:56:22.491823,2024-02-23 08:02:36.518893,0 days 00:06:14.027070,2d_descriptors,,,,,,,,,,,,,,,,,,,,,,,,,,,,,,False,,,extra_trees_classifier_model,,,,,,,,entropy,,,,,,,,,,,,,,,,,,,,,,,,,,percentil_fs,,,,,,,,,,,,,,,,,,,,,,,,,,,,,,,,,,,,,,,,,,,,,,,,,,,,,,,,,,,,,,,,,sqrt,,,,,,,,,,,sklearn,,,,,,,,,,300.0,,,,,,,,,,,,,,,,,,,,,,97.0,,,,,,,,,,,,,binarizer,,,,pass_through_standardizer,,,,,,,,,,,,,,,,,,,,,,,,,,,,COMPLETE
69,69,0.31044776119402984,2024-02-23 08:02:36.556480,2024-02-23 08:08:53.084781,0 days 00:06:16.528301,2d_descriptors,,,,,,,,,,,,,,,,,,,,0.8077534340987597,,,,,,,,,,,,,sgd_classifier_model,,,,,,,,,,,,,,,,,,,,,,,,,,,,,,,0.3903832277814846,,,percentil_fs,,,,,,,,,,,,,,,,,,,,,,,,,,,,,,,,,,,,,,,,,,,,,0.7919327483904836,,,,,,,,,,,,,,,,,,,,,,,,,,,,,,,sklearn,,,,,,,,,,,,,,,,,,,,,,,,,,,,,,,elasticnet,98.0,,,,,,,,,,,,,binarizer,,,,pass_through_standardizer,,,,,,,,,,,,,,,,,,,,,,,,,,,,COMPLETE
70,70,0.4598195784151695,2024-02-23 08:08:53.108052,2024-02-23 08:15:10.421997,0 days 00:06:17.313945,2d_descriptors,,,,,,,,,,,,,,,,,,,,,,,,,,,,,,,,,gradient_boosting_classifier_model,,,,,,,,,squared_error,,,,,,,,,,,,,,,,,,,,,,,,,percentil_fs,,,,,,,,,,,,,,,,,,,,,,,,,,,,,,,,,,,,,,,,,,,,,,,,,,,,,,,0.6277616525761669,,deviance,,,,,,,,,log2,,,,,,,,,,sklearn,,,,,,,,,,,200.0,,,,,,,,,,,,,,,,,,,,,33.0,,,,,,,,,,,,,binarizer,,,,pass_through_standardizer,,,,,,,,,,,,,,,,,,,,,,,,,,,,COMPLETE
71,71,0.44589083978886607,2024-02-23 08:15:10.461460,2024-02-23 08:21:31.618559,0 days 00:06:21.157099,2d_descriptors,,,,,,,,,,,,,,,,,,,,,,,,,,,,,,,,,voting_classifier_model,,,,,,,,,,,,,,,,,,,,,,,,,,,,,,,,,,percentil_fs,,,,,,,,,,,,,,,,,,,,,,,,,,,,,,,,,,,,,,,,,,,,,,,,,,,,,,,,,,,,,,,,,,,,,,,,,,,,sklearn,,,,,,,,,,,,,,,,,,,,,,,,,,,,,,,,37.0,,,,,,,,,,,,,binarizer,,,,pass_through_standardizer,,,,,,,,,,,,,,,,,0.4732537193994732,0.1147021842856103,0.0076984433251808815,0.13198505886681955,0.584886033924918,,,,,,,COMPLETE
72,72,0.4145090382793123,2024-02-23 08:21:31.659669,2024-02-23 08:27:46.286749,0 days 00:06:14.627080,2d_descriptors,,,,,,,,,,,,,,,,,,,,,,,,,,,,,,,,,gradient_boosting_classifier_model,,,,,,,,,squared_error,,,,,,,,,,,,,,,,,,,,,,,,,percentil_fs,,,,,,,,,,,,,,,,,,,,,,,,,,,,,,,,,,,,,,,,,,,,,,,,,,,,,,,0.6220273565409681,,deviance,,,,,,,,,log2,,,,,,,,,,sklearn,,,,,,,,,,,200.0,,,,,,,,,,,,,,,,,,,,,66.0,,,,,,,,,,,,,min_max_scaler,,,,pass_through_standardizer,,,,,,,,,,,,,,,,,,,,,,,,,,,,COMPLETE
73,73,0.37912379186341283,2024-02-23 08:27:46.331695,2024-02-23 08:33:59.234158,0 days 00:06:12.902463,2d_descriptors,,,,,,,,,,,,,,,,,,5.852760784776902,,,,,,,,,,,,,,,ridge_classifier_model,,,,,,,,,,,,,,,,,,,,,,,,,,,,,,,,,,percentil_fs,,,,,,,,,,,,,,,,,,,,,,,,,,,,,,,,,,,,,,,,,,,,,,,,,,,,,,,,,,,,,,,,,,,,,,,,,,,,sklearn,,,,,,,,,,,,,,,,,,,,175.0,,,,,,,,,normal,,,26.0,,,,,,,,,,,,,quantile_transformer,,,,pass_through_standardizer,,,,,,,,,,,,,,,,,,,,,,,,,,,,COMPLETE
74,74,0.375216282069824,2024-02-23 08:33:59.288603,2024-02-23 08:40:15.568491,0 days 00:06:16.279888,atom_pair,,,,,,,,,,,,,,,,,,,,,,,,,,,,,,,,,gradient_boosting_classifier_model,,,,,,,,,squared_error,,,,,,,,,,,,,,,,,,,,,,,,,percentil_fs,,,,,,,,,,,,,,,,,,,,,,,,,,,,,,,,,,,,,,,,,,,,,,,,,,,,,,,0.9997141277601278,,deviance,,,,,,50.0,,,log2,,,,,,1.0,,,,sklearn,1024.0,,,,,,,,,,350.0,,,,,,,,,,,,,,,,,,,,,2.0,,,,,,,,,,,,,,,,,pass_through_standardizer,,,,,,,,,,,,,,,,,,,,,,,,,,,,COMPLETE
75,75,0.31044776119402984,2024-02-23 08:40:15.613352,2024-02-23 08:46:26.493912,0 days 00:06:10.880560,2d_descriptors,,,,,,,,,,,,,,,,,,,,,,,,,,,,,,,,,sgd_one_class_svm_model,,,,,,,,,,,,,,,,,,,,,,,,,,,,,,,,,,percentil_fs,,,,,,,,,,,,,,,,,,,,,,,,,,,,,,,,,,,,,,,,,,,,,,,,,,,,,,,,,,,,,,,,,,,,,,,,,,,,sklearn,,,,,,,,,,,,,,,,,,,,,,,,,0.020399802452773952,,,,,,,38.0,,,"(25.0, 75.0)",,,,,,,,,,robust_scaler,,,,pass_through_standardizer,,,,,,0.3034904318443607,,,,,,,,,,,,,,,,,,False,,False,,COMPLETE
76,76,-inf,2024-02-23 08:46:26.536264,2024-02-23 08:47:47.479779,0 days 00:01:20.943515,2d_descriptors,,,,,,,,,,,,ball_tree,,,,,,,,,,,,,,,,,,,,,radius_neighbors_classifier_model,,,,,,,,,,,,,,,,,,,,,,,,,,,,,,,,,,boruta_algorithm,,,,,,,,,,,,,,,,,,,,,,,,,,,,,,,,,,,,,,,,,,,,,,,,,,,,,5.0,,,,,,,,,,,,,,,,,yeo-johnson,,,,,,sklearn,,,,,,,,,,,,,,,,,,,,,,,,,,,,,,2.0,,,,,,,1.0,,,,,,,,power_transformer,,,True,pass_through_standardizer,,,,False,,,,,,,,,,,,,,,,,,,uniform,,,,,COMPLETE
77,77,0.3678185299578661,2024-02-23 08:47:47.515818,2024-02-23 08:54:15.685387,0 days 00:06:28.169569,layered,,,,,,,,,,,,,,,,,,,,,,,,,,,,,,,,,stacking_classifier_model,,,,,,,,,,,,,,,,,,,,,,,,,,,,,,,,,,k_best,,,,,,,1024.0,,,,,,,,,,,,,,,,,,,,,,,,,,,24.0,,,,,,,,,,,,,,,,,,,,,,,,,,,,,,5.0,,,,,,,,,3.0,,,sklearn,,,,,,,,,,,,,,,,,,,,,,,,,,,,,,,,,,,,,,,,,,,,,,,,,pass_through_standardizer,,,,,,,,,,,,,,,,,,,,,,,,,,,,COMPLETE
78,78,0.3377832280330753,2024-02-23 08:54:15.726394,2024-02-23 09:00:35.876662,0 days 00:06:20.150268,morgan,,,,,,,,,,,,,,,,,,,,,,,,,,,,,,,,,linear_discriminant_analysis_model,,,,,,,,,,,,,,,,,,,,,,,,,,,,,,,,,,select_from_model_fs,,,,,,,,,,,,,,,,,,,,,,,,,,,,,,,,,,,,,,,,,,,,,,,,,,,,,,,,,,,,,,,,,,,,,,,,,,,,sklearn,,,,2048.0,,,28.0,,,,,,,,,,,,,,,,,,,,,,,,,,,,,2.0,,,,,,,,,,lsqr,,,pass_through_standardizer,,,,,,,,,,,,,,,,,,,,,,,,,,,,COMPLETE
79,79,0.36588771512593193,2024-02-23 09:00:35.914219,2024-02-23 09:07:00.131607,0 days 00:06:24.217388,mixed,,,,,,9.261827983327318,,,,,,,,,,,,,,,,,,,,,,,,,,,svc_model,,,,,,,,,,,,,2.0,,,,,,,,,,,,,,,,,,,rdk,maccs,pass_through_transformer,,,,,,,,,,,0.2535256881200657,,,,,,,,,,,,,,,,,,,,,,,,,,,,,linear,,,,,,,,,,,,,,,,,,,,,,,,,,,,,,,,,,,,sklearn,,,,,,,,,,,,,,,,,,,,,,,,,,,,,,,,,,,,,,,,,,,,,,,,,pass_through_standardizer,,,,,,,,,,,,,,,,,,,,,,,,,,,,COMPLETE
80,80,0.36437402330249696,2024-02-23 09:07:00.185428,2024-02-23 09:17:57.113586,0 days 00:10:56.928158,rdk,,,,,,,,,,,,,,,,,,,,,,,,,,,,,,,,,gaussian_process_classifier_model,,,,,,,,,,,,,,,,,,,,,,,,,,,,,,,,,,boruta_algorithm,,,,,,,2048.0,,,,,,,,,,,,,,,,,,,,,,,,,,,,,,,,,,,,,,,,,,,,,,,,,,,,,,,,,,,,,,5.0,,,,,1.0,,sklearn,,,,,,,,,,,,,,,,,,,,,,,,,,,,,,,,,,,,,,,,,,,,,,,,,pass_through_standardizer,,,,True,,,,,,,,,,,,,,,,,,,,,,,,COMPLETE
81,81,0.44364027099568426,2024-02-23 09:17:57.149658,2024-02-23 09:24:17.603029,0 days 00:06:20.453371,2d_descriptors,,,,,,,,,,,,,,,,,,,,,,,,,,,,,,False,,,extra_trees_classifier_model,,,,,,,,entropy,,,,,,,,,,,,,,,,,,,,,,,,,,percentil_fs,,,,,,,,,,,,,,,,,,,,,,,,,,,,,,,,,,,,,,,,,,,,,,,,,,,,,,,,,,,,,,,,,sqrt,,,,,,,,,,,sklearn,,,,,,,,,,300.0,,,,,,,,,,,,,,,,,,,,,,13.0,,,,,,,,,,,,,standard_scaler,,,,pass_through_standardizer,,,,,,,,,,,,,,,,,,,,,,,,,False,,True,COMPLETE
82,82,0.42210465484963294,2024-02-23 09:24:17.617759,2024-02-23 09:30:57.284030,0 days 00:06:39.666271,2d_descriptors,,,9.434188326423069,,,,,,,,,,,,,,,,,,,,,,,,,,,,,,linear_svc_model,,,,,,,,,,,,,,,,,,,,,,,,,,,,,,,,,,percentil_fs,,,,,,,,,,,,,,,,,,,,,,,,,,,,,,,,,,,,,,,,,,,,,,,,,,,,,,,,,,,,,,,,,,,,,,,,,,,,sklearn,,,,,,,,,,,,,,,,,,,,,,,,,,,,,,,,11.0,,,,,,,,,,,,,max_abs_scaler,,,,pass_through_standardizer,,,,,,,,,,,,,,,,,,,,,,,,,,,,COMPLETE
83,83,0.40178314249249053,2024-02-23 09:30:57.299314,2024-02-23 09:37:41.265929,0 days 00:06:43.966615,2d_descriptors,,,,,,,,,,,,,,0.8014606525428295,,,,,,,,,,,,,,,,,,,complement_nb_model,,,,,,,,,,,,,,,,,,,,,,,,,,,,,,,,,,percentil_fs,,,,,,,,,,,,,,,,,,,,,,,,,,,,,,,,,,,,,,,,,,,,,,,,,,,,,,,,,,,,,,,,,,,,,,,,,,,,sklearn,,,,,,,,,,,,,,,,,,,,,,,,,,,,,,,,1.0,,,,,,,,,,,,,binarizer,,,,pass_through_standardizer,,,,,,,,,,,,,,,,,,,,,,,,,,,,COMPLETE
84,84,0.401800411641483,2024-02-23 09:37:41.287583,2024-02-23 09:44:16.918758,0 days 00:06:35.631175,atom_pair,,,,,,,9.0,,,,,,,,,,,,,,,,,,,,,,,,,,logistic_regression_cv_model,,,,,,,,,,,,,,,,,,,,,,,,,,,,,,,,,,percentil_fs,,,,,,,,,,,,,,,,,,,,,,,,,,,,,,,,,,,,,,,,,,,,,,,,,,,,,,,,,,,,,,,20.0,,,,,,,,,3.0,,,,sklearn,1024.0,,,,,,,,,,,,,,,,,,,,,,,,,,,,,,,13.0,,,,,,,,,,,,,,,,,pass_through_standardizer,,,,,,,,,,,,,,,,,,,,,,,,,,,,COMPLETE
85,85,0.33416365540717463,2024-02-23 09:44:16.937801,2024-02-23 09:50:48.873468,0 days 00:06:31.935667,2d_descriptors,,,,,0.1728540049705689,,,,,,,,,,,,,,,,,,,,,,,,,,,,passive_aggressive_classifier_model,,,,,,,,,,,,,,,,,,,,,,,,,,,,,,,,,,pass_through_transformer,,,,,,,,,,,,,,,,,,,,,,,,,,,,,,,,,,,,,,,,,,,,,,,,,,,,,,,,,,,,,,,,,,,,,,,,,,,,sklearn,,,,,,,,,,,,,,,,,,,,,,l2,,,,,,,,,,,,,,,,,,,,,,,normalizer,,,,pass_through_standardizer,,,,,,,,,,,,,,,,,,,,,,,,,,,,COMPLETE
86,86,0.4011391658784488,2024-02-23 09:50:48.894130,2024-02-23 10:04:49.149022,0 days 00:14:00.254892,2d_descriptors,,,,,,,,,,,,,,,,,1.8697087187549088,,,,,,,,,,,,,,,,perceptron_model,,,,,,,,,,,,,,,,,,,,,,,,,,,,,,,,,,percentil_fs,,,,,,,,,,,,,,,,,,,,,,,,,,,,,,,,,,,,,,,,,,,,,,,,,,,,,,,,,,,,,,,,,,,,,,,,,,,,sklearn,,,,,,,,,,,,,,,,,,,,,,,,,,,,,,,,11.0,,,,,,,,,,,,,binarizer,,simple_standardisation,,custom_standardizer,,,,,,,,,,,,,,,,,,,,,,,,,,,,COMPLETE
87,87,0.31683813707028374,2024-02-23 10:04:49.165142,2024-02-23 10:11:53.420498,0 days 00:07:04.255356,morgan,,,,,,,,,,,,,,,,,,,,,,,,,,,,,,,,,quadradic_discriminant_analysis_model,,,,,,,,,,,,,,,,,,,,,,,,,,,,,,,,,,select_from_model_fs,,,,,,,,,,,,,,,,,,,,,,,,,,,,,,,,,,,,,,,,,,,,,,,,,,,,,,,,,,,,,,,,,,,,,,,,,,,,sklearn,,,,1024.0,,,987.0,,,,,,,,,,,,,,,,,,,,,,,,,,,,,6.0,,0.9789686118060117,,,,,,,,,,,pass_through_standardizer,,,,,,,,,,,,,,,,,,,,,,,,,,,,COMPLETE
88,88,-inf,2024-02-23 10:11:53.437137,2024-02-23 10:12:20.323994,0 days 00:00:26.886857,,,keras_simple_rnn,,,,,,,,,,,,,,,,,,,,,,,,,,,,,,,,,,,,,,,,,,,,,tanh,0.3120572425293465,,128.0,,,,,,,,,,,,,,,,,,2D,,,,,,,,,,,,,,,,,,,,,,,,,,,,,,,,,,,,,,,,,,,,,,,,,,,,,,,,,,,,,,,,,,,,,,,,,,,keras,,,,,,,,,,,,,,,,,,,,,1.0,,,,,,,,,,,,,,,,,,0.4560842503943134,,,228.0,,,,,,,,,,,,,,,,,,,,,,,,,,,,,,,,,,,COMPLETE
89,89,0.30770384719480876,2024-02-23 10:12:20.338708,2024-02-23 10:20:08.950624,0 days 00:07:48.611916,mol2vec,,,,,,,,,,,,,,,,,,,,,,,,,,,,,,,,True,random_forest_classifier_model,,,,,,,,,,entropy,,,,,,,,,,,,,,,,,,,,,,,,percentil_fs,,,,,,,,,,,,,,,,,,,,,,,,,,,,,,,,,,,,,,,,,,,,,,,,,,,,,,,,,,,,,,,,,,,sqrt,,,,,,,,,sklearn,,,,,,,,,,,,400.0,,,,,,,,,,,,,,,,,,,,86.0,,,,,,,,,,,,,,,,,pass_through_standardizer,,,,,,,,,,,,,,,,,,,,,,,,,,,,COMPLETE
90,90,0.3101404741000878,2024-02-23 10:20:08.966483,2024-02-23 10:27:03.346934,0 days 00:06:54.380451,rdk,,,,,,,,tanh,,,,,,,1.4799199509892924e-05,,,,,,,,,,,,,,,,,,mlp_classifier_model,,,,,,,,,,,,,,,,,,,,,,,,,,,,,,,,,,k_best,,,,,,,1024.0,,,,,,,,,,,,,,,,,,,,,,"(100,)",,,,,3.0,,,,,,,,,,,,,,,,,,,,,,,,,,,,,,,,,,,8.0,,,,,3.0,,sklearn,,,,,,,,,,,,,,,,,,,,,,,,,,,,,,,,,,,,,,,,,,,,,,,,,pass_through_standardizer,,,,,,,,,,,,,,,,,,,,,,,,,,,,COMPLETE
91,91,0.46292903221418535,2024-02-23 10:27:03.363184,2024-02-23 10:33:48.450196,0 days 00:06:45.087012,2d_descriptors,,,,,,,,,,,,,,,,,,,,,,,,,,,,,,False,,,extra_trees_classifier_model,,,,,,,,gini,,,,,,,,,,,,,,,,,,,,,,,,,,percentil_fs,,,,,,,,,,,,,,,,,,,,,,,,,,,,,,,,,,,,,,,,,,,,,,,,,,,,,,,,,,,,,,,,,sqrt,,,,,,,,,,,sklearn,,,,,,,,,,400.0,,,,,,,,,,,,max,,,,,,,,,,7.0,,,,,,,,,,,,,normalizer,,,,pass_through_standardizer,,,,,,,,,,,,,,,,,,,,,,,,,,,,COMPLETE
92,92,0.4074635367251235,2024-02-23 10:33:48.465236,2024-02-23 10:50:19.052986,0 days 00:16:30.587750,2d_descriptors,,,,,,,,,,,,,,,,,,,,,rfr,,,,,,,,False,,False,,bagging_classifier_model,,,,,,,,,,,,,,,,,,,,,,,,,,,,,,,,,,percentil_fs,,,,,,,,,,,,,,,,,,,,,,,,,,,,,,,,,,,,,,,,,,,,,,,,,,,,,,,,,,,,,,,,,,,,,,,,,,,,sklearn,,,,,,,,,500.0,,,,,,,,,,,,,l1,,,,,,,,,,8.0,,,,,,,,,,,,,normalizer,,,,pass_through_standardizer,,,,,,,,,,,,,,,,,,,,,,,,,,,,COMPLETE
93,93,0.40966538094027866,2024-02-23 10:50:19.076623,2024-02-23 10:56:55.565846,0 days 00:06:36.489223,2d_descriptors,,,,,,,,,,SAMME.R,,,,,,,,,,,,,,,,,,,,,,,ada_boost_classifier_model,,,,,,,,,,,,,,,,,,,,,,,,,,,,,,,,,,percentil_fs,,,,,,,,,,,,,,,,,,,,,,,,,,,,,,,,,,,,,,,,,,,,,,,,,,,,,,0.11885158486505554,,,,,,,,,,,,,,,,,,,,,,sklearn,,,,,,,,450.0,,,,,,,,,,,,,,max,,,,,,,,,,8.0,,,,,,,,,,,,,normalizer,,,,pass_through_standardizer,,,,,,,,,,,,,,,,,,,,,,,,,,,,COMPLETE
94,94,0.35712865075330996,2024-02-23 10:56:55.581225,2024-02-23 11:10:09.027645,0 days 00:13:13.446420,mixed,,,,,,,,,,,,,,,,,,,6.176227696425187,,,,,,,,,,,,,,ridge_classifier_cv_model,,,,,,,,,,,,,,,,,,,,,,,,,,,,,,,,layered,2d_descriptors,percentil_fs,,,,,,,,,,,,,,,,,,,,,,,,,,,,,,,,,,,,,,,,,,,,,,,,,,,,,,,,,,,,,,,,,,,,,,,,,,,,sklearn,,,,,,,,,,,,,,,,,,,,,,,,,,,,,,,,0.0,,,,,,,,,,,,,,,,,chembl_standardizer,,,,,,,,,,,,,,,,,,,,,,,,,,,,COMPLETE
95,95,0.4495858538391433,2024-02-23 11:10:09.052743,2024-02-23 11:16:43.983272,0 days 00:06:34.930529,2d_descriptors,,,,,,,,,,,,,,,,,,,,,,,,,,,,,,False,,,extra_trees_classifier_model,,,,,,,,gini,,,,,,,,,,,,,,,,,,,,,,,,,,percentil_fs,,,,,,,,,,,,,,,,,,,,,,,,,,,,,,,,,,,,,,,,,,,,,,,,,,,,,,,,,,,,,,,,,sqrt,,,,,,,,,,,sklearn,,,,,,,,,,400.0,,,,,,,,,,,,max,,,,,,,,,,30.0,,,,,,,,,,,,,normalizer,,,,pass_through_standardizer,,,,,,,,,,,,,,,,,,,,,,,,,,,,COMPLETE
96,96,0.3993735742340927,2024-02-23 11:16:43.998463,2024-02-23 11:44:44.221886,0 days 00:28:00.223423,layered,,,,,,,,,,,,,,,,,,,,,,,,,,,,,,,,,hist_gradient_boosting_classifier_model,,,,,,,,,,,,,,,,,,,,,,,,,,,,,,,,,,percentil_fs,,,,,,,2048.0,,,,,,,,,,,,,,,,,,,,,,,,,,,,,,,,,,,,,,,,,,,,,,,,,0.9612464705965889,,,,,,,,7.0,,,,,,,,,3.0,,,sklearn,,,,,,,,,,,,,,,,,,,,,,,,,,,,,,,,17.0,,,,,,,,,,,,,,,,,pass_through_standardizer,,,,,,,,,,,,,,,,,,,,,,,,,,,,COMPLETE
97,97,0.3573763513260764,2024-02-23 11:44:44.247461,2024-02-23 11:52:06.287481,0 days 00:07:22.040020,2d_descriptors,,,,0.019042119051897486,,,,,,,,,,,,,,,,,,,,,,,,,,,,,logistic_regression_model,,,,,,,,,,,,,,,,,,,,,,,,,,,,,,,,,,percentil_fs,,,,,,,,,,,,,,,,,,,,,,,,,,,,,,,,,,,,,,,,,,,,,,,,,,,,,,,,,,,,,,,,,,,,,,,,,,,,sklearn,,,,,,,,,,,,,,,,,,,,,,,,,,,,,,,,55.0,,,,,,,,,,,,,binarizer,,,,pass_through_standardizer,,,,,,,,,,,,,,,,,,,,,,,,,,,,COMPLETE
98,98,0.3165634455072229,2024-02-23 11:52:06.303208,2024-02-23 12:05:53.149271,0 days 00:13:46.846063,2d_descriptors,,,,,,,,,,,,,,,,,,,,,,,,,,,,,,False,,,extra_trees_classifier_model,,,,,,,,gini,,,,,,,,,,,,,,,,,,,,,,,,,,low_variance_fs,,,,,,,,,,,,,,,,,,,,,,,,,,,,,,,,,,,,,,,,,,,,,,,,,,,,,,,,,,,,,,,,,sqrt,,,,,,,,,,,sklearn,,,,,,,,,,400.0,,,,,,,,,,,,max,,,,,,,,,,,,,,,,,,,,,,,normalizer,,heavy_standardisation,,custom_standardizer,,,,,0.0027555150944595513,,,,,,,,,,,,,,,,,,,,,,,COMPLETE
99,99,-inf,2024-02-23 12:05:53.181152,2024-02-23 12:05:53.568682,0 days 00:00:00.387530,2d_descriptors,keras_dense,,,,,,,,,,,,,,,,,,,,,,True,,,,,,,,,,,,,,,,,,,,,,,,,,,,,,,,,,,,,,,,,,,,,1D,,,,,,,,,,,,,,,,,,,,relu,,,,0.021023897751459297,,,,,9.0,,,,,,,,,,,1.2223029198705676e-06,,,,,1.2397345391889241e-06,,,,,,,,,,,,,,,,,,,,,,,,,,,,,,keras,,,,,,,,,,,,,,,,1.0,,,,,,max,,,,,,,,,,,,,,,,,,,,,,,normalizer,,,,,,,,,,,,,,,,,,,,,,,,,,,,,,,,COMPLETE
