,number,value,datetime_start,datetime_complete,duration,params_1D_featurizer,params_1d_model,params_2d_model,params_C_linear_svc,params_C_logistic_regression,params_C_passive_aggressive_classifier,params_C_svc,params_Cs_logistic_regression_cv,params_activation_mlp_classifier,params_algorithm_ada_boost_classifier,params_algorithm_kneighbors_classifier,params_algorithm_radius_neighbors_classifier,params_alpha_bernoulli_nb,params_alpha_complement_nb,params_alpha_mlp_classifier,params_alpha_multinomial_nb,params_alpha_perceptron,params_alpha_ridge_classifier,params_alpha_ridge_classifier_cv,params_alpha_sgd_classifier,params_attention_dropout_0,params_attention_dropout_1,params_attention_key_dim_0,params_attention_key_dim_1,params_base_estimator_bagging_classifier,params_base_filters,params_batch_normalization_0,params_batch_normalization_1,params_batch_normalization_2,params_batch_size_deepchem,params_batchnorm,params_bootstrap_bagging_classifier,params_bootstrap_extra_trees_classifier,params_bootstrap_features,params_bootstrap_random_forest_classifier,params_classification_model,params_conv_activation_0,params_conv_activation_1,params_conv_activation_2,params_conv_batch_norm_0,params_conv_batch_norm_1,params_conv_batch_norm_2,params_conv_dropout_0,params_conv_dropout_1,params_conv_dropout_2,params_criterion_decision_tree,params_criterion_extra_trees_classifier,params_criterion_gradient_boosting_classifier,params_criterion_random_forest_classifier,params_degree_nu_svc,params_degree_one_class_svm,params_degree_svc,params_dense_activation,params_dense_dropout,params_dense_layer_size,params_dense_units,params_depth_dmpnn,params_dropout,params_dropout_attentive_fp,params_dropout_dag,params_dropout_gcn,params_dropout_graph_conv,params_dropout_pagtn,params_dropout_text_cnn,params_dropouts_weave,params_embedding_output_dim,params_epochs_deepchem,params_epsilon_sgd_classifier,params_f1,params_f2,params_feature_selector,params_featurizer_type,params_filter_0,params_filter_1,params_filter_2,params_fnn_dropout_p,params_fnn_layers,params_fpSize,params_g_noise,params_gamma_nu_svc,params_gamma_one_class_svm,params_gamma_svc,params_graph_conv_layers_conv_model,params_graph_conv_layers_gcn,params_graph_feat_size_attentive_fp,params_gru_dropout_0,params_gru_dropout_1,params_gru_dropout_2,params_gru_units_0,params_gru_units_1,params_gru_units_2,params_hidden_activation_0,params_hidden_activation_1,params_hidden_activation_2,params_hidden_dropout_0,params_hidden_dropout_1,params_hidden_dropout_2,params_hidden_layer_sizes_mlp_classifier,params_hidden_layer_units_0,params_hidden_layer_units_1,params_hidden_layer_units_2,params_k,params_kernel_nu_svc,params_kernel_one_class_svm,params_kernel_size_0,params_kernel_size_1,params_kernel_size_2,params_kernel_svc,params_l1_0,params_l1_1,params_l1_2,params_l1_ratio_sgd_classifier,params_l2_0,params_l2_1,params_l2_2,params_layer_sizes_dag,params_layer_sizes_gather,params_leaf_size_kneighbors_classifier,params_leaf_size_radius_neighbors_classifier,params_learning_rate_ada_boost_classifier,params_learning_rate_gradient_boosting_classifier,params_learning_rate_hist_gradient_boosting_classifier,params_loss_gradient_boosting_classifier,params_lstm_dropout_0,params_lstm_dropout_1,params_lstm_dropout_2,params_lstm_units_0,params_lstm_units_1,params_lstm_units_2,params_master_atom,params_maxLength,params_maxPath,params_max_features_extra_trees_classifier,params_max_features_gradient_boosting_classifier,params_max_features_random_forest_classifier,params_max_length_pagtn,params_max_path,params_metric,params_minLength,params_minPath,params_min_path,params_model_steps,params_model_type,params_nBits,params_n_attention_heads,params_n_attention_layers,params_n_bits,params_n_conv_layers,params_n_embedding_text_cnn,params_n_estimators,params_n_estimators_ada_boost_classifier,params_n_estimators_bagging_classifier,params_n_estimators_extra_trees_classifier,params_n_estimators_gradient_boosting_classifier,params_n_estimators_random_forest_classifier,params_n_graph_feat_dag,params_n_graph_feat_weave,params_n_gru_layers,params_n_hidden_layers,params_n_hidden_weave,params_n_lstm_layers,params_n_neighbors_kneighbors_classifier,params_n_quantiles,params_n_rnn_layers,params_norm,params_nu_nu_svc,params_nu_one_class_svm,params_nu_sgd_one_class_svm,params_num_heads,params_num_layers_attentive_fp,params_num_layers_pagtn,params_output_distribution,params_p,params_penalty,params_percentile,params_predictor_dropout_gcn,params_radius,params_radius_n_radius_neighbors_classifier,params_reg_param,params_rnn_dropouts_0,params_rnn_dropouts_1,params_rnn_dropouts_2,params_rnn_units_0,params_rnn_units_1,params_rnn_units_2,params_scaler,params_solver,params_standardization_type,params_standardizer,params_stride_0,params_stride_1,params_stride_2,params_support_weak,params_threshold,params_tol,params_use_chirality_attentive_fp,params_use_chirality_gat,params_use_chirality_gcn,params_use_chirality_graph_conv,params_use_chirality_weave,params_use_edges_gat,params_use_edges_gcn,params_use_partial_charge_attentive_fp,params_use_partial_charge_gat,params_use_partial_charge_gcn,params_weight_gbr,params_weight_lr,params_weight_mlp,params_weight_rfr,params_weight_svc,params_weights_kneighbors_classifier,params_weights_radius_neighbors_classifier,state
0,0,0.5732844008213076,2024-02-15 17:03:43.876691,2024-02-15 17:04:52.963434,0 days 00:01:09.086743,atom_pair,,,,,,,,,,,,,,,,,,,,,,,,,,,,,,,,,,,gradient_boosting_classifier_model,,,,,,,,,,,,squared_error,,,,,,,,,,,,,,,,,,,,,,,low_variance_fs,,,,,,,,,,,,,,,,,,,,,,,,,,,,,,,,,,,,,,,,,,,,,,,,,,0.2028992286878416,,deviance,,,,,,,,40.0,,,sqrt,,,,,1.0,,,,sklearn,1024.0,,,,,,,,,,150.0,,,,,,,,,,,,,,,,,,,,,,,,,,,,,,,,,,,pass_through_standardizer,,,,,0.14139790655036738,,,,,,,,,,,,,,,,,,,COMPLETE
1,1,-inf,2024-02-15 17:04:53.010021,2024-02-15 17:09:53.235449,0 days 00:05:00.225428,2d_descriptors,,,,,,,,,,,,,,,,,,,,,,,,rfr,,,,,,,False,,False,,bagging_classifier_model,,,,,,,,,,,,,,,,,,,,,,,,,,,,,,,,,,,pass_through_transformer,,,,,,,,,,,,,,,,,,,,,,,,,,,,,,,,,,,,,,,,,,,,,,,,,,,,,,,,,,,,,,,,,,,,,,,,sklearn,,,,,,,,,150.0,,,,,,,,,,,,,,,,,,,,,,,,,,,,,,,,,,min_max_scaler,,,pass_through_standardizer,,,,,,,,,,,,,,,,,,,,,,,,COMPLETE
2,2,-inf,2024-02-15 17:09:53.467669,2024-02-15 17:14:53.657583,0 days 00:05:00.189914,,,,,,,,,,,,,,,,,,,,,,,,,,,,,,128.0,,,,,,,,,,,,,,,,,,,,,,,,,,,2.0,,,,,,,,,,443.0,,,,,,,,,0.0,1.0,,,,,,,,,,,,,,,,,,,,,,,,,,,,,,,,,,,,,,,,,,,,,,,,,,,,,,,,,,,,,,,,,dmpnn_model,deepchem,,,,,,,,,,,,,,,,,,,,,,,,,,,,,,,,,,,,,,,,,,,,,,chembl_standardizer,,,,,,,,,,,,,,,,,,,,,,,,COMPLETE
3,3,-inf,2024-02-15 17:14:53.685158,2024-02-15 17:19:53.925148,0 days 00:05:00.239990,,,,,,,,,,,,,,,,,,,,,,,,,,,,,,256.0,False,,,,,,,,,,,,,,,,,,,,,,,,,,,,,,0.0,,,,,,698.0,,,,,,,,,,,,,,,,,"[64, 64]",,,,,,,,,,,,,,,,,,,,,,,,,,,,,,,,,,,,,,,,,,,,,,,,,,,,,,,,,,gcn_model,deepchem,,,,,,,,,,,,,,,,,,,,,,,,,,,,,,,,,0.0,,,,,,,,,,,,,pass_through_standardizer,,,,,,,,,True,,,,False,,,False,,,,,,,,COMPLETE
4,4,-inf,2024-02-15 17:19:53.962561,2024-02-15 17:32:55.521095,0 days 00:13:01.558534,2d_descriptors,,,,,,,,,,,,,,,,,,,,,,,,,,,,,,,,,,,voting_classifier_model,,,,,,,,,,,,,,,,,,,,,,,,,,,,,,,,,,,select_from_model_fs,,,,,,,,,,,,,,,,,,,,,,,,,,,,,,,,,,,,,,,,,,,,,,,,,,,,,,,,,,,,,,,,,,,,,,,,sklearn,,,,,,,939.0,,,,,,,,,,,,,,,l2,,,,,,,,,,,,,,,,,,,,,normalizer,,,pass_through_standardizer,,,,,,,,,,,,,,,,,0.45607806741490364,0.2820275034047076,0.7513046213757012,0.15244795258778954,0.2186681714262385,,,COMPLETE
5,5,-inf,2024-02-15 17:32:55.556005,2024-02-15 17:37:21.083415,0 days 00:04:25.527410,mixed,,,,,,,,,,,,0.13412307162622972,,,,,,,,,,,,,,,,,,,,,,,bernoulli_nb_model,,,,,,,,,,,,,,,,,,,,,,,,,,,,,,,,,atom_pair,2d_descriptors,k_best,,,,,,,,,,,,,,,,,,,,,,,,,,,,,,,17.0,,,,,,,,,,,,,,,,,,,,,,,,,,,,,,,,,,,,,,,,,sklearn,,,,,,,,,,,,,,,,,,,,,,,,,,,,,,,,,,,,,,,,,,,,,,chembl_standardizer,,,,,,,,,,,,,,,,,,,,,,,,COMPLETE
6,6,-inf,2024-02-15 17:37:21.118524,2024-02-15 17:37:27.389790,0 days 00:00:06.271266,,,keras_rnn,,,,,,,,,,,,,,,,,,,,,,,,,,,,,,,,,,,,,,,,,,,,,,,,,,relu,0.4612693168731389,,32.0,,,,,,,,,,,,,,,,2D,,,,,,,,,,,,,,0.151020992907625,,,90.0,,,,,,,,,,,,,,,,,,,,,,,,,,,,,,,,,,,0.30082851419757867,,,194.0,,,,,,,,,,,,,,,,keras,,,,,,,,,,,,,,,1.0,,,1.0,,,,,,,,,,,,,,,,,,,,,,,,,,,,,,,,,,,,,,,,,,,,,,,,,,,,COMPLETE
7,7,-inf,2024-02-15 17:37:27.423619,2024-02-15 17:42:27.641846,0 days 00:05:00.218227,,,,,,,,,,,,,,,,,,,,,,,,,,,,,,256.0,,,,,,,,,,,,,,,,,,,,,,,,,,,,,0.0,,,,,,,,623.0,,,,,,,,,,,,,,,,,,400.0,,,,,,,,,,,,,,,,,,,,,,,,,,,,,,,,,,,,,,,,,,,,,,,,,,,,,,,,,attentive_fp_model,deepchem,,,,,,,,,,,,,,,,,,,,,,,,,,,2.0,,,,,,,,,,,,,,,,,,,basic_standardizer,,,,,,,True,,,,,,,False,,,,,,,,,,COMPLETE
8,8,-inf,2024-02-15 17:42:27.675822,2024-02-15 17:42:34.513361,0 days 00:00:06.837539,,,keras_bidirectional_rnn,,,,,,,,,,,,,,,,,,,,,,,,,,,,,,,,,,,,,,,,,,,,,,,,,,relu,0.35817375844324617,,224.0,,,,,,,,,,,,,,,,2D,,,,,,,,,,,,,,0.10677174615373214,0.06340792339249968,0.17771738693057332,174.0,34.0,127.0,,,,,,,,,,,,,,,,,,,,,,,,,,,,,,,,,0.18392365628155072,0.15890621584059317,,77.0,185.0,,,,,,,,,,,,,,,keras,,,,,,,,,,,,,,,3.0,,,2.0,,,,,,,,,,,,,,,,,,,,,,,,,,,,,,,,,,,,,,,,,,,,,,,,,,,,COMPLETE
9,9,-inf,2024-02-15 17:42:34.530831,2024-02-15 17:47:34.754016,0 days 00:05:00.223185,,,,,,,,,,,,,,,,,,,,,,,,,,,,,,32.0,True,,,,,,,,,,,,,,,,,,,,,,,,,,,,,,0.5,,,,,,717.0,,,,,,,,,,,,,,,,,"[64, 128]",,,,,,,,,,,,,,,,,,,,,,,,,,,,,,,,,,,,,,,,,,,,,,,,,,,,,,,,,,gcn_model,deepchem,,,,,,,,,,,,,,,,,,,,,,,,,,,,,,,,,0.5,,,,,,,,,,,,,pass_through_standardizer,,,,,,,,,True,,,,True,,,False,,,,,,,,COMPLETE
10,10,0.5487351288217912,2024-02-15 17:47:34.791397,2024-02-15 17:51:07.251228,0 days 00:03:32.459831,atom_pair,,,,,,,4.0,,,,,,,,,,,,,,,,,,,,,,,,,,,,logistic_regression_cv_model,,,,,,,,,,,,,,,,,,,,,,,,,,,,,,,,,,,low_variance_fs,,,,,,,,,,,,,,,,,,,,,,,,,,,,,,,,,,,,,,,,,,,,,,,,,,,,,,,,,,,,40.0,,,,,,,,1.0,,,,sklearn,1024.0,,,,,,,,,,,,,,,,,,,,,,,,,,,,,,,,,,,,,,,,,,,,simple_standardisation,custom_standardizer,,,,,0.1491338157203361,,,,,,,,,,,,,,,,,,,COMPLETE
11,11,0.5512082299562522,2024-02-15 17:51:07.293767,2024-02-15 17:54:45.309596,0 days 00:03:38.015829,atom_pair,,,,,,,4.0,,,,,,,,,,,,,,,,,,,,,,,,,,,,logistic_regression_cv_model,,,,,,,,,,,,,,,,,,,,,,,,,,,,,,,,,,,low_variance_fs,,,,,,,,,,,,,,,,,,,,,,,,,,,,,,,,,,,,,,,,,,,,,,,,,,,,,,,,,,,,40.0,,,,,,,,1.0,,,,sklearn,1024.0,,,,,,,,,,,,,,,,,,,,,,,,,,,,,,,,,,,,,,,,,,,,simple_standardisation,custom_standardizer,,,,,0.14957085942780138,,,,,,,,,,,,,,,,,,,COMPLETE
12,12,0.35438016528925614,2024-02-15 17:54:45.350347,2024-02-15 17:59:25.219861,0 days 00:04:39.869514,atom_pair,,,,,,,,,,,auto,,,,,,,,,,,,,,,,,,,,,,,,radius_neighbors_classifier_model,,,,,,,,,,,,,,,,,,,,,,,,,,,,,,,,,,,low_variance_fs,,,,,,,,,,,,,,,,,,,,,,,,,,,,,,,,,,,,,,,,,,,,,,,,7.0,,,,,,,,,,,,40.0,,,,,,,,1.0,,,,sklearn,1024.0,,,,,,,,,,,,,,,,,,,,,,,,,,,,,3.0,,,,,7.0,,,,,,,,,,simple_standardisation,custom_standardizer,,,,,0.14879542294483994,,,,,,,,,,,,,,,,,,uniform,COMPLETE
13,13,0.584346294856701,2024-02-15 17:59:25.262005,2024-02-15 18:03:36.267074,0 days 00:04:11.005069,atom_pair,,,,,,,,,,,,,,,,,,,,,,,,,,,,,,,,,,,gradient_boosting_classifier_model,,,,,,,,,,,,squared_error,,,,,,,,,,,,,,,,,,,,,,,low_variance_fs,,,,,,,,,,,,,,,,,,,,,,,,,,,,,,,,,,,,,,,,,,,,,,,,,,0.1637515741456934,,deviance,,,,,,,,40.0,,,sqrt,,,,,1.0,,,,sklearn,2048.0,,,,,,,,,,150.0,,,,,,,,,,,,,,,,,,,,,,,,,,,,,,,,,,heavy_standardisation,custom_standardizer,,,,,0.11698025421746194,,,,,,,,,,,,,,,,,,,COMPLETE
14,14,-inf,2024-02-15 18:03:36.309913,2024-02-15 18:08:36.495099,0 days 00:05:00.185186,morgan,,,,,,,,,,,,,,,,,,,,,,,,,,,,,,,,,,,gradient_boosting_classifier_model,,,,,,,,,,,,squared_error,,,,,,,,,,,,,,,,,,,,,,,boruta_algorithm,,,,,,,,,,,,,,,,,,,,,,,,,,,,,,,,,,,,,,,,,,,,,,,,,,0.15102535061386052,,deviance,,,,,,,,,,,sqrt,,,,,,,,,sklearn,,,,1024.0,,,,,,,150.0,,,,,,,,,,,,,,,,,,,,,,,4.0,,,,,,,,,,,,basic_standardizer,,,,False,,,,,,,,,,,,,,,,,,,,COMPLETE
15,15,0.5474213180064933,2024-02-15 18:08:36.526896,2024-02-15 18:13:00.827314,0 days 00:04:24.300418,layered,,,,,,,,,,,,,,,,,,,,,,,,,,,,,,,,,,,gradient_boosting_classifier_model,,,,,,,,,,,,squared_error,,,,,,,,,,,,,,,,,,,,,,,percentil_fs,,,,,,,2048.0,,,,,,,,,,,,,,,,,,,,,,,,,,,,,,,,,,,,,,,,,,,0.2261648159795372,,deviance,,,,,,,,,5.0,,sqrt,,,,,,3.0,,,sklearn,,,,,,,,,,,150.0,,,,,,,,,,,,,,,,,,,,,99.0,,,,,,,,,,,,,heavy_standardisation,custom_standardizer,,,,,,,,,,,,,,,,,,,,,,,,COMPLETE
16,16,-inf,2024-02-15 18:13:00.873860,2024-02-15 18:13:02.910393,0 days 00:00:02.036533,rdk,keras_dense,,,,,,,,,,,,,,,,,,,,,,,,,True,True,False,,,,,,,,,,,,,,,,,,,,,,,,,,,,,,,,,,,,,,,,,,,1D,,,,,,1024.0,,,,,,,,,,,,,,tanh,tanh,relu,0.4044909524152953,0.3379225614472562,0.0033473867973786153,,56.0,46.0,61.0,,,,,,,,1.448545583573634e-06,7.477354527046036e-05,0.00036128313978861856,,0.0002027868924912262,3.407831416689668e-05,1.1264925429218875e-05,,,,,,,,,,,,,,,,,,,,,,5.0,,,,2.0,,keras,,,,,,,,,,,,,,,,3.0,,,,,,,,,,,,,,,,,,,,,,,,,,,,,,,,,,,,,,,,,,,,,,,,,,,,,,COMPLETE
17,17,0.5298242867451048,2024-02-15 18:13:02.927132,2024-02-15 18:16:23.981357,0 days 00:03:21.054225,maccs,,,,,,4.880753224931694,,,,,,,,,,,,,,,,,,,,,,,,,,,,,svc_model,,,,,,,,,,,,,,,,3.0,,,,,,,,,,,,,,,,,,,low_variance_fs,,,,,,,,,,,0.9035033532875921,,,,,,,,,,,,,,,,,,,,,,,,,,linear,,,,,,,,,,,,,,,,,,,,,,,,,,,,,,,,,,,sklearn,,,,,,,,,,,,,,,,,,,,,,,,,,,,,,,,,,,,,,,,,,,,,,pass_through_standardizer,,,,,0.08259638593508198,,,,,,,,,,,,,,,,,,,COMPLETE
18,18,-inf,2024-02-15 18:16:24.025425,2024-02-15 18:21:24.733909,0 days 00:05:00.708484,mol2vec,,,,,,,,,,,,,,,,,9.644969021371535,,,,,,,,,,,,,,,,,,ridge_classifier_model,,,,,,,,,,,,,,,,,,,,,,,,,,,,,,,,,,,low_variance_fs,,,,,,,,,,,,,,,,,,,,,,,,,,,,,,,,,,,,,,,,,,,,,,,,,,,,,,,,,,,,,,,,,,,,,,,,sklearn,,,,,,,,,,,,,,,,,,,,,,,,,,,,,,,,,,,,,,,,,,,,,heavy_standardisation,custom_standardizer,,,,,0.09821415572248633,,,,,,,,,,,,,,,,,,,COMPLETE
19,19,-inf,2024-02-15 18:21:26.044305,2024-02-15 18:21:26.752463,0 days 00:00:00.708158,atom_pair,keras_1d_cnn,,,,,,,,,,,,,,,,,,,,,,,,,,,,,,,,,,,tanh,tanh,tanh,True,True,False,0.7345943859715633,0.260180378176067,0.3799281541938317,,,,,,,,tanh,,,64.0,,0.581580599034349,,,,,,,,,,,,,,1D,23.0,5.0,7.0,,,,0.018418099406456764,,,,,,,,,,,,,,,,,,,,,,,,,,63.0,30.0,23.0,,,,,,,,,,,,,,,,,,,,,,,,20.0,,,,,,,,3.0,,,,keras,2048.0,,,,3.0,,,,,,,,,,,,,,,,,,,,,,,,,,,,,,,,,,,,,,,,,,2.0,2.0,2.0,,,,,,,,,,,,,,,,,,,,,COMPLETE
20,20,-inf,2024-02-15 18:21:26.767383,2024-02-15 18:26:26.979919,0 days 00:05:00.212536,atom_pair,,,,,,,,,,,,,,,,,,,,,,,,,,,,,,,,,,,one_class_svm_model,,,,,,,,,,,,,,,2.0,,,,,,,,,,,,,,,,,,,,boruta_algorithm,,,,,,,,,,0.9422611435062359,,,,,,,,,,,,,,,,,,,,,,,rbf,,,,,,,,,,,,,,,,,,,,,,,,,,,50.0,,,,,,,,2.0,,,,sklearn,2048.0,,,,,,,,,,,,,,,,,,,,,,,0.6973320322718477,,,,,,,,,,,,,,,,,,,,,,basic_standardizer,,,,True,,,,,,,,,,,,,,,,,,,,COMPLETE
21,21,0.5658277704472151,2024-02-15 18:26:27.024196,2024-02-15 18:31:16.532076,0 days 00:04:49.507880,atom_pair,,,,,,,4.0,,,,,,,,,,,,,,,,,,,,,,,,,,,,logistic_regression_cv_model,,,,,,,,,,,,,,,,,,,,,,,,,,,,,,,,,,,low_variance_fs,,,,,,,,,,,,,,,,,,,,,,,,,,,,,,,,,,,,,,,,,,,,,,,,,,,,,,,,,,,,40.0,,,,,,,,1.0,,,,sklearn,1024.0,,,,,,,,,,,,,,,,,,,,,,,,,,,,,,,,,,,,,,,,,,,,heavy_standardisation,custom_standardizer,,,,,0.13656602953650382,,,,,,,,,,,,,,,,,,,COMPLETE
22,22,0.49078427015293713,2024-02-15 18:31:16.558198,2024-02-15 18:35:49.943054,0 days 00:04:33.384856,atom_pair,,,,,,,,,,,,,0.4071764499798671,,,,,,,,,,,,,,,,,,,,,,complement_nb_model,,,,,,,,,,,,,,,,,,,,,,,,,,,,,,,,,,,low_variance_fs,,,,,,,,,,,,,,,,,,,,,,,,,,,,,,,,,,,,,,,,,,,,,,,,,,,,,,,,,,,,30.0,,,,,,,,1.0,,,,sklearn,1024.0,,,,,,,,,,,,,,,,,,,,,,,,,,,,,,,,,,,,,,,,,,,,heavy_standardisation,custom_standardizer,,,,,0.0031857176137967957,,,,,,,,,,,,,,,,,,,COMPLETE
23,23,0.5681541553036997,2024-02-15 18:35:49.994634,2024-02-15 18:40:27.853040,0 days 00:04:37.858406,atom_pair,,,,0.05722805116570114,,,,,,,,,,,,,,,,,,,,,,,,,,,,,,,logistic_regression_model,,,,,,,,,,,,,,,,,,,,,,,,,,,,,,,,,,,low_variance_fs,,,,,,,,,,,,,,,,,,,,,,,,,,,,,,,,,,,,,,,,,,,,,,,,,,,,,,,,,,,,50.0,,,,,,,,2.0,,,,sklearn,2048.0,,,,,,,,,,,,,,,,,,,,,,,,,,,,,,,,,,,,,,,,,,,,heavy_standardisation,custom_standardizer,,,,,0.11889109234579504,,,,,,,,,,,,,,,,,,,COMPLETE
24,24,0.3690478967406444,2024-02-15 18:40:27.906277,2024-02-15 18:45:27.006251,0 days 00:04:59.099974,layered,,,,,,,,,,,,,,,,,,,,,,,,,,,,,,,,,,,gradient_boosting_classifier_model,,,,,,,,,,,,friedman_mse,,,,,,,,,,,,,,,,,,,,,,,k_best,,,,,,,1024.0,,,,,,,,,,,,,,,,,,,,,,,,4.0,,,,,,,,,,,,,,,,,,,0.012081072659858555,,deviance,,,,,,,,,10.0,,sqrt,,,,,,1.0,,,sklearn,,,,,,,,,,,350.0,,,,,,,,,,,,,,,,,,,,,,,,,,,,,,,,,,heavy_standardisation,custom_standardizer,,,,,,,,,,,,,,,,,,,,,,,,COMPLETE
25,25,0.3624016627485416,2024-02-15 18:45:27.042367,2024-02-15 18:50:18.142426,0 days 00:04:51.100059,rdk,,,,,4.264970093705097,,,,,,,,,,,,,,,,,,,,,,,,,,,,,,passive_aggressive_classifier_model,,,,,,,,,,,,,,,,,,,,,,,,,,,,,,,,,,,percentil_fs,,,,,,,2048.0,,,,,,,,,,,,,,,,,,,,,,,,,,,,,,,,,,,,,,,,,,,,,,,,,,,,,,,,,,,10.0,,,,1.0,,sklearn,,,,,,,,,,,,,,,,,,,,,,,,,,,,,,,,4.0,,,,,,,,,,,,,,chembl_standardizer,,,,,,,,,,,,,,,,,,,,,,,,COMPLETE
26,26,0.5102020973194714,2024-02-15 18:50:18.182030,2024-02-15 18:52:43.443845,0 days 00:02:25.261815,morgan,,,,,,,,,,,,,,,0.30405896247217246,,,,,,,,,,,,,,,,,,,,multinomial_nb_model,,,,,,,,,,,,,,,,,,,,,,,,,,,,,,,,,,,select_from_model_fs,,,,,,,,,,,,,,,,,,,,,,,,,,,,,,,,,,,,,,,,,,,,,,,,,,,,,,,,,,,,,,,,,,,,,,,,sklearn,,,,2048.0,,,22.0,,,,,,,,,,,,,,,,,,,,,,,,,,,6.0,,,,,,,,,,,,pass_through_standardizer,,,,,,,,,,,,,,,,,,,,,,,,COMPLETE
27,27,-inf,2024-02-15 18:52:43.488165,2024-02-15 18:57:44.130760,0 days 00:05:00.642595,mixed,,,,0.03342438414620856,,,,,,,,,,,,,,,,,,,,,,,,,,,,,,,logistic_regression_model,,,,,,,,,,,,,,,,,,,,,,,,,,,,,,,,,mol2vec,rdk,pass_through_transformer,,,,,,,,,,,,,,,,,,,,,,,,,,,,,,,,,,,,,,,,,,,,,,,,,,,,,,,,,,,,,,,,,,,,,,,,sklearn,,,,,,,,,,,,,,,,,,,,,,,,,,,,,,,,,,,,,,,,,,,,,heavy_standardisation,custom_standardizer,,,,,,,,,,,,,,,,,,,,,,,,COMPLETE
28,28,-inf,2024-02-15 18:57:44.146123,2024-02-15 18:57:45.100529,0 days 00:00:00.954406,mol2vec,keras_tabular_transformer,,,,,,,,,,,,,,,,,,,0.05170406100034314,,2.0,,,,,,,,,,,,,,,,,,,,,,,,,,,,,,tanh,0.00488487010423333,,128.0,,,,,,,,,,16.0,,,,,,1D,,,,,,,,,,,,,,,,,,,,,,,,,,,,,,,,,,,,,,,,,,,,,,,,,,,,,,,,,,,,,,,,,,,,,,,keras,,4.0,1.0,,,,,,,,,,,,,,,,,,,,,,,,,,,,,,,,,,,,,,,,,,,,,,,,,,,,,,,,,,,,,,,,,,,COMPLETE
29,29,-inf,2024-02-15 18:57:45.124742,2024-02-15 19:02:45.875526,0 days 00:05:00.750784,,,,,,,,,,,,,,,,,,,,,,,,,,,,,,8.0,,,,,,,,,,,,,,,,,,,,,,,,,,,,,,0.0,,,,,,,152.0,,,,,,,,,,,,,,,,,,,,,,,,,,,,,,,,,,,,,,,,,,,,,,,,,[100],[100],,,,,,,,,,,,,,,,,,,,,,,,,dag_model,deepchem,,,,,,,,,,,,,256.0,,,,,,,,,,,,,,,,,,,,,,,,,,,,,,,,heavy_standardisation,custom_standardizer,,,,,,,,,,,,,,,,,,,,,,,,COMPLETE
30,30,0.5232383866817806,2024-02-15 19:02:45.913003,2024-02-15 19:06:30.353385,0 days 00:03:44.440382,maccs,,,,1.1937780219631495,,,,,,,,,,,,,,,,,,,,,,,,,,,,,,,logistic_regression_model,,,,,,,,,,,,,,,,,,,,,,,,,,,,,,,,,,,low_variance_fs,,,,,,,,,,,,,,,,,,,,,,,,,,,,,,,,,,,,,,,,,,,,,,,,,,,,,,,,,,,,,,,,,,,,,,,,sklearn,,,,,,,,,,,,,,,,,,,,,,,,,,,,,,,,,,,,,,,,,,,,,,pass_through_standardizer,,,,,0.11447831642030544,,,,,,,,,,,,,,,,,,,COMPLETE
31,31,0.5115932032284194,2024-02-15 19:06:30.396335,2024-02-15 19:14:14.109272,0 days 00:07:43.712937,atom_pair,,,,,,,,,,,,,,,,0.9310771139172929,,,,,,,,,,,,,,,,,,,perceptron_model,,,,,,,,,,,,,,,,,,,,,,,,,,,,,,,,,,,low_variance_fs,,,,,,,,,,,,,,,,,,,,,,,,,,,,,,,,,,,,,,,,,,,,,,,,,,,,,,,,,,,,50.0,,,,,,,,2.0,,,,sklearn,2048.0,,,,,,,,,,,,,,,,,,,,,,,,,,,,,,,,,,,,,,,,,,,,heavy_standardisation,custom_standardizer,,,,,0.12125326018267392,,,,,,,,,,,,,,,,,,,COMPLETE
32,32,-inf,2024-02-15 19:14:14.144152,2024-02-15 19:20:02.093870,0 days 00:05:47.949718,atom_pair,,,,,,,,,,kd_tree,,,,,,,,,,,,,,,,,,,,,,,,,kneighbors_classifier_model,,,,,,,,,,,,,,,,,,,,,,,,,,,,,,,,,,,low_variance_fs,,,,,,,,,,,,,,,,,,,,,,,,,,,,,,,,,,,,,,,,,,,,,,,9.0,,,,,,,,,,,,,40.0,,,,,,,,1.0,,,,sklearn,2048.0,,,,,,,,,,,,,,,,,,8.0,,,,,,,,,,,10.0,,,,,,,,,,,,,,,heavy_standardisation,custom_standardizer,,,,,0.12240199989689265,,,,,,,,,,,,,,,,,distance,,COMPLETE
33,33,0.35438016528925614,2024-02-15 19:20:02.153070,2024-02-15 19:27:36.741973,0 days 00:07:34.588903,atom_pair,,,,,,,,,,,,,,,,,,,0.7281168291705195,,,,,,,,,,,,,,,,sgd_classifier_model,,,,,,,,,,,,,,,,,,,,,,,,,,,,,,,,0.09511388766442919,,,low_variance_fs,,,,,,,,,,,,,,,,,,,,,,,,,,,,,,,,,,,,,,,,,0.48590684367024245,,,,,,,,,,,,,,,,,,,50.0,,,,,,,,2.0,,,,sklearn,1024.0,,,,,,,,,,,,,,,,,,,,,,,,,,,,,,elasticnet,,,,,,,,,,,,,,heavy_standardisation,custom_standardizer,,,,,0.12387265891300239,,,,,,,,,,,,,,,,,,,COMPLETE
34,34,-inf,2024-02-15 19:27:36.784845,2024-02-15 19:32:37.158702,0 days 00:05:00.373857,atom_pair,,,,,,,,,,,,,,,,,,,,,,,,,,,,,,,,,,,sgd_one_class_svm_model,,,,,,,,,,,,,,,,,,,,,,,,,,,,,,,,,,,low_variance_fs,,,,,,,,,,,,,,,,,,,,,,,,,,,,,,,,,,,,,,,,,,,,,,,,,,,,,,,,,,,,30.0,,,,,,,,1.0,,,,sklearn,2048.0,,,,,,,,,,,,,,,,,,,,,,,,0.31185576655032077,,,,,,,,,,,,,,,,,,,,heavy_standardisation,custom_standardizer,,,,,0.12815097239575227,0.7493925563243159,,,,,,,,,,,,,,,,,,COMPLETE
35,35,-inf,2024-02-15 19:32:37.198004,2024-02-15 19:32:38.214068,0 days 00:00:01.016064,,,,,,,,,,,,,,,,,,,,,,,,,,,,,,16.0,,,,,,,,,,,,,,,,,,,,,,,,,,,,,,,,,,,0.25,,972.0,,,,,,,,,,,,,,,,,,,,,,,,,,,,,,,,,,,,,,,,,,,,,,,,,,,,,,,,,,,,,,,,,,,,,,,,,,,weave_model,deepchem,,,,,,,,,,,,,,128.0,,,200.0,,,,,,,,,,,,,,,,,,,,,,,,,,,,,pass_through_standardizer,,,,,,,,,,,False,,,,,,,,,,,,,COMPLETE
36,36,-inf,2024-02-15 19:32:38.236548,2024-02-15 19:37:46.029349,0 days 00:05:07.792801,atom_pair,,,,,,,,,,,,,,,,,,,,,,,,,,,,,,,,,,,gaussian_process_classifier_model,,,,,,,,,,,,,,,,,,,,,,,,,,,,,,,,,,,low_variance_fs,,,,,,,,,,,,,,,,,,,,,,,,,,,,,,,,,,,,,,,,,,,,,,,,,,,,,,,,,,,,40.0,,,,,,,,3.0,,,,sklearn,2048.0,,,,,,,,,,,,,,,,,,,,,,,,,,,,,,,,,,,,,,,,,,,,heavy_standardisation,custom_standardizer,,,,,0.10514706033448876,,,,,,,,,,,,,,,,,,,COMPLETE
37,37,0.5255388792578481,2024-02-15 19:37:46.063238,2024-02-15 19:45:35.939534,0 days 00:07:49.876296,atom_pair,,,,,,,,,SAMME.R,,,,,,,,,,,,,,,,,,,,,,,,,,ada_boost_classifier_model,,,,,,,,,,,,,,,,,,,,,,,,,,,,,,,,,,,low_variance_fs,,,,,,,,,,,,,,,,,,,,,,,,,,,,,,,,,,,,,,,,,,,,,,,,,0.9734150058590392,,,,,,,,,,,50.0,,,,,,,,1.0,,,,sklearn,1024.0,,,,,,,50.0,,,,,,,,,,,,,,,,,,,,,,,,,,,,,,,,,,,,,,chembl_standardizer,,,,,0.13431942927319424,,,,,,,,,,,,,,,,,,,COMPLETE
38,38,-inf,2024-02-15 19:45:35.980082,2024-02-15 19:50:36.188350,0 days 00:05:00.208268,,,,,,,,,,,,,,,,,,,,,,,,,,,,,,512.0,,,,,,,,,,,,,,,,,,,,,,,,,,,,,,,,,,0.25,,,113.0,,,,,,,,,,,,,,,,,,,,,,,,,,,,,,,,,,,,,,,,,,,,,,,,,,,,,,,,,,,,,,,,,,,,,,,,,,,text_cnn_model,deepchem,,,,,,100.0,,,,,,,,,,,,,,,,,,,,,,,,,,,,,,,,,,,,,,,,basic_standardizer,,,,,,,,,,,,,,,,,,,,,,,,COMPLETE
39,39,-inf,2024-02-15 19:50:36.227271,2024-02-15 19:53:29.421890,0 days 00:02:53.194619,2d_descriptors,,,,,,,,,,,,,,,,,,,,,,,,,,,,,,,,,,,quadradic_discriminant_analysis_model,,,,,,,,,,,,,,,,,,,,,,,,,,,,,,,,,,,k_best,,,,,,,,,,,,,,,,,,,,,,,,,,,,,,,24.0,,,,,,,,,,,,,,,,,,,,,,,,,,,,,,,,,,,,,,,,,sklearn,,,,,,,,,,,,,,,,,,,,,,,,,,,,,,,,,,,,0.469541964394829,,,,,,,max_abs_scaler,,,pass_through_standardizer,,,,,,,,,,,,,,,,,,,,,,,,COMPLETE
40,40,-inf,2024-02-15 19:53:29.462685,2024-02-15 19:53:37.347596,0 days 00:00:07.884911,,,keras_simple_rnn,,,,,,,,,,,,,,,,,,,,,,,,,,,,,,,,,,,,,,,,,,,,,,,,,,relu,0.16713305882174812,,256.0,,,,,,,,,,,,,,,,2D,,,,,,,,,,,,,,,,,,,,,,,,,,,,,,,,,,,,,,,,,,,,,,,,,,,,,,,,,,,,,,,,,,,,,,,keras,,,,,,,,,,,,,,,,,,,,,3.0,,,,,,,,,,,,,,,,0.010736523378954699,0.43108651562543054,0.29420276509257515,75.0,235.0,141.0,,,,,,,,,,,,,,,,,,,,,,,,,,,,COMPLETE
41,41,0.5512082299562522,2024-02-15 19:53:37.390020,2024-02-15 19:58:19.431913,0 days 00:04:42.041893,atom_pair,,,,,,,4.0,,,,,,,,,,,,,,,,,,,,,,,,,,,,logistic_regression_cv_model,,,,,,,,,,,,,,,,,,,,,,,,,,,,,,,,,,,low_variance_fs,,,,,,,,,,,,,,,,,,,,,,,,,,,,,,,,,,,,,,,,,,,,,,,,,,,,,,,,,,,,40.0,,,,,,,,1.0,,,,sklearn,1024.0,,,,,,,,,,,,,,,,,,,,,,,,,,,,,,,,,,,,,,,,,,,,simple_standardisation,custom_standardizer,,,,,0.14998489748019092,,,,,,,,,,,,,,,,,,,COMPLETE
42,42,0.45003286668889997,2024-02-15 19:58:19.474519,2024-02-15 20:02:51.994479,0 days 00:04:32.519960,atom_pair,,,,,,,,,,,,,,,,,,,,,,,,,,,,,,,,,,,decision_tree_classifier_model,,,,,,,,,,entropy,,,,,,,,,,,,,,,,,,,,,,,,,low_variance_fs,,,,,,,,,,,,,,,,,,,,,,,,,,,,,,,,,,,,,,,,,,,,,,,,,,,,,,,,,,,,40.0,,,,,,,,1.0,,,,sklearn,1024.0,,,,,,,,,,,,,,,,,,,,,,,,,,,,,,,,,,,,,,,,,,,,simple_standardisation,custom_standardizer,,,,,0.1358764015379073,,,,,,,,,,,,,,,,,,,COMPLETE
43,43,0.5671630119830329,2024-02-15 20:02:52.043615,2024-02-15 20:09:05.467643,0 days 00:06:13.424028,atom_pair,,,,,,,,,,,,,,,,,,,,,,,,,,,,,,,,,,True,random_forest_classifier_model,,,,,,,,,,,,,gini,,,,,,,,,,,,,,,,,,,,,,low_variance_fs,,,,,,,,,,,,,,,,,,,,,,,,,,,,,,,,,,,,,,,,,,,,,,,,,,,,,,,,,,,,30.0,,,,sqrt,,,,1.0,,,,sklearn,1024.0,,,,,,,,,,,800.0,,,,,,,,,,,,,,,,,,,,,,,,,,,,,,,,,simple_standardisation,custom_standardizer,,,,,0.13696968411421678,,,,,,,,,,,,,,,,,,,COMPLETE
44,44,-inf,2024-02-15 20:09:05.516118,2024-02-15 20:17:44.245767,0 days 00:08:38.729649,2d_descriptors,,,,,,,,,,,,,,,,,,,,,,,,,,,,,,,,,,True,random_forest_classifier_model,,,,,,,,,,,,,gini,,,,,,,,,,,,,,,,,,,,,,pass_through_transformer,,,,,,,,,,,,,,,,,,,,,,,,,,,,,,,,,,,,,,,,,,,,,,,,,,,,,,,,,,,,,,,,sqrt,,,,,,,,sklearn,,,,,,,,,,,,800.0,,,,,,,,157.0,,,,,,,,,uniform,,,,,,,,,,,,,,quantile_transformer,,simple_standardisation,custom_standardizer,,,,,,,,,,,,,,,,,,,,,,,,COMPLETE
45,45,0.4752725415460781,2024-02-15 20:17:44.282075,2024-02-15 20:22:41.148339,0 days 00:04:56.866264,atom_pair,,,,,,,,,,,,,,,,,,,,,,,,,,,,,,,,,,,gaussian_nb_model,,,,,,,,,,,,,,,,,,,,,,,,,,,,,,,,,,,low_variance_fs,,,,,,,,,,,,,,,,,,,,,,,,,,,,,,,,,,,,,,,,,,,,,,,,,,,,,,,,,,,,30.0,,,,,,,,2.0,,,,sklearn,1024.0,,,,,,,,,,,,,,,,,,,,,,,,,,,,,,,,,,,,,,,,,,,,,chembl_standardizer,,,,,0.13281960401265966,,,,,,,,,,,,,,,,,,,COMPLETE
46,46,-inf,2024-02-15 20:22:41.179695,2024-02-15 20:28:40.804663,0 days 00:05:59.624968,atom_pair,,,,,,,,,,,,,,,,,,,,,,,,,,,,,,,,,,,stacking_classifier_model,,,,,,,,,,,,,,,,,,,,,,,,,,,,,,,,,,,boruta_algorithm,,,,,,,,,,,,,,,,,,,,,,,,,,,,,,,,,,,,,,,,,,,,,,,,,,,,,,,,,,,,30.0,,,,,,,,1.0,,,,sklearn,2048.0,,,,,,,,,,,,,,,,,,,,,,,,,,,,,,,,,,,,,,,,,,,,,pass_through_standardizer,,,,True,,,,,,,,,,,,,,,,,,,,COMPLETE
47,47,-inf,2024-02-15 20:28:40.831099,2024-02-15 20:33:41.172929,0 days 00:05:00.341830,,,,,,,,,,,,,,,,,,,,,,,,,,,,,,64.0,,,,,,,,,,,,,,,,,,,,,,,,,512.0,,,,,,,0.25,,,,,994.0,,,,,,,,,,,,,,,,"[256, 128, 64]",,,,,,,,,,,,,,,,,,,,,,,,,,,,,,,,,,,,,,,,,,,,,,,True,,,,,,,,,,,,graph_conv_model,deepchem,,,,,,,,,,,,,,,,,,,,,,,,,,,,,,,,,,,,,,,,,,,,,heavy_standardisation,custom_standardizer,,,,,,,,,,True,,,,,,,,,,,,,,COMPLETE
48,48,0.5253338545810688,2024-02-15 20:33:41.205975,2024-02-15 20:41:46.829461,0 days 00:08:05.623486,mixed,,,,,,,,,,,,,,,,,,,,,,,,,,,,,,,,,,,linear_discriminant_analysis_model,,,,,,,,,,,,,,,,,,,,,,,,,,,,,,,,,rdk,layered,select_from_model_fs,,,,,,,,,,,,,,,,,,,,,,,,,,,,,,,,,,,,,,,,,,,,,,,,,,,,,,,,,,,,,,,,,,,,,,,,sklearn,,,,,,,349.0,,,,,,,,,,,,,,,,,,,,,,,,,,,,,,,,,,,,,lsqr,simple_standardisation,custom_standardizer,,,,,,,,,,,,,,,,,,,,,,,,COMPLETE
49,49,-inf,2024-02-15 20:41:46.850881,2024-02-15 20:41:58.044016,0 days 00:00:11.193135,,,keras_rnn,,,,,,,,,,,,,,,,,,,,,,,,,,,,,,,,,,,,,,,,,,,,,,,,,,tanh,0.23582726609389792,,160.0,,,,,,,,,,,,,,,,2D,,,,,,,,,,,,,,0.4948539632967574,,,249.0,,,,,,,,,,,,,,,,,,,,,,,,,,,,,,,,,,,0.4987332385628478,0.4707239649704913,0.3475370044814602,255.0,26.0,253.0,,,,,,,,,,,,,,keras,,,,,,,,,,,,,,,1.0,,,3.0,,,,,,,,,,,,,,,,,,,,,,,,,,,,,,,,,,,,,,,,,,,,,,,,,,,,COMPLETE
50,50,0.5607881809868962,2024-02-15 20:41:58.057835,2024-02-15 20:48:09.048955,0 days 00:06:10.991120,morgan,,,,,,,,,,,,,,,,,,,,,,,,,,,,,,,,True,,,extra_trees_classifier_model,,,,,,,,,,,entropy,,,,,,,,,,,,,,,,,,,,,,,,percentil_fs,,,,,,,,,,,,,,,,,,,,,,,,,,,,,,,,,,,,,,,,,,,,,,,,,,,,,,,,,,,,,,sqrt,,,,,,,,,,sklearn,,,,1024.0,,,,,,400.0,,,,,,,,,,,,,,,,,,,,,,59.0,,2.0,,,,,,,,,,,,basic_standardizer,,,,,,,,,,,,,,,,,,,,,,,,COMPLETE
51,51,0.5631295618892731,2024-02-15 20:48:09.094861,2024-02-15 20:54:34.811299,0 days 00:06:25.716438,morgan,,,,,,,,,,,,,,,,,,,,,,,,,,,,,,,,True,,,extra_trees_classifier_model,,,,,,,,,,,entropy,,,,,,,,,,,,,,,,,,,,,,,,pass_through_transformer,,,,,,,,,,,,,,,,,,,,,,,,,,,,,,,,,,,,,,,,,,,,,,,,,,,,,,,,,,,,,,sqrt,,,,,,,,,,sklearn,,,,1024.0,,,,,,400.0,,,,,,,,,,,,,,,,,,,,,,,,2.0,,,,,,,,,,,,basic_standardizer,,,,,,,,,,,,,,,,,,,,,,,,COMPLETE
52,52,0.5776224568973948,2024-02-15 20:54:34.840847,2024-02-15 21:00:56.553752,0 days 00:06:21.712905,morgan,,,,,,,,,,,,,,,,,,6.12470421788726,,,,,,,,,,,,,,,,,ridge_classifier_cv_model,,,,,,,,,,,,,,,,,,,,,,,,,,,,,,,,,,,pass_through_transformer,,,,,,,,,,,,,,,,,,,,,,,,,,,,,,,,,,,,,,,,,,,,,,,,,,,,,,,,,,,,,,,,,,,,,,,,sklearn,,,,1024.0,,,,,,,,,,,,,,,,,,,,,,,,,,,,,,2.0,,,,,,,,,,,,basic_standardizer,,,,,,,,,,,,,,,,,,,,,,,,COMPLETE
53,53,-inf,2024-02-15 21:00:56.603236,2024-02-15 21:05:57.212324,0 days 00:05:00.609088,morgan,,,,,,,,,,,,,,,,,,6.289597997278233,,,,,,,,,,,,,,,,,ridge_classifier_cv_model,,,,,,,,,,,,,,,,,,,,,,,,,,,,,,,,,,,pass_through_transformer,,,,,,,,,,,,,,,,,,,,,,,,,,,,,,,,,,,,,,,,,,,,,,,,,,,,,,,,,,,,,,,,,,,,,,,,sklearn,,,,2048.0,,,,,,,,,,,,,,,,,,,,,,,,,,,,,,2.0,,,,,,,,,,,,basic_standardizer,,,,,,,,,,,,,,,,,,,,,,,,COMPLETE
54,54,0.4847308195083785,2024-02-15 21:05:57.244423,2024-02-15 21:13:04.127866,0 days 00:07:06.883443,layered,,,2.2924647344668374,,,,,,,,,,,,,,,,,,,,,,,,,,,,,,,,linear_svc_model,,,,,,,,,,,,,,,,,,,,,,,,,,,,,,,,,,,pass_through_transformer,,,,,,,1024.0,,,,,,,,,,,,,,,,,,,,,,,,,,,,,,,,,,,,,,,,,,,,,,,,,,,,,,8.0,,,,,,,,1.0,,,sklearn,,,,,,,,,,,,,,,,,,,,,,,,,,,,,,,,,,,,,,,,,,,,,,basic_standardizer,,,,,,,,,,,,,,,,,,,,,,,,COMPLETE
55,55,-inf,2024-02-15 21:13:04.168988,2024-02-15 21:18:04.382272,0 days 00:05:00.213284,rdk,,,,,,,,,,,,,,,,,,,,,,,,,,,,,,,,,,,hist_gradient_boosting_classifier_model,,,,,,,,,,,,,,,,,,,,,,,,,,,,,,,,,,,low_variance_fs,,,,,,,2048.0,,,,,,,,,,,,,,,,,,,,,,,,,,,,,,,,,,,,,,,,,,,,0.7882675495845493,,,,,,,,,,,,,,,8.0,,,,3.0,,sklearn,,,,,,,,,,,,,,,,,,,,,,,,,,,,,,,,,,,,,,,,,,,,,,pass_through_standardizer,,,,,0.11727128494999224,,,,,,,,,,,,,,,,,,,COMPLETE
56,56,0.5209004240756538,2024-02-15 21:18:04.415464,2024-02-15 21:30:17.160332,0 days 00:12:12.744868,maccs,,,,,,,,relu,,,,,,9.095366378510503e-05,,,,,,,,,,,,,,,,,,,,,mlp_classifier_model,,,,,,,,,,,,,,,,,,,,,,,,,,,,,,,,,,,low_variance_fs,,,,,,,,,,,,,,,,,,,,,,,,,,,"(50,)",,,,,,,,,,,,,,,,,,,,,,,,,,,,,,,,,,,,,,,,,,,,,sklearn,,,,,,,,,,,,,,,,,,,,,,,,,,,,,,,,,,,,,,,,,,,,,heavy_standardisation,custom_standardizer,,,,,0.1045384174789584,,,,,,,,,,,,,,,,,,,COMPLETE
57,57,-inf,2024-02-15 21:30:17.202953,2024-02-15 21:35:17.431032,0 days 00:05:00.228079,atom_pair,,,,,,,,,,,,,,,,,,,,,,,,,,,,,,,,,,,nu_svc_model,,,,,,,,,,,,,,3.0,,,,,,,,,,,,,,,,,,,,,select_from_model_fs,,,,,,,,,0.027931714975345856,,,,,,,,,,,,,,,,,,,,,,,linear,,,,,,,,,,,,,,,,,,,,,,,,,,,,20.0,,,,,,,,1.0,,,,sklearn,1024.0,,,,,,994.0,,,,,,,,,,,,,,,,0.06430876881692704,,,,,,,,,,,,,,,,,,,,,,,basic_standardizer,,,,,,,,,,,,,,,,,,,,,,,,COMPLETE
58,58,-inf,2024-02-15 21:35:17.461361,2024-02-15 22:03:10.253111,0 days 00:27:52.791750,mol2vec,,,,,,,,,,,,,,,,,,,,,,,,,,,,,,,,,,,nearest_centroid_model,,,,,,,,,,,,,,,,,,,,,,,,,,,,,,,,,,,low_variance_fs,,,,,,,,,,,,,,,,,,,,,,,,,,,,,,,,,,,,,,,,,,,,,,,,,,,,,,,,,,,,,,,,,,,manhattan,,,,,sklearn,,,,,,,,,,,,,,,,,,,,,,,,,,,,,,,,,,,,,,,,,,,,,,chembl_standardizer,,,,,0.13760268496923853,,,,,,,,,,,,,,,,,,,COMPLETE
59,59,-inf,2024-02-15 22:03:10.282088,2024-02-15 22:03:10.744245,0 days 00:00:00.462157,atom_pair,keras_tabular_transformer,,,,,,,,,,,,,,,,,,,0.4915181862869119,0.44918721394359723,16.0,4.0,,,,,,,,,,,,,,,,,,,,,,,,,,,,,tanh,0.4642170965280758,,16.0,,,,,,,,,,32.0,,,,,,1D,,,,,,,,,,,,,,,,,,,,,,,,,,,,,,,,,,,,,,,,,,,,,,,,,,,,,,,,,,,30.0,,,,,,,,2.0,,,,keras,2048.0,2.0,2.0,,,,,,,,,,,,,,,,,,,,,,,,,,,,,,,,,,,,,,,,,,,,,,,,,,,,,,,,,,,,,,,,,,,COMPLETE
60,60,0.35438016528925614,2024-02-15 22:03:10.761340,2024-02-15 22:10:51.784285,0 days 00:07:41.022945,morgan,,,,,,,,,,,,,,,,,,,,,,,,,,,,,,,,,,False,random_forest_classifier_model,,,,,,,,,,,,,gini,,,,,,,,,,,,,,,,,,,,,,k_best,,,,,,,,,,,,,,,,,,,,,,,,,,,,,,,1.0,,,,,,,,,,,,,,,,,,,,,,,,,,,,,,,,,log2,,,,,,,,sklearn,,,,1024.0,,,,,,,,1000.0,,,,,,,,,,,,,,,,,,,,,,4.0,,,,,,,,,,,heavy_standardisation,custom_standardizer,,,,,,,,,,,,,,,,,,,,,,,,COMPLETE
61,61,0.5718524015280189,2024-02-15 22:10:51.826035,2024-02-15 22:18:39.048007,0 days 00:07:47.221972,morgan,,,,,,,,,,,,,,,,,,2.2626722112671045,,,,,,,,,,,,,,,,,ridge_classifier_cv_model,,,,,,,,,,,,,,,,,,,,,,,,,,,,,,,,,,,pass_through_transformer,,,,,,,,,,,,,,,,,,,,,,,,,,,,,,,,,,,,,,,,,,,,,,,,,,,,,,,,,,,,,,,,,,,,,,,,sklearn,,,,1024.0,,,,,,,,,,,,,,,,,,,,,,,,,,,,,,2.0,,,,,,,,,,,,basic_standardizer,,,,,,,,,,,,,,,,,,,,,,,,COMPLETE
62,62,0.5711762666629551,2024-02-15 22:18:39.097007,2024-02-15 22:26:45.495324,0 days 00:08:06.398317,morgan,,,,,,,,,,,,,,,,,,0.8679639313674319,,,,,,,,,,,,,,,,,ridge_classifier_cv_model,,,,,,,,,,,,,,,,,,,,,,,,,,,,,,,,,,,pass_through_transformer,,,,,,,,,,,,,,,,,,,,,,,,,,,,,,,,,,,,,,,,,,,,,,,,,,,,,,,,,,,,,,,,,,,,,,,,sklearn,,,,1024.0,,,,,,,,,,,,,,,,,,,,,,,,,,,,,,2.0,,,,,,,,,,,,basic_standardizer,,,,,,,,,,,,,,,,,,,,,,,,COMPLETE
63,63,0.570519303225489,2024-02-15 22:26:45.535037,2024-02-15 22:34:33.101980,0 days 00:07:47.566943,morgan,,,,,,,,,,,,,,,,,,0.29346306638745356,,,,,,,,,,,,,,,,,ridge_classifier_cv_model,,,,,,,,,,,,,,,,,,,,,,,,,,,,,,,,,,,pass_through_transformer,,,,,,,,,,,,,,,,,,,,,,,,,,,,,,,,,,,,,,,,,,,,,,,,,,,,,,,,,,,,,,,,,,,,,,,,sklearn,,,,1024.0,,,,,,,,,,,,,,,,,,,,,,,,,,,,,,2.0,,,,,,,,,,,,basic_standardizer,,,,,,,,,,,,,,,,,,,,,,,,COMPLETE
64,64,0.5703485625673631,2024-02-15 22:34:33.147324,2024-02-15 22:42:33.144641,0 days 00:07:59.997317,morgan,,,,,,,,,,,,,,,,,,0.1893718141155758,,,,,,,,,,,,,,,,,ridge_classifier_cv_model,,,,,,,,,,,,,,,,,,,,,,,,,,,,,,,,,,,pass_through_transformer,,,,,,,,,,,,,,,,,,,,,,,,,,,,,,,,,,,,,,,,,,,,,,,,,,,,,,,,,,,,,,,,,,,,,,,,sklearn,,,,1024.0,,,,,,,,,,,,,,,,,,,,,,,,,,,,,,2.0,,,,,,,,,,,,basic_standardizer,,,,,,,,,,,,,,,,,,,,,,,,COMPLETE
65,65,-inf,2024-02-15 22:42:33.193569,2024-02-15 22:47:34.956056,0 days 00:05:01.762487,morgan,,,,,,,,,,,,,,,,,,0.1448964730876793,,,,,,,,,,,,,,,,,ridge_classifier_cv_model,,,,,,,,,,,,,,,,,,,,,,,,,,,,,,,,,,,pass_through_transformer,,,,,,,,,,,,,,,,,,,,,,,,,,,,,,,,,,,,,,,,,,,,,,,,,,,,,,,,,,,,,,,,,,,,,,,,sklearn,,,,1024.0,,,,,,,,,,,,,,,,,,,,,,,,,,,,,,2.0,,,,,,,,,,,,basic_standardizer,,,,,,,,,,,,,,,,,,,,,,,,COMPLETE
66,66,0.570519303225489,2024-02-15 22:47:34.996808,2024-02-15 22:55:31.762131,0 days 00:07:56.765323,morgan,,,,,,,,,,,,,,,,,,0.4511156283283365,,,,,,,,,,,,,,,,,ridge_classifier_cv_model,,,,,,,,,,,,,,,,,,,,,,,,,,,,,,,,,,,pass_through_transformer,,,,,,,,,,,,,,,,,,,,,,,,,,,,,,,,,,,,,,,,,,,,,,,,,,,,,,,,,,,,,,,,,,,,,,,,sklearn,,,,1024.0,,,,,,,,,,,,,,,,,,,,,,,,,,,,,,2.0,,,,,,,,,,,,basic_standardizer,,,,,,,,,,,,,,,,,,,,,,,,COMPLETE
67,67,-inf,2024-02-15 22:55:31.813500,2024-02-15 23:00:32.033336,0 days 00:05:00.219836,,,,,,,,,,,,,,,,,,,,,,,,,,32.0,,,,32.0,,,,,,,,,,,,,,,,,,,,,,,,,,,,,,,,,,,,,410.0,,,,,,,,,,,,,,,,,,,,,,,,,,,,,,,,,,,,,,,,,,,,,,,,,,,,,,,,,,,,,,,,,,,,,,,,,,,chem_ception_model,deepchem,,,,,,,,,,,,,,,,,,,,,,,,,,,,,,,,,,,,,,,,,,,,,,basic_standardizer,,,,,,,,,,,,,,,,,,,,,,,,COMPLETE
68,68,0.5182266914710423,2024-02-15 23:00:32.076948,2024-02-15 23:06:20.866410,0 days 00:05:48.789462,morgan,,,,,,,,,,,,,,,,,,,,,,,,,,,,,,,,,,,gradient_boosting_classifier_model,,,,,,,,,,,,squared_error,,,,,,,,,,,,,,,,,,,,,,,pass_through_transformer,,,,,,,,,,,,,,,,,,,,,,,,,,,,,,,,,,,,,,,,,,,,,,,,,,0.5982058158091599,,exponential,,,,,,,,,,,log2,,,,,,,,,sklearn,,,,1024.0,,,,,,,50.0,,,,,,,,,,,,,,,,,,,,,,,2.0,,,,,,,,,,,,basic_standardizer,,,,,,,,,,,,,,,,,,,,,,,,COMPLETE
69,69,0.5711762666629551,2024-02-15 23:06:20.915485,2024-02-15 23:13:08.520564,0 days 00:06:47.605079,morgan,,,,,,,,,,,,,,,,,,0.7995318947034817,,,,,,,,,,,,,,,,,ridge_classifier_cv_model,,,,,,,,,,,,,,,,,,,,,,,,,,,,,,,,,,,pass_through_transformer,,,,,,,,,,,,,,,,,,,,,,,,,,,,,,,,,,,,,,,,,,,,,,,,,,,,,,,,,,,,,,,,,,,,,,,,sklearn,,,,1024.0,,,,,,,,,,,,,,,,,,,,,,,,,,,,,,2.0,,,,,,,,,,,,basic_standardizer,,,,,,,,,,,,,,,,,,,,,,,,COMPLETE
70,70,0.5713448173936096,2024-02-15 23:13:08.560820,2024-02-15 23:19:38.149064,0 days 00:06:29.588244,morgan,,,,,,,,,,,,,,,,,,1.592598883855536,,,,,,,,,,,,,,,,,ridge_classifier_cv_model,,,,,,,,,,,,,,,,,,,,,,,,,,,,,,,,,,,pass_through_transformer,,,,,,,,,,,,,,,,,,,,,,,,,,,,,,,,,,,,,,,,,,,,,,,,,,,,,,,,,,,,,,,,,,,,,,,,sklearn,,,,1024.0,,,,,,,,,,,,,,,,,,,,,,,,,,,,,,2.0,,,,,,,,,,,,basic_standardizer,,,,,,,,,,,,,,,,,,,,,,,,COMPLETE
71,71,0.5713448173936096,2024-02-15 23:19:38.198369,2024-02-15 23:26:19.278229,0 days 00:06:41.079860,morgan,,,,,,,,,,,,,,,,,,1.503529956011847,,,,,,,,,,,,,,,,,ridge_classifier_cv_model,,,,,,,,,,,,,,,,,,,,,,,,,,,,,,,,,,,pass_through_transformer,,,,,,,,,,,,,,,,,,,,,,,,,,,,,,,,,,,,,,,,,,,,,,,,,,,,,,,,,,,,,,,,,,,,,,,,sklearn,,,,1024.0,,,,,,,,,,,,,,,,,,,,,,,,,,,,,,2.0,,,,,,,,,,,,basic_standardizer,,,,,,,,,,,,,,,,,,,,,,,,COMPLETE
72,72,-inf,2024-02-15 23:26:19.343616,2024-02-15 23:31:26.162587,0 days 00:05:06.818971,morgan,,,,,,,,,,,,,,,,,,2.4572207256044467,,,,,,,,,,,,,,,,,ridge_classifier_cv_model,,,,,,,,,,,,,,,,,,,,,,,,,,,,,,,,,,,pass_through_transformer,,,,,,,,,,,,,,,,,,,,,,,,,,,,,,,,,,,,,,,,,,,,,,,,,,,,,,,,,,,,,,,,,,,,,,,,sklearn,,,,1024.0,,,,,,,,,,,,,,,,,,,,,,,,,,,,,,2.0,,,,,,,,,,,,basic_standardizer,,,,,,,,,,,,,,,,,,,,,,,,COMPLETE
73,73,-inf,2024-02-15 23:31:26.207387,2024-02-15 23:36:31.465830,0 days 00:05:05.258443,morgan,,,,,,,,,,,,,,,,,,,,,,,,svc,,,,,,,True,,True,,bagging_classifier_model,,,,,,,,,,,,,,,,,,,,,,,,,,,,,,,,,,,pass_through_transformer,,,,,,,,,,,,,,,,,,,,,,,,,,,,,,,,,,,,,,,,,,,,,,,,,,,,,,,,,,,,,,,,,,,,,,,,sklearn,,,,1024.0,,,,,500.0,,,,,,,,,,,,,,,,,,,,,,,,,2.0,,,,,,,,,,,,basic_standardizer,,,,,,,,,,,,,,,,,,,,,,,,COMPLETE
74,74,0.5720719396168753,2024-02-15 23:36:31.501568,2024-02-15 23:49:03.166717,0 days 00:12:31.665149,morgan,,,,,,,,,,,,,,,,,,2.541010653184206,,,,,,,,,,,,,,,,,ridge_classifier_cv_model,,,,,,,,,,,,,,,,,,,,,,,,,,,,,,,,,,,pass_through_transformer,,,,,,,,,,,,,,,,,,,,,,,,,,,,,,,,,,,,,,,,,,,,,,,,,,,,,,,,,,,,,,,,,,,,,,,,sklearn,,,,1024.0,,,,,,,,,,,,,,,,,,,,,,,,,,,,,,2.0,,,,,,,,,,,,basic_standardizer,,,,,,,,,,,,,,,,,,,,,,,,COMPLETE
75,75,0.5815033827378484,2024-02-15 23:49:03.202734,2024-02-16 00:03:08.023623,0 days 00:14:04.820889,morgan,,,,,,,,,,,,,,,,,,,,,,,,,,,,,,,,,,,gradient_boosting_classifier_model,,,,,,,,,,,,squared_error,,,,,,,,,,,,,,,,,,,,,,,pass_through_transformer,,,,,,,,,,,,,,,,,,,,,,,,,,,,,,,,,,,,,,,,,,,,,,,,,,0.3738315737081547,,deviance,,,,,,,,,,,auto,,,,,,,,,sklearn,,,,1024.0,,,,,,,200.0,,,,,,,,,,,,,,,,,,,,,,,2.0,,,,,,,,,,,,basic_standardizer,,,,,,,,,,,,,,,,,,,,,,,,COMPLETE
76,76,0.5588890704156413,2024-02-16 00:03:08.075553,2024-02-16 00:17:28.873958,0 days 00:14:20.798405,morgan,,,,,,,,,,,,,,,,,,,,,,,,,,,,,,,,,,,gradient_boosting_classifier_model,,,,,,,,,,,,squared_error,,,,,,,,,,,,,,,,,,,,,,,pass_through_transformer,,,,,,,,,,,,,,,,,,,,,,,,,,,,,,,,,,,,,,,,,,,,,,,,,,0.3586595932838982,,deviance,,,,,,,,,,,auto,,,,,,,,,sklearn,,,,1024.0,,,,,,,200.0,,,,,,,,,,,,,,,,,,,,,,,4.0,,,,,,,,,,,,basic_standardizer,,,,,,,,,,,,,,,,,,,,,,,,COMPLETE
77,77,-inf,2024-02-16 00:17:28.925232,2024-02-16 00:17:45.972286,0 days 00:00:17.047054,,,keras_simple_rnn,,,,,,,,,,,,,,,,,,,,,,,,,,,,,,,,,,,,,,,,,,,,,,,,,,relu,0.007051351194432398,,160.0,,,,,,,,,,,,,,,,2D,,,,,,,,,,,,,,,,,,,,,,,,,,,,,,,,,,,,,,,,,,,,,,,,,,,,,,,,,,,,,,,,,,,,,,,keras,,,,,,,,,,,,,,,,,,,,,1.0,,,,,,,,,,,,,,,,0.48726111293994534,,,250.0,,,,,,,,,,,,,,,,,,,,,,,,,,,,,,COMPLETE
78,78,0.5462864880424376,2024-02-16 00:17:45.989570,2024-02-16 00:25:11.858502,0 days 00:07:25.868932,morgan,,,,,,,,,,,,0.9078483280362354,,,,,,,,,,,,,,,,,,,,,,,bernoulli_nb_model,,,,,,,,,,,,,,,,,,,,,,,,,,,,,,,,,,,pass_through_transformer,,,,,,,,,,,,,,,,,,,,,,,,,,,,,,,,,,,,,,,,,,,,,,,,,,,,,,,,,,,,,,,,,,,,,,,,sklearn,,,,1024.0,,,,,,,,,,,,,,,,,,,,,,,,,,,,,,2.0,,,,,,,,,,,,basic_standardizer,,,,,,,,,,,,,,,,,,,,,,,,COMPLETE
79,79,-inf,2024-02-16 00:25:11.907358,2024-02-16 00:25:12.176519,0 days 00:00:00.269161,,,,,,,,,,,,,,,,,,,,,,,,,,,,,,16.0,,,,,,,,,,,,,,,,,,,,,,,,,,,,,,,,,,,,,313.0,,,,,,,,,,,,,,,,,,,,,,,,,,,,,,,,,,,,,,,,,,,,,,,,,,,,,,,,,,,,,,,,,,,,,,,,,,,gat_model,deepchem,,,,,,,,,,,,,,,,,,,,,,,,,,,,,,,,,,,,,,,,,,,,,,basic_standardizer,,,,,,,,False,,,,False,,,False,,,,,,,,,COMPLETE
80,80,-inf,2024-02-16 00:25:12.198153,2024-02-16 00:30:12.471660,0 days 00:05:00.273507,mixed,,,,,,,,,,,,,,,,,,,,,,,,,,,,,,,,,,,voting_classifier_model,,,,,,,,,,,,,,,,,,,,,,,,,,,,,,,,,layered,morgan,boruta_algorithm,,,,,,,,,,,,,,,,,,,,,,,,,,,,,,,,,,,,,,,,,,,,,,,,,,,,,,,,,,,,,,,,,,,,,,,,sklearn,,,,,,,,,,,,,,,,,,,,,,,,,,,,,,,,,,,,,,,,,,,,,,basic_standardizer,,,,False,,,,,,,,,,,,,0.9714760037458433,0.961426957570783,0.059900206720836846,0.9987050418097522,0.9834915960881381,,,COMPLETE
81,81,-inf,2024-02-16 00:30:12.510134,2024-02-16 00:35:12.799468,0 days 00:05:00.289334,morgan,,,,,,,,,,,,,,,,,,,,,,,,,,,,,,,,,,,gradient_boosting_classifier_model,,,,,,,,,,,,squared_error,,,,,,,,,,,,,,,,,,,,,,,pass_through_transformer,,,,,,,,,,,,,,,,,,,,,,,,,,,,,,,,,,,,,,,,,,,,,,,,,,0.37520421427710404,,deviance,,,,,,,,,,,auto,,,,,,,,,sklearn,,,,1024.0,,,,,,,250.0,,,,,,,,,,,,,,,,,,,,,,,2.0,,,,,,,,,,,,basic_standardizer,,,,,,,,,,,,,,,,,,,,,,,,COMPLETE
82,82,-inf,2024-02-16 00:35:12.839549,2024-02-16 00:36:11.933545,0 days 00:00:59.093996,morgan,,,,,,,,,,,brute,,,,,,,,,,,,,,,,,,,,,,,,radius_neighbors_classifier_model,,,,,,,,,,,,,,,,,,,,,,,,,,,,,,,,,,,pass_through_transformer,,,,,,,,,,,,,,,,,,,,,,,,,,,,,,,,,,,,,,,,,,,,,,,,3.0,,,,,,,,,,,,,,,,,,,,,,,,sklearn,,,,1024.0,,,,,,,,,,,,,,,,,,,,,,,,,,8.0,,,,2.0,0.0,,,,,,,,,,,basic_standardizer,,,,,,,,,,,,,,,,,,,,,,,distance,COMPLETE
83,83,0.6134024301799127,2024-02-16 00:36:11.969170,2024-02-16 00:49:49.983664,0 days 00:13:38.014494,morgan,,,,,,9.821880599799835,,,,,,,,,,,,,,,,,,,,,,,,,,,,,svc_model,,,,,,,,,,,,,,,,5.0,,,,,,,,,,,,,,,,,,,pass_through_transformer,,,,,,,,,,,0.0392617789396249,,,,,,,,,,,,,,,,,,,,,,,,,,rbf,,,,,,,,,,,,,,,,,,,,,,,,,,,,,,,,,,,sklearn,,,,1024.0,,,,,,,,,,,,,,,,,,,,,,,,,,,,,,2.0,,,,,,,,,,,,basic_standardizer,,,,,,,,,,,,,,,,,,,,,,,,COMPLETE
84,84,-inf,2024-02-16 00:49:50.027198,2024-02-16 00:54:56.761432,0 days 00:05:06.734234,layered,,,,,,9.056781464816671,,,,,,,,,,,,,,,,,,,,,,,,,,,,,svc_model,,,,,,,,,,,,,,,,5.0,,,,,,,,,,,,,,,,,,,pass_through_transformer,,,,,,,1024.0,,,,0.09139054490623993,,,,,,,,,,,,,,,,,,,,,,,,,,rbf,,,,,,,,,,,,,,,,,,,,,,,,5.0,,,,,,,,3.0,,,sklearn,,,,,,,,,,,,,,,,,,,,,,,,,,,,,,,,,,,,,,,,,,,,,,pass_through_standardizer,,,,,,,,,,,,,,,,,,,,,,,,COMPLETE
85,85,0.49096250898095883,2024-02-16 00:54:56.790239,2024-02-16 01:02:03.612133,0 days 00:07:06.821894,morgan,,,,,,9.666770784680342,,,,,,,,,,,,,,,,,,,,,,,,,,,,,svc_model,,,,,,,,,,,,,,,,5.0,,,,,,,,,,,,,,,,,,,percentil_fs,,,,,,,,,,,0.0009100166651901942,,,,,,,,,,,,,,,,,,,,,,,,,,rbf,,,,,,,,,,,,,,,,,,,,,,,,,,,,,,,,,,,sklearn,,,,1024.0,,,,,,,,,,,,,,,,,,,,,,,,,,,,7.0,,2.0,,,,,,,,,,,,basic_standardizer,,,,,,,,,,,,,,,,,,,,,,,,COMPLETE
86,86,-inf,2024-02-16 01:02:03.660743,2024-02-16 01:09:50.368824,0 days 00:07:46.708081,2d_descriptors,,,,,,,,,,,,,,,,,0.7060021208061373,,,,,,,,,,,,,,,,,,ridge_classifier_model,,,,,,,,,,,,,,,,,,,,,,,,,,,,,,,,,,,pass_through_transformer,,,,,,,,,,,,,,,,,,,,,,,,,,,,,,,,,,,,,,,,,,,,,,,,,,,,,,,,,,,,,,,,,,,,,,,,sklearn,,,,,,,,,,,,,,,,,,,,,,,,,,,,,,,,,,,,,,,,,,,binarizer,,,basic_standardizer,,,,,,,,,,,,,,,,,,,,,,,,COMPLETE
87,87,0.5351987730331051,2024-02-16 01:09:50.404583,2024-02-16 01:13:30.194504,0 days 00:03:39.789921,rdk,,,,,,,,,,,,,,,,,,,,,,,,,,,,,,,,,,,gradient_boosting_classifier_model,,,,,,,,,,,,squared_error,,,,,,,,,,,,,,,,,,,,,,,pass_through_transformer,,,,,,,2048.0,,,,,,,,,,,,,,,,,,,,,,,,,,,,,,,,,,,,,,,,,,,0.9716668055138695,,deviance,,,,,,,,,,,sqrt,,,5.0,,,,1.0,,sklearn,,,,,,,,,,,100.0,,,,,,,,,,,,,,,,,,,,,,,,,,,,,,,,,,,pass_through_standardizer,,,,,,,,,,,,,,,,,,,,,,,,COMPLETE
88,88,-inf,2024-02-16 01:13:30.240900,2024-02-16 01:18:31.141867,0 days 00:05:00.900967,mol2vec,,,,,,,,,,,,,,,,,,,,,,,,,,,,,,,,,,,one_class_svm_model,,,,,,,,,,,,,,,5.0,,,,,,,,,,,,,,,,,,,,pass_through_transformer,,,,,,,,,,0.016988503348499884,,,,,,,,,,,,,,,,,,,,,,,linear,,,,,,,,,,,,,,,,,,,,,,,,,,,,,,,,,,,,,,,sklearn,,,,,,,,,,,,,,,,,,,,,,,,0.011611223221159594,,,,,,,,,,,,,,,,,,,,,,basic_standardizer,,,,,,,,,,,,,,,,,,,,,,,,COMPLETE
89,89,-inf,2024-02-16 01:18:31.175744,2024-02-16 01:23:31.534006,0 days 00:05:00.358262,maccs,,,,,,,,,,,,,,,0.9406689090698584,,,,,,,,,,,,,,,,,,,,multinomial_nb_model,,,,,,,,,,,,,,,,,,,,,,,,,,,,,,,,,,,k_best,,,,,,,,,,,,,,,,,,,,,,,,,,,,,,,11.0,,,,,,,,,,,,,,,,,,,,,,,,,,,,,,,,,,,,,,,,,sklearn,,,,,,,,,,,,,,,,,,,,,,,,,,,,,,,,,,,,,,,,,,,,,,basic_standardizer,,,,,,,,,,,,,,,,,,,,,,,,COMPLETE
90,90,-inf,2024-02-16 01:23:31.580786,2024-02-16 01:30:34.720417,0 days 00:07:03.139631,morgan,,,,,,,,,,,,,0.866095988738435,,,,,,,,,,,,,,,,,,,,,,complement_nb_model,,,,,,,,,,,,,,,,,,,,,,,,,,,,,,,,,,,pass_through_transformer,,,,,,,,,,,,,,,,,,,,,,,,,,,,,,,,,,,,,,,,,,,,,,,,,,,,,,,,,,,,,,,,,,,,,,,,sklearn,,,,1024.0,,,,,,,,,,,,,,,,,,,,,,,,,,,,,,2.0,,,,,,,,,,,,chembl_standardizer,,,,,,,,,,,,,,,,,,,,,,,,COMPLETE
91,91,0.572982004192495,2024-02-16 01:30:34.752196,2024-02-16 01:37:39.814933,0 days 00:07:05.062737,morgan,,,,,,,,,,,,,,,,,,2.871375177330635,,,,,,,,,,,,,,,,,ridge_classifier_cv_model,,,,,,,,,,,,,,,,,,,,,,,,,,,,,,,,,,,pass_through_transformer,,,,,,,,,,,,,,,,,,,,,,,,,,,,,,,,,,,,,,,,,,,,,,,,,,,,,,,,,,,,,,,,,,,,,,,,sklearn,,,,1024.0,,,,,,,,,,,,,,,,,,,,,,,,,,,,,,2.0,,,,,,,,,,,,basic_standardizer,,,,,,,,,,,,,,,,,,,,,,,,COMPLETE
92,92,0.5034961696973326,2024-02-16 01:37:39.862861,2024-02-16 01:44:31.889107,0 days 00:06:52.026246,morgan,,,,,9.942555034758996,,,,,,,,,,,,,,,,,,,,,,,,,,,,,,passive_aggressive_classifier_model,,,,,,,,,,,,,,,,,,,,,,,,,,,,,,,,,,,pass_through_transformer,,,,,,,,,,,,,,,,,,,,,,,,,,,,,,,,,,,,,,,,,,,,,,,,,,,,,,,,,,,,,,,,,,,,,,,,sklearn,,,,1024.0,,,,,,,,,,,,,,,,,,,,,,,,,,,,,,2.0,,,,,,,,,,,,basic_standardizer,,,,,,,,,,,,,,,,,,,,,,,,COMPLETE
93,93,-inf,2024-02-16 01:44:31.916250,2024-02-16 01:49:32.149214,0 days 00:05:00.232964,morgan,,,,,,,,,,brute,,,,,,,,,,,,,,,,,,,,,,,,,kneighbors_classifier_model,,,,,,,,,,,,,,,,,,,,,,,,,,,,,,,,,,,pass_through_transformer,,,,,,,,,,,,,,,,,,,,,,,,,,,,,,,,,,,,,,,,,,,,,,,2.0,,,,,,,,,,,,,,,,,,,,,,,,,sklearn,,,,1024.0,,,,,,,,,,,,,,,2.0,,,,,,,,,,,2.0,,,,2.0,,,,,,,,,,,,basic_standardizer,,,,,,,,,,,,,,,,,,,,,,uniform,,COMPLETE
94,94,-inf,2024-02-16 01:49:32.211063,2024-02-16 01:54:32.432378,0 days 00:05:00.221315,morgan,,,,,,,,,,,,,,,,,,3.0156036128764105,,,,,,,,,,,,,,,,,ridge_classifier_cv_model,,,,,,,,,,,,,,,,,,,,,,,,,,,,,,,,,,,boruta_algorithm,,,,,,,,,,,,,,,,,,,,,,,,,,,,,,,,,,,,,,,,,,,,,,,,,,,,,,,,,,,,,,,,,,,,,,,,sklearn,,,,1024.0,,,,,,,,,,,,,,,,,,,,,,,,,,,,,,2.0,,,,,,,,,,,,basic_standardizer,,,,False,,,,,,,,,,,,,,,,,,,,COMPLETE
95,95,-inf,2024-02-16 01:54:32.475386,2024-02-16 01:59:33.374722,0 days 00:05:00.899336,morgan,,,,,,,,,,,,,,,,,,,,,,,,,,,,,,,,,,,sgd_one_class_svm_model,,,,,,,,,,,,,,,,,,,,,,,,,,,,,,,,,,,pass_through_transformer,,,,,,,,,,,,,,,,,,,,,,,,,,,,,,,,,,,,,,,,,,,,,,,,,,,,,,,,,,,,,,,,,,,,,,,,sklearn,,,,1024.0,,,,,,,,,,,,,,,,,,,,,0.946376763524655,,,,,,,,,2.0,,,,,,,,,,,,basic_standardizer,,,,,,0.06095815910831048,,,,,,,,,,,,,,,,,,COMPLETE
96,96,-inf,2024-02-16 01:59:33.419913,2024-02-16 01:59:33.763889,0 days 00:00:00.343976,morgan,keras_dense,,,,,,,,,,,,,,,,,,,,,,,,,False,,,,,,,,,,,,,,,,,,,,,,,,,,,,,,,,,,,,,,,,,,,,,1D,,,,,,,,,,,,,,,,,,,,relu,,,0.005660101199532697,,,,8.0,,,,,,,,,,0.006242539999097462,,,,1.013865053641306e-06,,,,,,,,,,,,,,,,,,,,,,,,,,,,,,keras,,,,1024.0,,,,,,,,,,,,1.0,,,,,,,,,,,,,,,,,,2.0,,,,,,,,,,,,,,,,,,,,,,,,,,,,,,,,,,,,COMPLETE
97,97,0.5261836666820393,2024-02-16 01:59:33.790998,2024-02-16 02:08:29.329443,0 days 00:08:55.538445,mixed,,,,,,,,,SAMME,,,,,,,,,,,,,,,,,,,,,,,,,,ada_boost_classifier_model,,,,,,,,,,,,,,,,,,,,,,,,,,,,,,,,,maccs,atom_pair,select_from_model_fs,,,,,,,,,,,,,,,,,,,,,,,,,,,,,,,,,,,,,,,,,,,,,,,,,0.041762963446178636,,,,,,,,,,,,,,,,,,,,,,,sklearn,,,,,,,566.0,500.0,,,,,,,,,,,,,,,,,,,,,,,,,,,,,,,,,,,,,,pass_through_standardizer,,,,,,,,,,,,,,,,,,,,,,,,COMPLETE
98,98,-inf,2024-02-16 02:08:29.353045,2024-02-16 02:13:29.615953,0 days 00:05:00.262908,,,,,,,,,,,,,,,,,,,,,,,,,,,,,,128.0,,,,,,,,,,,,,,,,,,,,,,,,,,,,,,,,,0.0,,,,852.0,,,,,,,,,,,,,,,,,,,,,,,,,,,,,,,,,,,,,,,,,,,,,,,,,,,,,,,,,,,,,,,,,,,,,11.0,,,,,,pagtn_model,deepchem,,,,,,,,,,,,,,,,,,,,,,,,,,2.0,,4.0,,,,,,,,,,,,,,,,,,basic_standardizer,,,,,,,,,,,,,,,,,,,,,,,,COMPLETE
99,99,0.5080514870990352,2024-02-16 02:13:29.654132,2024-02-16 02:24:09.620975,0 days 00:10:39.966843,morgan,,,,,,,,,,,,,,,,1.9549242549680697,,,,,,,,,,,,,,,,,,,perceptron_model,,,,,,,,,,,,,,,,,,,,,,,,,,,,,,,,,,,percentil_fs,,,,,,,,,,,,,,,,,,,,,,,,,,,,,,,,,,,,,,,,,,,,,,,,,,,,,,,,,,,,,,,,,,,,,,,,sklearn,,,,1024.0,,,,,,,,,,,,,,,,,,,,,,,,,,,,52.0,,2.0,,,,,,,,,,,,basic_standardizer,,,,,,,,,,,,,,,,,,,,,,,,COMPLETE
