,number,value,datetime_start,datetime_complete,duration,params_1D_featurizer,params_1d_model,params_2d_model,params_C_linear_svr,params_C_nu_svr,params_C_passive_aggressive_regressor,params_C_svr,params_activation_mlp_regressor,params_agg_modes,params_algorithm_kneighbors_regressor,params_algorithm_radius_neighbors_regressor,params_alpha_1,params_alpha_2,params_alpha_bayesian_ridge,params_alpha_elastic_net,params_alpha_gamma_regressor,params_alpha_gaussian_process_regressor,params_alpha_huber_regressor,params_alpha_kernel_ridge,params_alpha_lasso,params_alpha_lasso_cv,params_alpha_mlp_regressor,params_alpha_poisson_regressor,params_alpha_quantile_regressor,params_alpha_ridge_cv,params_alpha_ridge_model,params_alpha_sgd_regressor,params_alpha_tweedie_regressor,params_base_estimator_bagging_regressor,params_base_estimator_ransac_regressor,params_batch_normalization_0,params_batch_normalization_1,params_batch_normalization_2,params_batch_normalization_3,params_batch_normalization_4,params_batch_size_deepchem,params_bootstrap_bagging_regressor,params_bootstrap_extra_trees_regressor,params_bootstrap_features,params_bootstrap_random_forest_regressor,params_conv_activation_0,params_conv_activation_1,params_conv_activation_2,params_conv_batch_norm_0,params_conv_batch_norm_1,params_conv_batch_norm_2,params_conv_dropout_0,params_conv_dropout_1,params_conv_dropout_2,params_criterion_extra_trees_regressor,params_criterion_gradient_boosting_regressor,params_criterion_lasso_lars,params_criterion_random_forest_regressor,params_degree_nu_svr,params_degree_svr,params_dense_activation,params_dense_dropout,params_dense_layer_size,params_dense_units,params_depth_dmpnn,params_dropout,params_dropout_attentive_fp,params_dropout_dag,params_dropout_gat,params_dropout_graph_conv,params_dropouts_dtnn,params_dropouts_weave,params_embed_dropout_p,params_embedding_dim,params_embedding_output_dim,params_encoder_dropout_p,params_epochs_deepchem,params_epsilon_huber_regressor,params_epsilon_linear_svr,params_epsilon_sgd_regressor,params_f1,params_f2,params_feature_selector,params_featurizer_type,params_ff_dropout_p,params_filter_0,params_filter_1,params_filter_2,params_filters,params_fnn_dropout_p,params_fnn_layers,params_fpSize,params_g_noise,params_gamma_kernel_ridge,params_gamma_nu_svr,params_gamma_svr,params_gen_dropout_p,params_gen_n_layers,params_graph_conv_layers_conv_model,params_graph_feat_size_attentive_fp,params_gru_dropout_0,params_gru_dropout_1,params_gru_dropout_2,params_gru_units_0,params_gru_units_1,params_gru_units_2,params_hidden_activation_0,params_hidden_activation_1,params_hidden_activation_2,params_hidden_activation_3,params_hidden_activation_4,params_hidden_dropout_0,params_hidden_dropout_1,params_hidden_dropout_2,params_hidden_dropout_3,params_hidden_dropout_4,params_hidden_layer_sizes_mlp_regressor,params_hidden_layer_units_0,params_hidden_layer_units_1,params_hidden_layer_units_2,params_hidden_layer_units_3,params_hidden_layer_units_4,params_k,params_kernel_nu_svr,params_kernel_ridge,params_kernel_size_0,params_kernel_size_1,params_kernel_size_2,params_kernel_size_smiles_to_vec,params_kernel_svr,params_l1_0,params_l1_1,params_l1_2,params_l1_3,params_l1_4,params_l1_ratio_elastic_net,params_l1_ratio_sgd_regressor,params_l2_0,params_l2_1,params_l2_2,params_l2_3,params_l2_4,params_lambda_1_ard_regression,params_lambda_1_bayesian_ridge,params_lambda_2_ard_regression,params_lambda_2_bayesian_ridge,params_layer_sizes_dag,params_layer_sizes_gather,params_leaf_size_kneighbors_regressor,params_leaf_size_radius_neighbors_regressor,params_learning_rate_ada_boost_regressor,params_learning_rate_gradient_boosting_regressor,params_learning_rate_hist_gradient_boosting_regressor,params_loss_ada_boost_regressor,params_loss_gradient_boosting_regressor,params_loss_hist_gradient_boosting_regressor,params_lstm_dropout_0,params_lstm_dropout_1,params_lstm_dropout_2,params_lstm_units_0,params_lstm_units_1,params_lstm_units_2,params_master_atom,params_maxLength,params_maxPath,params_max_features_extra_trees_regressor,params_max_features_gradient_boosting_regressor,params_max_features_random_forest_regressor,params_max_path,params_method,params_minLength,params_minPath,params_min_path,params_min_samples,params_model_steps,params_model_type,params_nBits,params_n_attention_heads,params_n_attention_layers,params_n_bits,params_n_components,params_n_conv_layers,params_n_embedding_dtnn,params_n_encoders,params_n_estimators,params_n_estimators_ada_boost_regressor,params_n_estimators_bagging_regressor,params_n_estimators_extra_trees_regressor,params_n_estimators_gradient_boosting_regressor,params_n_estimators_random_forest_regressor,params_n_graph_feat_dag,params_n_graph_feat_weave,params_n_gru_layers,params_n_hidden_dtnn,params_n_hidden_layers,params_n_hidden_weave,params_n_layers,params_n_lstm_layers,params_n_neighbors_kneighbors_regressor,params_n_quantiles,params_n_rnn_layers,params_norm,params_nu_nu_svr,params_num_layers_attentive_fp,params_output_distribution,params_p,params_penalty,params_percentile,params_power_tweedie_regressor,params_predictor_dropout_gat,params_quantile,params_quantile_range,params_radius,params_radius_n_radius_neighbors_regressor,params_regression_model,params_rnn_dropouts_0,params_rnn_dropouts_1,params_rnn_dropouts_2,params_rnn_units_0,params_rnn_units_1,params_rnn_units_2,params_sa_dropout_p,params_scale,params_scaler,params_standardization_type,params_standardize,params_standardizer,params_stride_0,params_stride_1,params_stride_2,params_strides,params_support_weak,params_threshold,params_threshold_lambda,params_use_chirality_attentive_fp,params_use_chirality_gat,params_use_chirality_graph_conv,params_use_chirality_weave,params_use_edges_gat,params_use_partial_charge_attentive_fp,params_use_partial_charge_gat,params_weight_gbr,params_weight_lr,params_weight_mlp,params_weight_rfr,params_weight_svr,params_weights_kneighbors_regressor,params_weights_radius_neighbors_regressor,params_with_centering,params_with_mean,params_with_scaling,params_with_std,state
0,0,11.394257174153273,2024-01-22 09:31:50.980530,2024-01-22 09:33:00.525425,0 days 00:01:09.544895,2d_descriptors,,,,,,,,,,,,,,,,,,,,,,,,1.3496514001150708,,,,,,,,,,,,,,,,,,,,,,,,,,,,,,,,,,,,,,,,,,,,,,,,,,,,,k_best,,,,,,,,,,,,,,,,,,,,,,,,,,,,,,,,,,,,,,,,15.0,,,,,,,,,,,,,,,,,,,,,,,,,,,,,,,,,,,,,,,,,,,,,,,,,,,,,sklearn,,,,,,,,,,,,,,,,,,,,,,,,,,,,,,,,,,,,,,,ridge_cv_model,,,,,,,,,max_abs_scaler,simple_standardisation,,custom_standardizer,,,,,,,,,,,,,,,,,,,,,,,,,,COMPLETE
1,1,13.242501372744105,2024-01-22 09:33:00.548847,2024-01-22 09:34:06.473139,0 days 00:01:05.924292,morgan,,,,,,,,,,,,,,,,,,,,,,,,,,,,,,,,,,,,,,,,,,,,,,,,,,,,,,,,,,,,,,,,,,,,,,,,,,,,,low_variance_fs,,,,,,,,,,,,,,,,,,,,,,,,,,,,,,,,,,,,,,,,,,,,,,,,,,,,,,,,,,,,,,,,,,,,,,,,,,,,,,,,,,,,,,,,,,,,,sklearn,,,,1024.0,,,,,,,,,,,,,,,,,,,,,,,,,,,,,,,,,6.0,,ortogonal_matching_pursuit_model,,,,,,,,,,,,basic_standardizer,,,,,,0.1464677058673909,,,,,,,,,,,,,,,,,,,,COMPLETE
2,2,inf,2024-01-22 09:34:06.509197,2024-01-22 12:34:06.614491,0 days 03:00:00.105294,,,,,,,,,,,,,,,,,,,,,,,,,,,,,,,,,,,,16.0,,,,,,,,,,,,,,,,,,,,,,,,,,0.25,,,,,,,,,,976.0,,,,,,,,,,,,,,,,,,,,,,,100.0,,,,,,,,,,,,,,,,,,,,,,,,,,,,,,,,,,,,,,,,,,,,,,,,,,,,,,,,,,,,,,,,,,,,,,,,,,,attentive_fp_model,deepchem,,,,,,,,,,,,,,,,,,,,,,,,,,,,3.0,,,,,,,,,,,,,,,,,,,,,heavy_standardisation,,custom_standardizer,,,,,,,,True,,,,,True,,,,,,,,,,,,,COMPLETE
3,3,inf,2024-01-22 12:34:06.650139,2024-01-22 15:34:06.753547,0 days 03:00:00.103408,,,,,,,,,,,,,,,,,,,,,,,,,,,,,,,,,,,,32.0,,,,,,,,,,,,,,,,,,,,,,,,,,0.0,,,,,,,,,,811.0,,,,,,,,,,,,,,,,,,,,,,,500.0,,,,,,,,,,,,,,,,,,,,,,,,,,,,,,,,,,,,,,,,,,,,,,,,,,,,,,,,,,,,,,,,,,,,,,,,,,,attentive_fp_model,deepchem,,,,,,,,,,,,,,,,,,,,,,,,,,,,3.0,,,,,,,,,,,,,,,,,,,,,,,pass_through_standardizer,,,,,,,,False,,,,,False,,,,,,,,,,,,,COMPLETE
4,4,inf,2024-01-22 15:34:06.787603,2024-01-22 18:34:07.021174,0 days 03:00:00.233571,,,,,,,,,['flatten'],,,,,,,,,,,,,,,,,,,,,,,,,,,32.0,,,,,,,,,,,,,,,,,,,,,,,,,,,,0.0,,,,,,,,509.0,,,,,,,,,,,,,,,,,,,,,,,,,,,,,,,,,,,,,,,,,,,,,,,,,,,,,,,,,,,,,,,,,,,,,,,,,,,,,,,,,,,,,,,,,,,,,,,,,,gat_model,deepchem,,6.0,,,,,,,,,,,,,,,,,,,,,,,,,,,,,,,,0.5,,,,,,,,,,,,,,,heavy_standardisation,,custom_standardizer,,,,,,,,,False,,,True,,True,,,,,,,,,,,,COMPLETE
5,5,inf,2024-01-22 18:34:07.059608,2024-01-22 18:34:13.023808,0 days 00:00:05.964200,,,keras_rnn,,,,,,,,,,,,,,,,,,,,,,,,,,,,,,,,,,,,,,,,,,,,,,,,,,,,,relu,0.35760108575459737,,256.0,,,,,,,,,,,,,,,,,,,,2D,,,,,,,,,,,,,,,,,0.259387014788786,,,89.0,,,,,,,,,,,,,,,,,,,,,,,,,,,,,,,,,,,,,,,,,,,,,,,,,,,,,0.3807381098648095,,,198.0,,,,,,,,,,,,,,,,keras,,,,,,,,,,,,,,,,,1.0,,,,,1.0,,,,,,,,,,,,,,,,,,,,,,,,,,,,,,,,,,,,,,,,,,,,,,,,,,,,,,,COMPLETE
6,6,inf,2024-01-22 18:34:13.041978,2024-01-22 21:34:13.051833,0 days 03:00:00.009855,mixed,,,,,,,,,,,,,,,,,,,,,,,,,,,,,,,,,,,,,,,,,,,,,,,,,,,,,,,,,,,,,,,,,,,,,,,,,,,atom_pair,atom_pair,,,,,,,,,,,,,,,,,,,,,,,,,,,,,,,,,,,,,,,,,,,,,,,,,,,,,,,,,,,,,,,,,,,,,,,,,,,,,,,,,,,,,,,,,,,,,,sklearn,,,,,,,,,,,,,,,,,,,,,,,,,,,,,,,,,,,,,,,,,,,,,,,,,,,,,,,,,,,,,,,,,,,,,,,,,,,,,COMPLETE
7,7,14.279382145051034,2024-01-22 21:34:13.075570,2024-01-22 21:43:48.915038,0 days 00:09:35.839468,morgan,,,,,,,,,,,,,,,,,,,2.2505872921623133,,,,,,,,,,,,,,,,,,,,,,,,,,,,,,,,,,,,,,,,,,,,,,,,,,,,,,,,,,boruta_algorithm,,,,,,,,,,,,,,,,,,,,,,,,,,,,,,,,,,,,,,,,,,,,,,,,,,,,,,,,,,,,,,,,,,,,,,,,,,,,,,,,,,,,,,,,,,,,,sklearn,,,,1024.0,,,,,,,,,,,,,,,,,,,,,,,,,,,,,,,,,6.0,,lasso_model,,,,,,,,,,,,basic_standardizer,,,,,True,,,,,,,,,,,,,,,,,,,,,COMPLETE
8,8,inf,2024-01-22 21:43:48.931677,2024-01-22 21:43:49.091531,0 days 00:00:00.159854,morgan,keras_dense,,,,,,,,,,,,,,,,,,,,,,,,,,,,,False,False,False,,,,,,,,,,,,,,,,,,,,,,,,,,,,,,,,,,,,,,,,,,,,,,1D,,,,,,,,,,,,,,,,,,,,,,,relu,relu,tanh,,,0.44036713632998215,0.6726960340435508,0.2436885681903016,,,,22.0,35.0,29.0,,,,,,,,,,,0.00011883475011920953,3.4585602140055815e-05,0.00010541202706355471,,,,,8.831912334379672e-05,5.797192405777077e-06,0.00028716604423627214,,,,,,,,,,,,,,,,,,,,,,,,,,,,,,,,,,,,keras,,,,1024.0,,,,,,,,,,,,,,,3.0,,,,,,,,,,,,,,,,,,4.0,,,,,,,,,,,,,,,,,,,,,,,,,,,,,,,,,,,,,,,,COMPLETE
9,9,inf,2024-01-22 21:43:49.104277,2024-01-22 21:43:49.333221,0 days 00:00:00.228944,rdk,keras_dense,,,,,,,,,,,,,,,,,,,,,,,,,,,,,False,False,True,True,True,,,,,,,,,,,,,,,,,,,,,,,,,,,,,,,,,,,,,,,,,,,,1D,,,,,,,,2048.0,,,,,,,,,,,,,,,tanh,tanh,relu,tanh,tanh,0.3165102701886661,0.41946701995342145,0.4133836211188351,0.7153049257925246,0.7771503644265634,,25.0,43.0,62.0,26.0,45.0,,,,,,,,,0.0012230948677058372,9.192305579587231e-05,3.445948461987022e-06,5.5309846162324814e-05,0.0045723669755485296,,,3.244543022275076e-06,8.387119348894531e-05,0.0007769538558778637,1.910250915217939e-06,7.2989091009831334e-06,,,,,,,,,,,,,,,,,,,,,,,,,,,8.0,,,,3.0,,,keras,,,,,,,,,,,,,,,,,,,5.0,,,,,,,,,,,,,,,,,,,,,,,,,,,,,,,,,,,,,,,,,,,,,,,,,,,,,,,,,,COMPLETE
10,10,11.689993921783332,2024-01-22 21:43:49.345761,2024-01-22 21:47:16.745446,0 days 00:03:27.399685,2d_descriptors,,,,,,,,,,,,,,,,,,,,,,,,0.8057064948038803,,,,,,,,,,,,,,,,,,,,,,,,,,,,,,,,,,,,,,,,,,,,,,,,,,,,,k_best,,,,,,,,,,,,,,,,,,,,,,,,,,,,,,,,,,,,,,,,15.0,,,,,,,,,,,,,,,,,,,,,,,,,,,,,,,,,,,,,,,,,,,,,,,,,,,,,sklearn,,,,,,,,,,,,,,,,,,,,,,,,,,,,,,,,,,,,,,,ridge_cv_model,,,,,,,,,max_abs_scaler,,,chembl_standardizer,,,,,,,,,,,,,,,,,,,,,,,,,,COMPLETE
11,11,11.686083482369572,2024-01-22 21:47:16.786815,2024-01-22 21:51:18.054971,0 days 00:04:01.268156,2d_descriptors,,,,,,,,,,,,,,,,,,,,,,,,0.646935094720987,,,,,,,,,,,,,,,,,,,,,,,,,,,,,,,,,,,,,,,,,,,,,,,,,,,,,k_best,,,,,,,,,,,,,,,,,,,,,,,,,,,,,,,,,,,,,,,,15.0,,,,,,,,,,,,,,,,,,,,,,,,,,,,,,,,,,,,,,,,,,,,,,,,,,,,,sklearn,,,,,,,,,,,,,,,,,,,,,,,,,,,,,,,,,,,,,,,ridge_cv_model,,,,,,,,,max_abs_scaler,,,chembl_standardizer,,,,,,,,,,,,,,,,,,,,,,,,,,COMPLETE
12,12,11.306366308243728,2024-01-22 21:51:18.089189,2024-01-22 21:54:54.466862,0 days 00:03:36.377673,2d_descriptors,,,,,,,,,auto,,,,,,,,,,,,,,,,,,,,,,,,,,,,,,,,,,,,,,,,,,,,,,,,,,,,,,,,,,,,,,,,,,,,k_best,,,,,,,,,,,,,,,,,,,,,,,,,,,,,,,,,,,,,,,,15.0,,,,,,,,,,,,,,,,,,,,,,,,,,7.0,,,,,,,,,,,,,,,,,,,,,,,,,,,sklearn,,,,,,,,,,,,,,,,,,,,,,,10.0,,,,,,,7.0,,,,,,,,,kneighbors_regressor_model,,,,,,,,,max_abs_scaler,,,chembl_standardizer,,,,,,,,,,,,,,,,,,,,uniform,,,,,,COMPLETE
13,13,75.10098668192389,2024-01-22 21:54:54.484692,2024-01-22 21:57:48.437767,0 days 00:02:53.953075,maccs,,,,,,,,,,,,,,,,0.26844056578940056,,,,,,,,,,,,,,,,,,,,,,,,,,,,,,,,,,,,,,,,,,,,,,,,,,,,,,,,,,,,,select_from_model_fs,,,,,,,,,,,,,,,,,,,,,,,,,,,,,,,,,,,,,,,,,,,,,,,,,,,,,,,,,,,,,,,,,,,,,,,,,,,,,,,,,,,,,,,,,,,,,sklearn,,,,,,,,,93.0,,,,,,,,,,,,,,,,,,,,,,,,,,,,,,gaussian_process_regressor_model,,,,,,,,,,simple_standardisation,,custom_standardizer,,,,,,,,,,,,,,,,,,,,,,,,,,COMPLETE
14,14,12.6068229390681,2024-01-22 21:57:48.459759,2024-01-22 22:01:58.191022,0 days 00:04:09.731263,atom_pair,,,,,,,,,auto,,,,,,,,,,,,,,,,,,,,,,,,,,,,,,,,,,,,,,,,,,,,,,,,,,,,,,,,,,,,,,,,,,,,k_best,,,,,,,,,,,,,,,,,,,,,,,,,,,,,,,,,,,,,,,,9.0,,,,,,,,,,,,,,,,,,,,,,,,,,7.0,,,,,,,,,,,,,,,30.0,,,,,,,3.0,,,,,sklearn,1024.0,,,,,,,,,,,,,,,,,,,,,,10.0,,,,,,,7.0,,,,,,,,,kneighbors_regressor_model,,,,,,,,,,,,chembl_standardizer,,,,,,,,,,,,,,,,,,,,uniform,,,,,,COMPLETE
15,15,10.93848038080687,2024-01-22 22:01:58.224668,2024-01-22 22:04:01.497530,0 days 00:02:03.272862,2d_descriptors,,,,,,,,,,,,,4.487368604097357,,,,,,,,,,,,,,,,,,,,,,,,,,,,,,,,,,,,,,,,,,,,,,,,,,,,,,,,,,,,,,,,percentil_fs,,,,,,,,,,,,,,,,,,,,,,,,,,,,,,,,,,,,,,,,,,,,,,,,,,,,,,,,,,,,,9.852936392404416,,6.677822321652919,,,,,,,,,,,,,,,,,,,,,,,,,,,,,,sklearn,,,,,,,,,,,,,,,,,,,,,,,,,,,,,,,,52.0,,,,,,,bayesian_ridge_model,,,,,,,,,max_abs_scaler,,,pass_through_standardizer,,,,,,,,,,,,,,,,,,,,,,,,,,COMPLETE
16,16,12.049010128992004,2024-01-22 22:04:01.534892,2024-01-22 22:05:27.966457,0 days 00:01:26.431565,layered,,,,,,,,,,,,,4.407043159697536,,,,,,,,,,,,,,,,,,,,,,,,,,,,,,,,,,,,,,,,,,,,,,,,,,,,,,,,,,,,,,,,percentil_fs,,,,,,,,,1024.0,,,,,,,,,,,,,,,,,,,,,,,,,,,,,,,,,,,,,,,,,,,,,,,,,,,,9.499756037928739,,6.850670642924576,,,,,,,,,,,,,,,,,,,5.0,,,,,,,3.0,,,,sklearn,,,,,,,,,,,,,,,,,,,,,,,,,,,,,,,,53.0,,,,,,,bayesian_ridge_model,,,,,,,,,,,,pass_through_standardizer,,,,,,,,,,,,,,,,,,,,,,,,,,COMPLETE
17,17,11.53356211446525,2024-01-22 22:05:27.979466,2024-01-22 22:09:18.584883,0 days 00:03:50.605417,2d_descriptors,,,,,,,,,,,,,,,,,,,,,,,,,,,,svr,,,,,,,,True,,False,,,,,,,,,,,,,,,,,,,,,,,,,,,,,,,,,,,,,,,pass_through_transformer,,,,,,,,,,,,,,,,,,,,,,,,,,,,,,,,,,,,,,,,,,,,,,,,,,,,,,,,,,,,,,,,,,,,,,,,,,,,,,,,,,,,,,,,,,,,,sklearn,,,,,,,,,,,50.0,,,,,,,,,,,,,,,l2,,,,,,,,,,,,,bagging_regressor_model,,,,,,,,,normalizer,,,pass_through_standardizer,,,,,,,,,,,,,,,,,,,,,,,,,,COMPLETE
18,18,inf,2024-01-22 22:09:18.602603,2024-01-22 22:09:26.813314,0 days 00:00:08.210711,,,keras_simple_rnn,,,,,,,,,,,,,,,,,,,,,,,,,,,,,,,,,,,,,,,,,,,,,,,,,,,,,tanh,0.01582800566041115,,32.0,,,,,,,,,,,,,,,,,,,,2D,,,,,,,,,,,,,,,,,,,,,,,,,,,,,,,,,,,,,,,,,,,,,,,,,,,,,,,,,,,,,,,,,,,,,,,,,,,,,,,,,,,,,,,,,,,,keras,,,,,,,,,,,,,,,,,,,,,,,,,1.0,,,,,,,,,,,,,,,0.47957953752629406,,,42.0,,,,,,,,,,,,,,,,,,,,,,,,,,,,,,,,,,COMPLETE
19,19,inf,2024-01-22 22:09:26.851248,2024-01-23 01:09:28.781607,0 days 03:00:01.930359,,,,,,,,,,,,,,,,,,,,,,,,,,,,,,,,,,,,128.0,,,,,,,,,,,,,,,,,,,,,,,,,,,,,,,,,64.0,,,123.0,,,,,,,,,,,,64.0,,,,,,,,,,,,,,,,,,,,,,,,,,,,,,,,,,,,,,,,3.0,,,,,,,,,,,,,,,,,,,,,,,,,,,,,,,,,,,,,,,,,,,,,,smiles_to_vec_model,deepchem,,,,,,,,,,,,,,,,,,,,,,,,,,,,,,,,,,,,,,,,,,,,,,,,,,,pass_through_standardizer,,,,1.0,,,,,,,,,,,,,,,,,,,,,,COMPLETE
20,20,23.26577600409568,2024-01-23 01:09:29.041590,2024-01-23 01:36:31.158133,0 days 00:27:02.116543,mol2vec,,,,,,,,,,,,,,,,,,,,,,,,,,,,,,,,,,,,,,,,,,,,,,,,,,,,,,,,,,,,,,,,,,,,,,,,,,,,,percentil_fs,,,,,,,,,,,,,,,,,,,,,,,,,,,,,,,,,,,,,,,,,,,,,,,,,,,,,,,,,,,,,,,,,,,,0.5882866683524454,,,square,,,,,,,,,,,,,,,,,,,,,,sklearn,,,,,,,,,,200.0,,,,,,,,,,,,,,,,,,,,,,5.0,,,,,,,ada_boost_regressor_model,,,,,,,,,,,,chembl_standardizer,,,,,,,,,,,,,,,,,,,,,,,,,,COMPLETE
21,21,10.683164956457638,2024-01-23 01:36:31.244987,2024-01-23 01:58:37.938613,0 days 00:22:06.693626,2d_descriptors,,,,,,,,,,,,,,,,,,,,,,,,,,,,,,,,,,,,,,,,,,,,,,,,,,,,,,,,,,,,,,,,,,,,,,,,,,,,,k_best,,,,,,,,,,,,,,,,,,,,,,,,,,,,,,,,,,,,,,,,24.0,,,,,,,,,,,,,,,,,,,,,,,,,,,,,,,,,,,,,,,,,,,,,,,,,,,,,sklearn,,,,,,,,,,,,,,,,,,,,,,,,,,,,,,,,,,,,,,,voting_regressor_model,,,,,,,,,max_abs_scaler,simple_standardisation,,custom_standardizer,,,,,,,,,,,,,,,0.7390382102587265,0.7863556231206713,0.9655967248626708,0.1813793795694565,0.2745411033316105,,,,,,,COMPLETE
22,22,11.001422486445382,2024-01-23 01:58:37.965759,2024-01-23 02:09:14.798987,0 days 00:10:36.833228,2d_descriptors,,,,,,,,,,,,,8.635411941136459,,,,,,,,,,,,,,,,,,,,,,,,,,,,,,,,,,,,,,,,,,,,,,,,,,,,,,,,,,,,,,,,percentil_fs,,,,,,,,,,,,,,,,,,,,,,,,,,,,,,,,,,,,,,,,,,,,,,,,,,,,,,,,,,,,,9.977773641783909,,2.462134677749615,,,,,,,,,,,,,,,,,,,,,,,,,,,,,,sklearn,,,,,,,,,,,,,,,,,,,,,,,,636.0,,,,,normal,,,100.0,,,,,,,bayesian_ridge_model,,,,,,,,,quantile_transformer,,,pass_through_standardizer,,,,,,,,,,,,,,,,,,,,,,,,,,COMPLETE
23,23,11.436964230310291,2024-01-23 02:09:14.837407,2024-01-23 02:27:36.136756,0 days 00:18:21.299349,2d_descriptors,,,,,,,,,,,,,,,,,,,,,,,,,,,,,,,,,,,,,,,,,,,,,,,,,,,,,,,,,,,,,,,,,,,,,,,,,,,,,percentil_fs,,,,,,,,,,,,,,,,,,,,,,,,,,,,,,,,,,,,,,,,,,,,,,,,,,,,,,,,,,,,,,,,,,,,,,,,,,,,,,,,,,,,,,,,,,,,,sklearn,,,,,,,,,,,,,,,,,,,,,,,,632.0,,,,,normal,,,98.0,,,,,,,voting_regressor_model,,,,,,,,,quantile_transformer,,,pass_through_standardizer,,,,,,,,,,,,,,,0.7732004643397492,0.841092627370367,0.9150578044464442,0.14624207393026395,0.23628387139333998,,,,,,,COMPLETE
24,24,10.894036050447856,2024-01-23 02:27:36.152535,2024-01-23 02:36:55.487551,0 days 00:09:19.335016,2d_descriptors,,,,,,,,,,,,,9.343080384033938,,,,,,,,,,,,,,,,,,,,,,,,,,,,,,,,,,,,,,,,,,,,,,,,,,,,,,,,,,,,,,,,percentil_fs,,,,,,,,,,,,,,,,,,,,,,,,,,,,,,,,,,,,,,,,,,,,,,,,,,,,,,,,,,,,,9.27619739907629,,1.6455767167873172,,,,,,,,,,,,,,,,,,,,,,,,,,,,,,sklearn,,,,,,,,,,,,,,,,,,,,,,,,938.0,,,,,uniform,,,100.0,,,,,,,bayesian_ridge_model,,,,,,,,,quantile_transformer,,,pass_through_standardizer,,,,,,,,,,,,,,,,,,,,,,,,,,COMPLETE
25,25,17.619209995978128,2024-01-23 02:36:55.501429,2024-01-23 02:45:00.712511,0 days 00:08:05.211082,layered,,,,,5.979271212123551,,,,,,,,,,,,,,,,,,,,,,,,,,,,,,,,,,,,,,,,,,,,,,,,,,,,,,,,,,,,,,,,,,,,,,,,percentil_fs,,,,,,,,,1024.0,,,,,,,,,,,,,,,,,,,,,,,,,,,,,,,,,,,,,,,,,,,,,,,,,,,,,,,,,,,,,,,,,,,,,,,,,10.0,,,,,,,1.0,,,,sklearn,,,,,,,,,,,,,,,,,,,,,,,,,,,,,,,,55.0,,,,,,,passive_aggressive_regressor_model,,,,,,,,,,,,pass_through_standardizer,,,,,,,,,,,,,,,,,,,,,,,,,,COMPLETE
26,26,11.474580486321962,2024-01-23 02:45:00.728734,2024-01-23 04:12:25.637669,0 days 01:27:24.908935,mixed,,,,,,,,,,,,,,,,,1.0212444346062464,,,,,,,,,,,,,,,,,,,,,,,,,,,,,,,,,,,,,,,,,,,,,,,,,,,,,,,1.4568891903350294,,,layered,mol2vec,select_from_model_fs,,,,,,,,,,,,,,,,,,,,,,,,,,,,,,,,,,,,,,,,,,,,,,,,,,,,,,,,,,,,,,,,,,,,,,,,,,,,,,,,,,,,,,,,,,,,,sklearn,,,,,,,,,992.0,,,,,,,,,,,,,,,,,,,,,,,,,,,,,,huber_regressor_model,,,,,,,,,,simple_standardisation,,custom_standardizer,,,,,,,,,,,,,,,,,,,,,,,,,,COMPLETE
27,27,15.274312660854033,2024-01-23 04:12:25.651001,2024-01-23 04:38:24.055322,0 days 00:25:58.404321,mol2vec,,,,,,,,,,,,,,,,,,,,,,,0.5654794375524217,,,,,,,,,,,,,,,,,,,,,,,,,,,,,,,,,,,,,,,,,,,,,,,,,,,,,,pass_through_transformer,,,,,,,,,,,,,,,,,,,,,,,,,,,,,,,,,,,,,,,,,,,,,,,,,,,,,,,,,,,,,,,,,,,,,,,,,,,,,,,,,,,,,,,,,,,,,sklearn,,,,,,,,,,,,,,,,,,,,,,,,,,,,,,,,,,,0.26396283897925377,,,,quantile_regressor_model,,,,,,,,,,,,pass_through_standardizer,,,,,,,,,,,,,,,,,,,,,,,,,,COMPLETE
28,28,inf,2024-01-23 04:38:24.118776,2024-01-23 04:38:45.414876,0 days 00:00:21.296100,,,keras_bidirectional_rnn,,,,,,,,,,,,,,,,,,,,,,,,,,,,,,,,,,,,,,,,,,,,,,,,,,,,,relu,0.48850917191154314,,176.0,,,,,,,,,,,,,,,,,,,,2D,,,,,,,,,,,,,,,,,0.49761834670937066,0.20213522889919883,0.32867326306219913,245.0,52.0,108.0,,,,,,,,,,,,,,,,,,,,,,,,,,,,,,,,,,,,,,,,,,,,,,,,,,,0.0009327011108561933,0.3223075731040443,0.03562244025285616,38.0,154.0,103.0,,,,,,,,,,,,,,keras,,,,,,,,,,,,,,,,,3.0,,,,,3.0,,,,,,,,,,,,,,,,,,,,,,,,,,,,,,,,,,,,,,,,,,,,,,,,,,,,,,,COMPLETE
29,29,inf,2024-01-23 04:38:45.428555,2024-01-23 05:32:58.107935,0 days 00:54:12.679380,,,,,,,,,,,,,,,,,,,,,,,,,,,,,,,,,,,,64.0,,,,,,,,,,,,,,,,,,,,,,,,,,,,,,,0.0,,,,,153.0,,,,,,,,,,,,,,,,,,,,,,,,,,,,,,,,,,,,,,,,,,,,,,,,,,,,,,,,,,,,,,,,,,,,,,,,,,,,,,,,,,,,,,,,,,,,,,,,,,weave_model,deepchem,,,,,,,,,,,,,,,,128.0,,,,50.0,,,,,,,,,,,,,,,,,,,,,,,,,,,,,,,basic_standardizer,,,,,,,,,,,False,,,,,,,,,,,,,,,COMPLETE
30,30,11.406072604381055,2024-01-23 05:32:58.187681,2024-01-23 05:47:55.644240,0 days 00:14:57.456559,atom_pair,,,,,,,,,,,,,,0.26028152179934505,,,,,,,,,,,,,,,,,,,,,,,,,,,,,,,,,,,,,,,,,,,,,,,,,,,,,,,,,,,,,,,boruta_algorithm,,,,,,,,,,,,,,,,,,,,,,,,,,,,,,,,,,,,,,,,,,,,,,,,,,,,,0.1919932917494458,,,,,,,,,,,,,,,,,,,,,,,,,,,,50.0,,,,,,,1.0,,,,,sklearn,2048.0,,,,,,,,,,,,,,,,,,,,,,,,,,,,,,,,,,,,,,elastic_net_model,,,,,,,,,,simple_standardisation,,custom_standardizer,,,,,False,,,,,,,,,,,,,,,,,,,,,COMPLETE
31,31,10.893415920134514,2024-01-23 05:47:55.658927,2024-01-23 05:51:20.817644,0 days 00:03:25.158717,2d_descriptors,,,,,,,,,,,,,9.867367887308529,,,,,,,,,,,,,,,,,,,,,,,,,,,,,,,,,,,,,,,,,,,,,,,,,,,,,,,,,,,,,,,,percentil_fs,,,,,,,,,,,,,,,,,,,,,,,,,,,,,,,,,,,,,,,,,,,,,,,,,,,,,,,,,,,,,9.895068224117429,,1.1870772781323358,,,,,,,,,,,,,,,,,,,,,,,,,,,,,,sklearn,,,,,,,,,,,,,,,,,,,,,,,,992.0,,,,,uniform,,,99.0,,,,,,,bayesian_ridge_model,,,,,,,,,quantile_transformer,,,pass_through_standardizer,,,,,,,,,,,,,,,,,,,,,,,,,,COMPLETE
32,32,10.999226278434946,2024-01-23 05:51:20.853799,2024-01-23 05:54:50.597463,0 days 00:03:29.743664,2d_descriptors,,,,,,,,,,,,,9.862613152085663,,,,,,,,,,,,,,,,,,,,,,,,,,,,,,,,,,,,,,,,,,,,,,,,,,,,,,,,,,,,,,,,percentil_fs,,,,,,,,,,,,,,,,,,,,,,,,,,,,,,,,,,,,,,,,,,,,,,,,,,,,,,,,,,,,,9.729138159042066,,0.9852002425736661,,,,,,,,,,,,,,,,,,,,,,,,,,,,,,sklearn,,,,,,,,,,,,,,,,,,,,,,,,,,,,,,,,80.0,,,,,,,bayesian_ridge_model,,,,,,,,,standard_scaler,,,pass_through_standardizer,,,,,,,,,,,,,,,,,,,,,,,False,,True,COMPLETE
33,33,11.200338732866403,2024-01-23 05:54:50.630861,2024-01-23 05:58:23.468297,0 days 00:03:32.837436,2d_descriptors,,,,,,,,,,,,,,,,,,,,,,,,,,,,,,,,,,,,,,,,,,,,,,,,,,,bic,,,,,,,,,,,,,,,,,,,,,,,,,,percentil_fs,,,,,,,,,,,,,,,,,,,,,,,,,,,,,,,,,,,,,,,,,,,,,,,,,,,,,,,,,,,,,,,,,,,,,,,,,,,,,,,,,,,,,,,,,,,,,sklearn,,,,,,,,,,,,,,,,,,,,,,,,998.0,,,,,uniform,,,22.0,,,,,,,lasso_lars_ic_model,,,,,,,,,quantile_transformer,,,pass_through_standardizer,,,,,,,,,,,,,,,,,,,,,,,,,,COMPLETE
34,34,13.273817711177264,2024-01-23 05:58:23.504041,2024-01-23 06:02:23.302983,0 days 00:03:59.798942,rdk,,,,,,,,,,,,,,,,,,,,,,,,,,,,,lasso,,,,,,,,,,,,,,,,,,,,,,,,,,,,,,,,,,,,,,,,,,,,,,,,low_variance_fs,,,,,,,,,2048.0,,,,,,,,,,,,,,,,,,,,,,,,,,,,,,,,,,,,,,,,,,,,,,,,,,,,,,,,,,,,,,,,,,,,,,,,,,,,,5.0,,,,1.0,0.7179923594190438,,sklearn,,,,,,,,,,,,,,,,,,,,,,,,,,,,,,,,,,,,,,,ransac_regressor_model,,,,,,,,,,,,pass_through_standardizer,,,,,,0.03047077267894633,,,,,,,,,,,,,,,,,,,,COMPLETE
35,35,inf,2024-01-23 06:02:23.340429,2024-01-23 09:02:41.372394,0 days 03:00:18.031965,,,,,,,,,,,,,,,,,,,,,,,,,,,,,,,,,,,,512.0,,,,,,,,,,,,,,,,,,,,,,,,,,,0.5,,,,,,,,,486.0,,,,,,,,,,,,,,,,,,,,,,,,,,,,,,,,,,,,,,,,,,,,,,,,,,,,,,,,,,,,,,,,,,,,,,[500],"[200, 100]",,,,,,,,,,,,,,,,,,,,,,,,,,,dag_model,deepchem,,,,,,,,,,,,,,,256.0,,,,,,,,,,,,,,,,,,,,,,,,,,,,,,,,,,,,pass_through_standardizer,,,,,,,,,,,,,,,,,,,,,,,,,,COMPLETE
36,36,11.62069310330006,2024-01-23 09:02:41.575243,2024-01-23 09:36:41.508378,0 days 00:33:59.933135,maccs,,,,3.1100382885253213,,,,,,,,,,,,,,,,,,,,,,,,,,,,,,,,,,,,,,,,,,,,,,,,,3.0,,,,,,,,,,,,,,,,,,,,,,,,percentil_fs,,,,,,,,,,,,0.39865888233576807,,,,,,,,,,,,,,,,,,,,,,,,,,,,,linear,,,,,,,,,,,,,,,,,,,,,,,,,,,,,,,,,,,,,,,,,,,,,,,,,,,,sklearn,,,,,,,,,,,,,,,,,,,,,,,,,,,0.441828067771578,,,,,79.0,,,,,,,nu_svr_model,,,,,,,,,,simple_standardisation,,custom_standardizer,,,,,,,,,,,,,,,,,,,,,,,,,,COMPLETE
37,37,10.407484796261622,2024-01-23 09:36:41.635969,2024-01-23 09:54:35.436859,0 days 00:17:53.800890,2d_descriptors,,,,,,8.097564284813387,,,,,,,,,,,,,,,,,,,,,,,,,,,,,,,,,,,,,,,,,,,,,,,,3.0,,,,,,,,,,,,,,,,,,,,,,,percentil_fs,,,,,,,,,,,,,0.14573248762471447,,,,,,,,,,,,,,,,,,,,,,,,,,,,,,,,,,linear,,,,,,,,,,,,,,,,,,,,,,,,,,,,,,,,,,,,,,,,yeo-johnson,,,,,,sklearn,,,,,,,,,,,,,,,,,,,,,,,,,,,,,,,,74.0,,,,,,,svr_model,,,,,,,,,power_transformer,,False,pass_through_standardizer,,,,,,,,,,,,,,,,,,,,,,,,,,COMPLETE
38,38,14.179257595226328,2024-01-23 09:54:35.461902,2024-01-23 11:06:13.694614,0 days 01:11:38.232712,,,,,,,,,,,,,,,,,,,,,,,,,,,,,,,,,,,,256.0,,,,,,,,,,,,,,,,,,,,,,512.0,,,,,,,0.5,,,,,,,703.0,,,,,,,,,,,,,,,,,,,,,,"[256, 128, 64]",,,,,,,,,,,,,,,,,,,,,,,,,,,,,,,,,,,,,,,,,,,,,,,,,,,,,,,,,,,,,,,,False,,,,,,,,,,,,graph_conv_model,deepchem,,,,,,,,,,,,,,,,,,,,,,,,,,,,,,,,,,,,,,,,,,,,,,,,,,,basic_standardizer,,,,,,,,,,True,,,,,,,,,,,,,,,,COMPLETE
39,39,10.39721860100001,2024-01-23 11:06:13.719703,2024-01-23 11:16:53.942337,0 days 00:10:40.222634,2d_descriptors,,,,,,8.736848795259153,,,,,,,,,,,,,,,,,,,,,,,,,,,,,,,,,,,,,,,,,,,,,,,,3.0,,,,,,,,,,,,,,,,,,,,,,,percentil_fs,,,,,,,,,,,,,0.09191241104106107,,,,,,,,,,,,,,,,,,,,,,,,,,,,,,,,,,linear,,,,,,,,,,,,,,,,,,,,,,,,,,,,,,,,,,,,,,,,yeo-johnson,,,,,,sklearn,,,,,,,,,,,,,,,,,,,,,,,,,,,,,,,,79.0,,,,,,,svr_model,,,,,,,,,power_transformer,heavy_standardisation,False,custom_standardizer,,,,,,,,,,,,,,,,,,,,,,,,,,COMPLETE
40,40,inf,2024-01-23 11:16:53.976534,2024-01-23 11:16:54.473638,0 days 00:00:00.497104,2d_descriptors,keras_1d_cnn,,,,,,,,,,,,,,,,,,,,,,,,,,,,,,,,,,,,,,,tanh,relu,tanh,True,False,False,0.6102247486586627,0.09200862452259517,0.6191140818559,,,,,,,tanh,,,32.0,,0.27309335686527164,,,,,,,,,,,,,,,,,,1D,,32.0,14.0,6.0,,,,,0.08749059229968142,,,,,,,,,,,,,,,,,,,,,,,,,,,,,,,,,37.0,25.0,43.0,,,,,,,,,,,,,,,,,,,,,,,,,,,,,,,,,,,,,,,,,,yeo-johnson,,,,,,keras,,,,,,3.0,,,,,,,,,,,,,,,,,,,,,,,,,,,,,,,,,,,,,,,,,,power_transformer,,False,,2.0,1.0,1.0,,,,,,,,,,,,,,,,,,,,,,,COMPLETE
41,41,10.407805908726292,2024-01-23 11:16:54.493636,2024-01-23 11:30:37.105633,0 days 00:13:42.611997,2d_descriptors,,,,,,8.760980757610836,,,,,,,,,,,,,,,,,,,,,,,,,,,,,,,,,,,,,,,,,,,,,,,,3.0,,,,,,,,,,,,,,,,,,,,,,,percentil_fs,,,,,,,,,,,,,0.052990211747598326,,,,,,,,,,,,,,,,,,,,,,,,,,,,,,,,,,linear,,,,,,,,,,,,,,,,,,,,,,,,,,,,,,,,,,,,,,,,yeo-johnson,,,,,,sklearn,,,,,,,,,,,,,,,,,,,,,,,,,,,,,,,,81.0,,,,,,,svr_model,,,,,,,,,power_transformer,heavy_standardisation,False,custom_standardizer,,,,,,,,,,,,,,,,,,,,,,,,,,COMPLETE
42,42,10.48814578592526,2024-01-23 11:30:37.198983,2024-01-23 11:44:04.387075,0 days 00:13:27.188092,2d_descriptors,,,,,,8.82072696933015,,,,,,,,,,,,,,,,,,,,,,,,,,,,,,,,,,,,,,,,,,,,,,,,3.0,,,,,,,,,,,,,,,,,,,,,,,percentil_fs,,,,,,,,,,,,,0.05707739144909676,,,,,,,,,,,,,,,,,,,,,,,,,,,,,,,,,,linear,,,,,,,,,,,,,,,,,,,,,,,,,,,,,,,,,,,,,,,,yeo-johnson,,,,,,sklearn,,,,,,,,,,,,,,,,,,,,,,,,,,,,,,,,77.0,,,,,,,svr_model,,,,,,,,,power_transformer,heavy_standardisation,False,custom_standardizer,,,,,,,,,,,,,,,,,,,,,,,,,,COMPLETE
43,43,10.496276584093188,2024-01-23 11:44:04.410945,2024-01-23 11:57:27.849408,0 days 00:13:23.438463,2d_descriptors,,,,,,8.758579528026045,,,,,,,,,,,,,,,,,,,,,,,,,,,,,,,,,,,,,,,,,,,,,,,,3.0,,,,,,,,,,,,,,,,,,,,,,,percentil_fs,,,,,,,,,,,,,0.048065999781154445,,,,,,,,,,,,,,,,,,,,,,,,,,,,,,,,,,linear,,,,,,,,,,,,,,,,,,,,,,,,,,,,,,,,,,,,,,,,yeo-johnson,,,,,,sklearn,,,,,,,,,,,,,,,,,,,,,,,,,,,,,,,,75.0,,,,,,,svr_model,,,,,,,,,power_transformer,heavy_standardisation,False,custom_standardizer,,,,,,,,,,,,,,,,,,,,,,,,,,COMPLETE
44,44,10.496612851106454,2024-01-23 11:57:27.918492,2024-01-23 12:08:24.803719,0 days 00:10:56.885227,2d_descriptors,,,,,,8.840228523595934,,,,,,,,,,,,,,,,,,,,,,,,,,,,,,,,,,,,,,,,,,,,,,,,3.0,,,,,,,,,,,,,,,,,,,,,,,percentil_fs,,,,,,,,,,,,,0.05658793124694299,,,,,,,,,,,,,,,,,,,,,,,,,,,,,,,,,,linear,,,,,,,,,,,,,,,,,,,,,,,,,,,,,,,,,,,,,,,,yeo-johnson,,,,,,sklearn,,,,,,,,,,,,,,,,,,,,,,,,,,,,,,,,75.0,,,,,,,svr_model,,,,,,,,,power_transformer,heavy_standardisation,False,custom_standardizer,,,,,,,,,,,,,,,,,,,,,,,,,,COMPLETE
45,45,48.584901709923905,2024-01-23 12:08:24.892912,2024-01-23 12:49:30.721646,0 days 00:41:05.828734,mixed,,,,,,8.869813567467716,,,,,,,,,,,,,,,,,,,,,,,,,,,,,,,,,,,,,,,,,,,,,,,,3.0,,,,,,,,,,,,,,,,,,,,,mol2vec,maccs,percentil_fs,,,,,,,,,,,,,0.05998952120467334,,,,,,,,,,,,,,,,,,,,,,,,,,,,,,,,,,linear,,,,,,,,,,,,,,,,,,,,,,,,,,,,,,,,,,,,,,,,,,,,,,sklearn,,,,,,,,,,,,,,,,,,,,,,,,,,,,,,,,73.0,,,,,,,svr_model,,,,,,,,,,heavy_standardisation,,custom_standardizer,,,,,,,,,,,,,,,,,,,,,,,,,,COMPLETE
46,46,16.512312482047584,2024-01-23 12:49:30.789319,2024-01-23 13:03:28.630999,0 days 00:13:57.841680,morgan,,,,,,8.736360744208449,,,,,,,,,,,,,,,,,,,,,,,,,,,,,,,,,,,,,,,,,,,,,,,,3.0,,,,,,,,,,,,,,,,,,,,,,,percentil_fs,,,,,,,,,,,,,0.06745787360524375,,,,,,,,,,,,,,,,,,,,,,,,,,,,,,,,,,linear,,,,,,,,,,,,,,,,,,,,,,,,,,,,,,,,,,,,,,,,,,,,,,sklearn,,,,2048.0,,,,,,,,,,,,,,,,,,,,,,,,,,,,66.0,,,,,2.0,,svr_model,,,,,,,,,,heavy_standardisation,,custom_standardizer,,,,,,,,,,,,,,,,,,,,,,,,,,COMPLETE
47,47,10.375404571543909,2024-01-23 13:03:28.670323,2024-01-23 13:19:18.903036,0 days 00:15:50.232713,2d_descriptors,,,,,,8.67241237535016,,,,,,,,,,,,,,,,,,,,,,,,,,,,,,,,,,,,,,,,,,,,,,,,3.0,,,,,,,,,,,,,,,,,,,,,,,low_variance_fs,,,,,,,,,,,,,0.07760669215113666,,,,,,,,,,,,,,,,,,,,,,,,,,,,,,,,,,linear,,,,,,,,,,,,,,,,,,,,,,,,,,,,,,,,,,,,,,,,yeo-johnson,,,,,,sklearn,,,,,,,,,,,,,,,,,,,,,,,,,,,,,,,,,,,,,,,svr_model,,,,,,,,,power_transformer,heavy_standardisation,False,custom_standardizer,,,,,,0.0016915597062942822,,,,,,,,,,,,,,,,,,,,COMPLETE
48,48,inf,2024-01-23 13:19:18.943211,2024-01-23 13:19:44.531379,0 days 00:00:25.588168,,,keras_rnn,,,,,,,,,,,,,,,,,,,,,,,,,,,,,,,,,,,,,,,,,,,,,,,,,,,,,tanh,0.13023410211720227,,128.0,,,,,,,,,,,,,,,,,,,,2D,,,,,,,,,,,,,,,,,0.007024685222766558,,,17.0,,,,,,,,,,,,,,,,,,,,,,,,,,,,,,,,,,,,,,,,,,,,,,,,,,,,,0.45458471293973823,,,251.0,,,,,,,,,,,,,,,,keras,,,,,,,,,,,,,,,,,1.0,,,,,1.0,,,,,,,,,,,,,,,,,,,,,,,,,,,,,,,,,,,,,,,,,,,,,,,,,,,,,,,COMPLETE
49,49,19.615166702026993,2024-01-23 13:19:44.559383,2024-01-23 13:33:23.448829,0 days 00:13:38.889446,rdk,,,,,,8.719201546357414,,,,,,,,,,,,,,,,,,,,,,,,,,,,,,,,,,,,,,,,,,,,,,,,3.0,,,,,,,,,,,,,,,,,,,,,,,low_variance_fs,,,,,,,,,1024.0,,,,0.10254158119998981,,,,,,,,,,,,,,,,,,,,,,,,,,,,,,,,,,linear,,,,,,,,,,,,,,,,,,,,,,,,,,,,,,,,,,,,,,,10.0,,,,3.0,,,sklearn,,,,,,,,,,,,,,,,,,,,,,,,,,,,,,,,,,,,,,,svr_model,,,,,,,,,,heavy_standardisation,,custom_standardizer,,,,,,0.00843834469646055,,,,,,,,,,,,,,,,,,,,COMPLETE
50,50,9.998093959148854,2024-01-23 13:33:23.488495,2024-01-23 14:02:12.620566,0 days 00:28:49.132071,2d_descriptors,,,,,,,,,,,,,,,,,,,,,,,,,,,,,,,,,,,,,,,,,,,,,,,,,,,,,,,,,,,,,,,,,,,,,,,,,,,,,low_variance_fs,,,,,,,,,,,,,,,,,,,,,,,,,,,,,,,,,,,,,,,,,,,,,,,,,,,,,,,,,,,,,,,,,,,,,,,,,,,,,,,,,,,,,,,yeo-johnson,,,,,,sklearn,,,,,,,,,,,,,,,,,,,,,,,,,,,,,,,,,,,,,,,stacking_regressor_model,,,,,,,,,power_transformer,heavy_standardisation,False,custom_standardizer,,,,,,0.003668765368354726,,,,,,,,,,,,,,,,,,,,COMPLETE
51,51,10.08291659638028,2024-01-23 14:02:12.662873,2024-01-23 14:31:03.236668,0 days 00:28:50.573795,2d_descriptors,,,,,,,,,,,,,,,,,,,,,,,,,,,,,,,,,,,,,,,,,,,,,,,,,,,,,,,,,,,,,,,,,,,,,,,,,,,,,low_variance_fs,,,,,,,,,,,,,,,,,,,,,,,,,,,,,,,,,,,,,,,,,,,,,,,,,,,,,,,,,,,,,,,,,,,,,,,,,,,,,,,,,,,,,,,yeo-johnson,,,,,,sklearn,,,,,,,,,,,,,,,,,,,,,,,,,,,,,,,,,,,,,,,stacking_regressor_model,,,,,,,,,power_transformer,heavy_standardisation,False,custom_standardizer,,,,,,0.005776563367468716,,,,,,,,,,,,,,,,,,,,COMPLETE
52,52,10.528252126553268,2024-01-23 14:31:03.266548,2024-01-23 14:59:29.135688,0 days 00:28:25.869140,2d_descriptors,,,,,,,,,,,,,,,,,,,,,,,,,,,,,,,,,,,,,,,,,,,,,,,,,,,,,,,,,,,,,,,,,,,,,,,,,,,,,low_variance_fs,,,,,,,,,,,,,,,,,,,,,,,,,,,,,,,,,,,,,,,,,,,,,,,,,,,,,,,,,,,,,,,,,,,,,,,,,,,,,,,,,,,,,,,yeo-johnson,,,,,,sklearn,,,,,,,,,,,,,,,,,,,,,,,,,,,,,,,,,,,,,,,stacking_regressor_model,,,,,,,,,power_transformer,heavy_standardisation,False,custom_standardizer,,,,,,0.008308653980455338,,,,,,,,,,,,,,,,,,,,COMPLETE
53,53,9.848415340826065,2024-01-23 14:59:29.168797,2024-01-23 15:20:09.201646,0 days 00:20:40.032849,2d_descriptors,,,,,,,,,,,,,,,,,,,,,,,,,,,,,,,,,,,,,,,,,,,,,,,,,,,,,,,,,,,,,,,,,,,,,,,,,,,,,low_variance_fs,,,,,,,,,,,,,,,,,,,,,,,,,,,,,,,,,,,,,,,,,,,,,,,,,,,,,,,,,,,,,,,,,,,,,,,,,,,,,,,,,,,,,,,yeo-johnson,,,,,,sklearn,,,,,,,,,,,,,,,,,,,,,,,,,,,,,,,,,,,,,,,stacking_regressor_model,,,,,,,,,power_transformer,heavy_standardisation,False,custom_standardizer,,,,,,5.7245726206139966e-05,,,,,,,,,,,,,,,,,,,,COMPLETE
54,54,15.566957464591056,2024-01-23 15:20:09.218234,2024-01-23 15:49:16.902262,0 days 00:29:07.684028,morgan,,,,,,,,,,,,,,,,,,,,,,,,,,,,,,,,,,,,,,,,,,,,,,,,,,,,,,,,,,,,,,,,,,,,,,,,,,,,,low_variance_fs,,,,,,,,,,,,,,,,,,,,,,,,,,,,,,,,,,,,,,,,,,,,,,,,,,,,,,,,,,,,,,,,,,,,,,,,,,,,,,,,,,,,,,,,,,,,,sklearn,,,,2048.0,,,,,,,,,,,,,,,,,,,,,,,,,,,,,,,,,2.0,,stacking_regressor_model,,,,,,,,,,heavy_standardisation,,custom_standardizer,,,,,,0.0011948574177222076,,,,,,,,,,,,,,,,,,,,COMPLETE
55,55,11.391314624580806,2024-01-23 15:49:16.927512,2024-01-23 15:58:56.666462,0 days 00:09:39.738950,maccs,,,,,,,,,,,,,,,,,,,,,,,,,,,,,,,,,,,,,,,,,,,,,,,,,,,,,,,,,,,,,,,,,,,,,,,,,,,,,low_variance_fs,,,,,,,,,,,,,,,,,,,,,,,,,,,,,,,,,,,,,,,,,,,,,,,,,,,,,,,,,,,,,,,,,,,,,,,,,,,,,,,,,,,,,,,,,,,,,sklearn,,,,,,,,,,,,,,,,,,,,,,,,,,,,,,,,,,,,,,,stacking_regressor_model,,,,,,,,,,heavy_standardisation,,custom_standardizer,,,,,,0.0011243818846939215,,,,,,,,,,,,,,,,,,,,COMPLETE
56,56,inf,2024-01-23 15:58:56.680639,2024-01-23 18:58:58.460023,0 days 03:00:01.779384,,,,,,,,,,,,,,,,,,,,,,,,,,,,,,,,,,,,8.0,,,,,,,,,,,,,,,,,,,,,,,,,,,,,,0.25,,,,,,339.0,,,,,,,,,,,,,,,,,,,,,,,,,,,,,,,,,,,,,,,,,,,,,,,,,,,,,,,,,,,,,,,,,,,,,,,,,,,,,,,,,,,,,,,,,,,,,,,,,,dtnn_model,deepchem,,,,,,,100.0,,,,,,,,,,,100.0,,,,,,,,,,,,,,,,,,,,,,,,,,,,,,,heavy_standardisation,,custom_standardizer,,,,,,,,,,,,,,,,,,,,,,,,,,COMPLETE
57,57,12.168040358422939,2024-01-23 18:58:58.484425,2024-01-23 19:08:31.652207,0 days 00:09:33.167782,atom_pair,,,,,,,,,,,,,,,,,,,,,,,,,,,,,,,,,,,,,,,True,,,,,,,,,,,,,absolute_error,,,,,,,,,,,,,,,,,,,,,,,,,low_variance_fs,,,,,,,,,,,,,,,,,,,,,,,,,,,,,,,,,,,,,,,,,,,,,,,,,,,,,,,,,,,,,,,,,,,,,,,,,,,,,,,,,20.0,,,,sqrt,,,1.0,,,,,sklearn,1024.0,,,,,,,,,,,,,100.0,,,,,,,,,,,,,,,,,,,,,,,,,random_forest_regressor_model,,,,,,,,,,heavy_standardisation,,custom_standardizer,,,,,,0.04481161668574592,,,,,,,,,,,,,,,,,,,,COMPLETE
58,58,10.434738409144074,2024-01-23 19:08:31.668352,2024-01-23 19:17:42.660664,0 days 00:09:10.992312,2d_descriptors,,,0.8430727037115862,,,,,,,,,,,,,,,,,,,,,,,,,,,,,,,,,,,,,,,,,,,,,,,,,,,,,,,,,,,,,,,,,,,,,,0.09325454994708904,,,,low_variance_fs,,,,,,,,,,,,,,,,,,,,,,,,,,,,,,,,,,,,,,,,,,,,,,,,,,,,,,,,,,,,,,,,,,,,,,,,,,,,,,,,,,,,,,,yeo-johnson,,,,,,sklearn,,,,,,,,,,,,,,,,,,,,,,,,,,,,,,,,,,,,,,,linear_svr_model,,,,,,,,,power_transformer,,False,basic_standardizer,,,,,,0.00028041208547226095,,,,,,,,,,,,,,,,,,,,COMPLETE
59,59,13.489935536233622,2024-01-23 19:17:42.691743,2024-01-23 19:25:35.528443,0 days 00:07:52.836700,layered,,,,,,,,,,,,,,,,,,,,,,,,,,,,,,,,,,,,,,,,,,,,,,,,,,squared_error,,,,,,,,,,,,,,,,,,,,,,,,,,,low_variance_fs,,,,,,,,,2048.0,,,,,,,,,,,,,,,,,,,,,,,,,,,,,,,,,,,,,,,,,,,,,,,,,,,,,,,,,,,,0.7154834769075846,,,huber,,,,,,,,,,7.0,,sqrt,,,,,3.0,,,,sklearn,,,,,,,,,,,,,200.0,,,,,,,,,,,,,,,,,,,,,,,,,,gradient_boosting_regressor_model,,,,,,,,,,,,chembl_standardizer,,,,,,0.03235389186033222,,,,,,,,,,,,,,,,,,,,COMPLETE
60,60,inf,2024-01-23 19:25:35.545244,2024-01-23 19:25:35.605015,0 days 00:00:00.059771,2d_descriptors,keras_tabular_transformer,,,,,,,,,,,,,,,,,,,,,,,,,,,,,,,,,,,,,,,,,,,,,,,,,,,,,,,,,,,,,,,,,,,,16.0,,,,,,,,,1D,,,,,,,,,,,,,,,,,,,,,,,,,,,,,,,,,,,,,,,,,,,,,,,,,,,,,,,,,,,,,,,,,,,,,,,,,,,,,,,,,,,,,,,,,,,,keras,,,4.0,,,,,,,,,,,,,,,,,,,,,,,,,,,,,,,,,,,,,,,,,,,,,pass_through_transformer,,,,,,,,,,,,,,,,,,,,,,,,,,,,,COMPLETE
61,61,85.49427230767239,2024-01-23 19:25:35.616763,2024-01-23 19:33:31.692827,0 days 00:07:56.076064,2d_descriptors,,,,,,,,,,,,,,,,,,0.07360669222470673,,,,,,,,,,,,,,,,,,,,,,,,,,,,,,,,,,,,,,,,,,,,,,,,,,,,,,,,,,,low_variance_fs,,,,,,,,,,,0.6029112608270623,,,,,,,,,,,,,,,,,,,,,,,,,,,,,,,rbf,,,,,,,,,,,,,,,,,,,,,,,,,,,,,,,,,,,,,,,,,,,,,yeo-johnson,,,,,,sklearn,,,,,,,,,,,,,,,,,,,,,,,,,,,,,,,,,,,,,,,kernel_ridge_regressor_model,,,,,,,,,power_transformer,heavy_standardisation,False,custom_standardizer,,,,,,0.029080962689893113,,,,,,,,,,,,,,,,,,,,COMPLETE
62,62,14.05427968080582,2024-01-23 19:33:31.710101,2024-01-23 19:46:29.182281,0 days 00:12:57.472180,2d_descriptors,,,,,,,,,,,,,,,,,,,,8.166519887059462,,,,,,,,,,,,,,,,,,,,,,,,,,,,,,,,,,,,,,,,,,,,,,,,,,,,,,,,,boruta_algorithm,,,,,,,,,,,,,,,,,,,,,,,,,,,,,,,,,,,,,,,,,,,,,,,,,,,,,,,,,,,,,,,,,,,,,,,,,,,,,,,,,,,,,,,box-cox,,,,,,sklearn,,,,,,,,,,,,,,,,,,,,,,,,,,,,,,,,,,,,,,,lasso_cv_model,,,,,,,,,power_transformer,heavy_standardisation,False,custom_standardizer,,,,,False,,,,,,,,,,,,,,,,,,,,,COMPLETE
63,63,11.496364969891163,2024-01-23 19:46:29.196369,2024-01-23 19:56:58.020358,0 days 00:10:28.823989,2d_descriptors,,,,,,,,,,,,,,,,,,,,,,,,,,,,,,,,,,,,,,,,,,,,,,,,,,,,,,,,,,,,,,,,,,,,,,,,,,,,,low_variance_fs,,,,,,,,,,,,,,,,,,,,,,,,,,,,,,,,,,,,,,,,,,,,,,,,,,,,,,,,,,,,,,,,,,,,,,,,,,,,,,,,,,,,,,,,,,,,,sklearn,,,,,5.0,,,,,,,,,,,,,,,,,,,,,,,,,,,,,,,,,,pls_regression_model,,,,,,,,True,min_max_scaler,heavy_standardisation,,custom_standardizer,,,,,,0.0202606438760496,,,,,,,,,,,,,,,,,,,,COMPLETE
64,64,11.794796236537263,2024-01-23 19:56:58.034494,2024-01-23 20:05:51.667167,0 days 00:08:53.632673,2d_descriptors,,,,,,,,,,,,,,,,,,,,,,,,,,,,,,,,,,,,,,,,,,,,,,,,,,,,,,,,,,,,,,,,,,,,,,,,,,,,,select_from_model_fs,,,,,,,,,,,,,,,,,,,,,,,,,,,,,,,,,,,,,,,,,,,,,,,,,,,,,,,,,,,,,,,,,,,,,,,,,,,,,,,,,,,,,,,,,,,,,sklearn,,,,,,,,,626.0,,,,,,,,,,,,,,,,,,,,,,,,,,,,,,linear_regression_model,,,,,,,,,binarizer,heavy_standardisation,,custom_standardizer,,,,,,,,,,,,,,,,,,,,,,,,,,COMPLETE
65,65,inf,2024-01-23 20:05:51.681264,2024-01-23 20:08:46.088279,0 days 00:02:54.407015,mol2vec,,,,,,,,,,,,,,,,,,,,,,,,,,,,,,,,,,,,,,,,,,,,,,,,,,,,,,,,,,,,,,,,,,,,,,,,,,,,,low_variance_fs,,,,,,,,,,,,,,,,,,,,,,,,,,,,,,,,,,,,,,,,,,,,,,,,,,,,,,,,,,,,,,,,,,,,,,,,,,,,,,,,,,,,,,,,,,,,,sklearn,,,,,,,,,,,,,,,,,,,,,,,,,,,,,,,,,,,,,,,lasso_lars_cv_model,,,,,,,,,,heavy_standardisation,,custom_standardizer,,,,,,0.05305219453013291,,,,,,,,,,,,,,,,,,,,COMPLETE
66,66,10.391979801261723,2024-01-23 20:08:46.104071,2024-01-23 20:17:35.562160,0 days 00:08:49.458089,2d_descriptors,,,,,,,tanh,,,,,,,,,,,,,,1.1148477062413439e-05,,,,,,,,,,,,,,,,,,,,,,,,,,,,,,,,,,,,,,,,,,,,,,,,,,,,,,,,pass_through_transformer,,,,,,,,,,,,,,,,,,,,,,,,,,,,,,,,,,"(100,)",,,,,,,,,,,,,,,,,,,,,,,,,,,,,,,,,,,,,,,,,,,,,,,,,,,,,,,,,,,sklearn,,,,,,,,,,,,,,,,,,,,,,,,,,,,,,,,,,,,"(25.0, 75.0)",,,mlp_regressor_model,,,,,,,,,robust_scaler,heavy_standardisation,,custom_standardizer,,,,,,,,,,,,,,,,,,,,,,True,,False,,COMPLETE
67,67,10.463601680277069,2024-01-23 20:17:35.576528,2024-01-23 20:27:04.345687,0 days 00:09:28.769159,2d_descriptors,,,,,,,tanh,,,,,,,,,,,,,,1.083548301281774e-05,,,,,,,,,,,,,,,,,,,,,,,,,,,,,,,,,,,,,,,,,,,,,,,,,,,,,,,,pass_through_transformer,,,,,,,,,,,,,,,,,,,,,,,,,,,,,,,,,,"(100,)",,,,,,,,,,,,,,,,,,,,,,,,,,,,,,,,,,,,,,,,,,,,,,,,,,,,,,,,,,,sklearn,,,,,,,,,,,,,,,,,,,,,,,,,,,,,,,,,,,,"(25.0, 75.0)",,,mlp_regressor_model,,,,,,,,,robust_scaler,heavy_standardisation,,custom_standardizer,,,,,,,,,,,,,,,,,,,,,,True,,False,,COMPLETE
68,68,15.717336990426597,2024-01-23 20:27:04.360450,2024-01-23 22:15:20.709034,0 days 01:48:16.348584,mixed,,,,,,,,,,,,,,,,,,,,,,,,,,,,,,,,,,,,,,,,,,,,,,,,,,,,,,,,,,,,,,,,,,,,,,,,,,,morgan,rdk,pass_through_transformer,,,,,,,,,,,,,,,,,,,,,,,,,,,,,,,,,,,,,,,,,,,,,,,,,,,,,,,,,,,,,,,,,,,,,,0.7838908943751897,,,poisson,,,,,,,,,,,,,,,,,,,,sklearn,,,,,,,,,,,,,,,,,,,,,,,,,,,,,,,,,,,,,,,hist_gradient_boosting_regressor_model,,,,,,,,,,heavy_standardisation,,custom_standardizer,,,,,,,,,,,,,,,,,,,,,,,,,,COMPLETE
69,69,11.48510475783778,2024-01-23 22:15:20.723553,2024-01-23 22:25:13.902772,0 days 00:09:53.179219,2d_descriptors,,,,,,,,,,,,,,,1.4046099764379072,,,,,,,,,,,,,,,,,,,,,,,,,,,,,,,,,,,,,,,,,,,,,,,,,,,,,,,,,,,,,,pass_through_transformer,,,,,,,,,,,,,,,,,,,,,,,,,,,,,,,,,,,,,,,,,,,,,,,,,,,,,,,,,,,,,,,,,,,,,,,,,,,,,,,,,,,,,,,yeo-johnson,,,,,,sklearn,,,,,,,,,,,,,,,,,,,,,,,,,,,,,,,,,,,,,,,gamma_regressor_model,,,,,,,,,power_transformer,,True,chembl_standardizer,,,,,,,,,,,,,,,,,,,,,,,,,,COMPLETE
70,70,18.011783750650274,2024-01-23 22:25:13.919380,2024-01-23 23:49:11.347202,0 days 01:23:57.427822,,,,,,,,,,,,,,,,,,,,,,,,,,,,,,,,,,,,64.0,,,,,,,,,,,,,,,,,,,,,,,,,,,,,,,,0.5,,,0.0,338.0,,,,,,,,0.25,,,,,,,,,,,,0.5,1.0,,,,,,,,,,,,,,,,,,,,,,,,,,,,,,,,,,,,,,,,,,,,,,,,,,,,,,,,,,,,,,,,,,,,,,,,,,,,,mat_model,deepchem,,,,,,,,6.0,,,,,,,,,,,,,1.0,,,,,,,,,,,,,,,,,,,,,,,,,0.0,,,,,basic_standardizer,,,,,,,,,,,,,,,,,,,,,,,,,,COMPLETE
71,71,11.97045260937325,2024-01-23 23:49:11.364657,2024-01-23 23:58:05.607317,0 days 00:08:54.242660,2d_descriptors,,,,,,,,,,,,,,,,,,,,,,,,,8.353317474641912,,,,,,,,,,,,,,,,,,,,,,,,,,,,,,,,,,,,,,,,,,,,,,,,,,,,k_best,,,,,,,,,,,,,,,,,,,,,,,,,,,,,,,,,,,,,,,,2.0,,,,,,,,,,,,,,,,,,,,,,,,,,,,,,,,,,,,,,,,,,,,,,,,,,,,,sklearn,,,,,,,,,,,,,,,,,,,,,,,,,,,,,,,,,,,,"(5.0, 95.0)",,,ridge_model,,,,,,,,,robust_scaler,heavy_standardisation,,custom_standardizer,,,,,,,,,,,,,,,,,,,,,,True,,False,,COMPLETE
72,72,10.863104281344583,2024-01-23 23:58:05.625215,2024-01-24 00:08:07.922523,0 days 00:10:02.297308,2d_descriptors,,,,,,,,,,,,,,,,,,,,,,,,,,,,,,,,,,,,,True,,,,,,,,,,,,squared_error,,,,,,,,,,,,,,,,,,,,,,,,,,,,low_variance_fs,,,,,,,,,,,,,,,,,,,,,,,,,,,,,,,,,,,,,,,,,,,,,,,,,,,,,,,,,,,,,,,,,,,,,,,,,,,,,,,,,,,log2,,,,yeo-johnson,,,,,,sklearn,,,,,,,,,,,,1000.0,,,,,,,,,,,,,,,,,,,,,,,,,,,extra_trees_regressor_model,,,,,,,,,power_transformer,heavy_standardisation,False,custom_standardizer,,,,,,0.01566195989227139,,,,,,,,,,,,,,,,,,,,COMPLETE
73,73,11.922419897238456,2024-01-24 00:08:07.937537,2024-01-24 00:17:43.075558,0 days 00:09:35.138021,2d_descriptors,,,,,,,,,,,,,,,,,,,,,,0.5418563161923183,,,,,,,,,,,,,,,,,,,,,,,,,,,,,,,,,,,,,,,,,,,,,,,,,,,,,,,pass_through_transformer,,,,,,,,,,,,,,,,,,,,,,,,,,,,,,,,,,,,,,,,,,,,,,,,,,,,,,,,,,,,,,,,,,,,,,,,,,,,,,,,,,,,,,,yeo-johnson,,,,,,sklearn,,,,,,,,,,,,,,,,,,,,,,,,,,,,,,,,,,,,,,,poisson_regressor_model,,,,,,,,,power_transformer,heavy_standardisation,False,custom_standardizer,,,,,,,,,,,,,,,,,,,,,,,,,,COMPLETE
74,74,13.332809617682198,2024-01-24 00:17:43.094746,2024-01-24 00:26:03.672082,0 days 00:08:20.577336,2d_descriptors,,,,,,,,,,,,,,,,,,,,,,,,,,,,,,,,,,,,,,,,,,,,,,,,,,,,,,,,,,,,,,,,,,,,,,,,,,,,,low_variance_fs,,,,,,,,,,,,,,,,,,,,,,,,,,,,,,,,,,,,,,,,,,,,,,,,,,,,,,,,,,,,,,,,,,,,,,,,,,,,,,,,,,,,,,,,,,,,,sklearn,,,,,,,,,,,,,,,,,,,,,,,,,,,,,,,,,,,,"(10.0, 90.0)",,,decision_tree_regressor_model,,,,,,,,,robust_scaler,heavy_standardisation,,custom_standardizer,,,,,,0.0007888105372141707,,,,,,,,,,,,,,,,False,,True,,COMPLETE
75,75,14.279382145051034,2024-01-24 00:26:03.689738,2024-01-24 00:39:37.731183,0 days 00:13:34.041445,layered,,,,,,,,,,,1.0066548884005147e-06,9.402301749373627e-05,,,,,,,,,,,,,,,,,,,,,,,,,,,,,,,,,,,,,,,,,,,,,,,,,,,,,,,,,,,,,,,,,boruta_algorithm,,,,,,,,,1024.0,,,,,,,,,,,,,,,,,,,,,,,,,,,,,,,,,,,,,,,,,,,,,,,,,,,0.005741835924002077,,1.4004823654624546e-06,,,,,,,,,,,,,,,,,,,,10.0,,,,,,,1.0,,,,sklearn,,,,,,,,,,,,,,,,,,,,,,,,,,,,,,,,,,,,,,,ard_regression_model,,,,,,,,,,heavy_standardisation,,custom_standardizer,,,,,True,,0.0017671733670937652,,,,,,,,,,,,,,,,,,,COMPLETE
76,76,12.08439059106789,2024-01-24 00:39:37.746028,2024-01-24 00:47:44.592798,0 days 00:08:06.846770,rdk,,,,,,,,,,,,,,,,,,,,,,,,,,0.5830892895685874,,,,,,,,,,,,,,,,,,,,,,,,,,,,,,,,,,,,,,,,,,,,,,,,0.871500758832077,,,low_variance_fs,,,,,,,,,2048.0,,,,,,,,,,,,,,,,,,,,,,,,,,,,,,,,,,,,,,,,,,,,,0.8779111409136326,,,,,,,,,,,,,,,,,,,,,,,,,,,,,,,,5.0,,,,1.0,,,sklearn,,,,,,,,,,,,,,,,,,,,,,,,,,,,,,,l1,,,,,,,,sgd_regressor_model,,,,,,,,,,heavy_standardisation,,custom_standardizer,,,,,,0.01992575900774856,,,,,,,,,,,,,,,,,,,,COMPLETE
77,77,14.278905358536406,2024-01-24 00:47:44.607005,2024-01-24 00:56:25.366601,0 days 00:08:40.759596,atom_pair,,,,,,,,,,auto,,,,,,,,,,,,,,,,,,,,,,,,,,,,,,,,,,,,,,,,,,,,,,,,,,,,,,,,,,,,,,,,,,,select_from_model_fs,,,,,,,,,,,,,,,,,,,,,,,,,,,,,,,,,,,,,,,,,,,,,,,,,,,,,,,,,,,,,,,,,,,8.0,,,,,,,,,,,,,,50.0,,,,,,,3.0,,,,,sklearn,2048.0,,,,,,,,13.0,,,,,,,,,,,,,,,,,,,,,3.0,,,,,,,,9.069872363401899,radius_neighbors_regressor_model,,,,,,,,,,heavy_standardisation,,custom_standardizer,,,,,,,,,,,,,,,,,,,,,uniform,,,,,COMPLETE
78,78,10.82610199718407,2024-01-24 00:56:25.384364,2024-01-24 01:05:02.164863,0 days 00:08:36.780499,2d_descriptors,,,,,,,tanh,,,,,,,,,,,,,,0.0001301588593229429,,,,,,,,,,,,,,,,,,,,,,,,,,,,,,,,,,,,,,,,,,,,,,,,,,,,,,,,k_best,,,,,,,,,,,,,,,,,,,,,,,,,,,,,,,,,,"(100,)",,,,,,25.0,,,,,,,,,,,,,,,,,,,,,,,,,,,,,,,,,,,,,,,,,,,,,,,yeo-johnson,,,,,,sklearn,,,,,,,,,,,,,,,,,,,,,,,,,,,,,,,,,,,,,,,mlp_regressor_model,,,,,,,,,power_transformer,,False,chembl_standardizer,,,,,,,,,,,,,,,,,,,,,,,,,,COMPLETE
79,79,inf,2024-01-24 01:05:02.179398,2024-01-24 01:05:02.966552,0 days 00:00:00.787154,mol2vec,keras_tabular_transformer,,,,,,,,,,,,,,,,,,,,,,,,,,,,,,,,,,,,,,,,,,,,,,,,,,,,,,,,,,,,,,,,,,,,32.0,,,,,,,,,1D,,,,,,,,,,,,,,,,,,,,,,,,,,,,,,,,,,,,,,,,,,,,,,,,,,,,,,,,,,,,,,,,,,,,,,,,,,,,,,,,,,,,,,,,,,,,keras,,,1.0,,,,,,,,,,,,,,,,,,,,,,,,,,,,,,,,,,,,,,,,,,,,,,,,,,,,,,,,,,,,,,,,,,,,,,,,,,COMPLETE
80,80,12.638149462021445,2024-01-24 01:05:02.979154,2024-01-24 01:24:07.790850,0 days 00:19:04.811696,maccs,,,,,,,,,,,,,,,,,,,,,,,,,,,,,,,,,,,,,,,,,,,,,,,,,,,,,,,,,,,,,,,,,,,,,,,,,,,,,low_variance_fs,,,,,,,,,,,,,,,,,,,,,,,,,,,,,,,,,,,,,,,,,,,,,,,,,,,,,,,,,,,,,,,,,,,,,,,,,,,,,,,,,,,,,,,,,,,,,sklearn,,,,,,,,,,,,,,,,,,,,,,,,,,,,,,,,,,,,,,,theil_sen_regressor_model,,,,,,,,,,heavy_standardisation,,custom_standardizer,,,,,,0.019963661474479328,,,,,,,,,,,,,,,,,,,,COMPLETE
81,81,11.618997334771965,2024-01-24 01:24:07.837987,2024-01-24 01:32:28.102612,0 days 00:08:20.264625,2d_descriptors,,,0.12515088204993574,,,,,,,,,,,,,,,,,,,,,,,,,,,,,,,,,,,,,,,,,,,,,,,,,,,,,,,,,,,,,,,,,,,,,,0.0886386207349916,,,,low_variance_fs,,,,,,,,,,,,,,,,,,,,,,,,,,,,,,,,,,,,,,,,,,,,,,,,,,,,,,,,,,,,,,,,,,,,,,,,,,,,,,,,,,,,,,,yeo-johnson,,,,,,sklearn,,,,,,,,,,,,,,,,,,,,,,,,,,,,,,,,,,,,,,,linear_svr_model,,,,,,,,,power_transformer,,False,basic_standardizer,,,,,,0.0009559328911480221,,,,,,,,,,,,,,,,,,,,COMPLETE
82,82,14.279382145051034,2024-01-24 01:32:28.120699,2024-01-24 01:40:45.005064,0 days 00:08:16.884365,2d_descriptors,,,,,,,,,,,,,,,,,,,9.635932201287691,,,,,,,,,,,,,,,,,,,,,,,,,,,,,,,,,,,,,,,,,,,,,,,,,,,,,,,,,,low_variance_fs,,,,,,,,,,,,,,,,,,,,,,,,,,,,,,,,,,,,,,,,,,,,,,,,,,,,,,,,,,,,,,,,,,,,,,,,,,,,,,,,,,,,,,,yeo-johnson,,,,,,sklearn,,,,,,,,,,,,,,,,,,,,,,,,,,,,,,,,,,,,,,,lasso_model,,,,,,,,,power_transformer,,False,basic_standardizer,,,,,,0.0008659142564538205,,,,,,,,,,,,,,,,,,,,COMPLETE
83,83,11.26101367406264,2024-01-24 01:40:45.022782,2024-01-24 01:49:04.929774,0 days 00:08:19.906992,2d_descriptors,,,,,,,,,,,,,,,,,,,,,,,,,,,,,,,,,,,,,,,,,,,,,,,,,,,,,,,,,,,,,,,,,,,,,,,,,,,,,low_variance_fs,,,,,,,,,,,,,,,,,,,,,,,,,,,,,,,,,,,,,,,,,,,,,,,,,,,,,,,,,,,,,,,,,,,,,,,,,,,,,,,,,,,,,,,yeo-johnson,,,,,,sklearn,,,,,,,,,,,,,,,,,,,,,,,,,,,,,,,,,,,,,,,ortogonal_matching_pursuit_model,,,,,,,,,power_transformer,,False,basic_standardizer,,,,,,0.018006560987252087,,,,,,,,,,,,,,,,,,,,COMPLETE
84,84,12.900513161138395,2024-01-24 01:49:04.945923,2024-01-24 01:57:37.778035,0 days 00:08:32.832112,2d_descriptors,,,,,,,,,,,,,,,,,,,,,,,,,,,0.769069645147693,,,,,,,,,,,,,,,,,,,,,,,,,,,,,,,,,,,,,,,,,,,,,,,,,,pass_through_transformer,,,,,,,,,,,,,,,,,,,,,,,,,,,,,,,,,,,,,,,,,,,,,,,,,,,,,,,,,,,,,,,,,,,,,,,,,,,,,,,,,,,,,,,,,,,,,sklearn,,,,,,,,,,,,,,,,,,,,,,,,,,max,,,,,,,0.8815249798037046,,,,,,tweedie_regressor_model,,,,,,,,,normalizer,,,basic_standardizer,,,,,,,,,,,,,,,,,,,,,,,,,,COMPLETE
85,85,9.91593432349635,2024-01-24 01:57:37.798230,2024-01-24 02:12:27.155640,0 days 00:14:49.357410,2d_descriptors,,,,,,,,,,,,,,,,,,,,,,,,,,,,,,,,,,,,,,,,,,,,,,,,,,,,,,,,,,,,,,,,,,,,,,,,,,,,,percentil_fs,,,,,,,,,,,,,,,,,,,,,,,,,,,,,,,,,,,,,,,,,,,,,,,,,,,,,,,,,,,,,,,,,,,,,,,,,,,,,,,,,,,,,,,yeo-johnson,,,,,,sklearn,,,,,,,,,,,,,,,,,,,,,,,,,,,,,,,,87.0,,,,,,,stacking_regressor_model,,,,,,,,,power_transformer,,False,basic_standardizer,,,,,,,,,,,,,,,,,,,,,,,,,,COMPLETE
86,86,33.25551123246479,2024-01-24 02:12:27.170355,2024-01-24 02:39:40.493102,0 days 00:27:13.322747,morgan,,,,,,,,,,,,,,,,,,,,,,,,,,,,,,,,,,,,,,,,,,,,,,,,,,,,,,,,,,,,,,,,,,,,,,,,,,,,,percentil_fs,,,,,,,,,,,,,,,,,,,,,,,,,,,,,,,,,,,,,,,,,,,,,,,,,,,,,,,,,,,,,,,,,,,,,,,,,,,,,,,,,,,,,,,,,,,,,sklearn,,,,2048.0,,,,,,,,,,,,,,,,,,,,,,,,,,,,88.0,,,,,4.0,,stacking_regressor_model,,,,,,,,,,simple_standardisation,,custom_standardizer,,,,,,,,,,,,,,,,,,,,,,,,,,COMPLETE
87,87,inf,2024-01-24 02:39:40.506680,2024-01-24 05:39:40.642657,0 days 03:00:00.135977,,,,,,,,,,,,,,,,,,,,,,,,,,,,,,,,,,,,16.0,,,,,,,,,,,,,,,,,,,,,,,,2.0,,,,,,,,,,,,990.0,,,,,,,,,,,,,0.0,2.0,,,,,,,,,,,,,,,,,,,,,,,,,,,,,,,,,,,,,,,,,,,,,,,,,,,,,,,,,,,,,,,,,,,,,,,,,,,,,,,,,,,,dmpnn_model,deepchem,,,,,,,,,,,,,,,,,,,,,,,,,,,,,,,,,,,,,,,,,,,,,,,,,,,pass_through_standardizer,,,,,,,,,,,,,,,,,,,,,,,,,,COMPLETE
88,88,9.714498424071383,2024-01-24 05:39:40.715396,2024-01-24 05:53:13.025972,0 days 00:13:32.310576,2d_descriptors,,,,,,,,,,,,,,,,,,,,,,,,,,,,,,,,,,,,,,,,,,,,,,,,,,,,,,,,,,,,,,,,,,,,,,,,,,,,,percentil_fs,,,,,,,,,,,,,,,,,,,,,,,,,,,,,,,,,,,,,,,,,,,,,,,,,,,,,,,,,,,,,,,,,,,,,,,,,,,,,,,,,,,,,,,yeo-johnson,,,,,,sklearn,,,,,,,,,,,,,,,,,,,,,,,,,,,,,,,,64.0,,,,,,,stacking_regressor_model,,,,,,,,,power_transformer,heavy_standardisation,False,custom_standardizer,,,,,,,,,,,,,,,,,,,,,,,,,,COMPLETE
89,89,9.606984223476207,2024-01-24 05:53:13.041374,2024-01-24 06:06:44.342971,0 days 00:13:31.301597,2d_descriptors,,,,,,,,,,,,,,,,,,,,,,,,,,,,,,,,,,,,,,,,,,,,,,,,,,,,,,,,,,,,,,,,,,,,,,,,,,,,,percentil_fs,,,,,,,,,,,,,,,,,,,,,,,,,,,,,,,,,,,,,,,,,,,,,,,,,,,,,,,,,,,,,,,,,,,,,,,,,,,,,,,,,,,,,,,,,,,,,sklearn,,,,,,,,,,,,,,,,,,,,,,,,,,,,,,,,65.0,,,,,,,stacking_regressor_model,,,,,,,,,pass_through_transformer,simple_standardisation,,custom_standardizer,,,,,,,,,,,,,,,,,,,,,,,,,,COMPLETE
90,90,9.464431374657082,2024-01-24 06:06:44.356775,2024-01-24 06:20:05.141083,0 days 00:13:20.784308,2d_descriptors,,,,,,,,,,,,,,,,,,,,,,,,,,,,,,,,,,,,,,,,,,,,,,,,,,,,,,,,,,,,,,,,,,,,,,,,,,,,,percentil_fs,,,,,,,,,,,,,,,,,,,,,,,,,,,,,,,,,,,,,,,,,,,,,,,,,,,,,,,,,,,,,,,,,,,,,,,,,,,,,,,,,,,,,,,,,,,,,sklearn,,,,,,,,,,,,,,,,,,,,,,,,,,,,,,,,62.0,,,,,,,stacking_regressor_model,,,,,,,,,pass_through_transformer,simple_standardisation,,custom_standardizer,,,,,,,,,,,,,,,,,,,,,,,,,,COMPLETE
91,91,9.588955361016755,2024-01-24 06:20:05.158693,2024-01-24 06:33:30.881143,0 days 00:13:25.722450,2d_descriptors,,,,,,,,,,,,,,,,,,,,,,,,,,,,,,,,,,,,,,,,,,,,,,,,,,,,,,,,,,,,,,,,,,,,,,,,,,,,,percentil_fs,,,,,,,,,,,,,,,,,,,,,,,,,,,,,,,,,,,,,,,,,,,,,,,,,,,,,,,,,,,,,,,,,,,,,,,,,,,,,,,,,,,,,,,,,,,,,sklearn,,,,,,,,,,,,,,,,,,,,,,,,,,,,,,,,64.0,,,,,,,stacking_regressor_model,,,,,,,,,pass_through_transformer,simple_standardisation,,custom_standardizer,,,,,,,,,,,,,,,,,,,,,,,,,,COMPLETE
92,92,9.50208247163798,2024-01-24 06:33:30.895561,2024-01-24 06:47:02.936519,0 days 00:13:32.040958,2d_descriptors,,,,,,,,,,,,,,,,,,,,,,,,,,,,,,,,,,,,,,,,,,,,,,,,,,,,,,,,,,,,,,,,,,,,,,,,,,,,,percentil_fs,,,,,,,,,,,,,,,,,,,,,,,,,,,,,,,,,,,,,,,,,,,,,,,,,,,,,,,,,,,,,,,,,,,,,,,,,,,,,,,,,,,,,,,,,,,,,sklearn,,,,,,,,,,,,,,,,,,,,,,,,,,,,,,,,62.0,,,,,,,stacking_regressor_model,,,,,,,,,pass_through_transformer,simple_standardisation,,custom_standardizer,,,,,,,,,,,,,,,,,,,,,,,,,,COMPLETE
93,93,9.684181686386871,2024-01-24 06:47:02.957740,2024-01-24 07:00:28.237256,0 days 00:13:25.279516,2d_descriptors,,,,,,,,,,,,,,,,,,,,,,,,,,,,,,,,,,,,,,,,,,,,,,,,,,,,,,,,,,,,,,,,,,,,,,,,,,,,,percentil_fs,,,,,,,,,,,,,,,,,,,,,,,,,,,,,,,,,,,,,,,,,,,,,,,,,,,,,,,,,,,,,,,,,,,,,,,,,,,,,,,,,,,,,,,,,,,,,sklearn,,,,,,,,,,,,,,,,,,,,,,,,,,,,,,,,63.0,,,,,,,stacking_regressor_model,,,,,,,,,pass_through_transformer,simple_standardisation,,custom_standardizer,,,,,,,,,,,,,,,,,,,,,,,,,,COMPLETE
94,94,9.763029166992409,2024-01-24 07:00:28.261292,2024-01-24 07:13:45.396730,0 days 00:13:17.135438,2d_descriptors,,,,,,,,,,,,,,,,,,,,,,,,,,,,,,,,,,,,,,,,,,,,,,,,,,,,,,,,,,,,,,,,,,,,,,,,,,,,,percentil_fs,,,,,,,,,,,,,,,,,,,,,,,,,,,,,,,,,,,,,,,,,,,,,,,,,,,,,,,,,,,,,,,,,,,,,,,,,,,,,,,,,,,,,,,,,,,,,sklearn,,,,,,,,,,,,,,,,,,,,,,,,,,,,,,,,63.0,,,,,,,stacking_regressor_model,,,,,,,,,pass_through_transformer,simple_standardisation,,custom_standardizer,,,,,,,,,,,,,,,,,,,,,,,,,,COMPLETE
95,95,9.549454634499128,2024-01-24 07:13:45.411801,2024-01-24 07:27:10.554771,0 days 00:13:25.142970,2d_descriptors,,,,,,,,,,,,,,,,,,,,,,,,,,,,,,,,,,,,,,,,,,,,,,,,,,,,,,,,,,,,,,,,,,,,,,,,,,,,,percentil_fs,,,,,,,,,,,,,,,,,,,,,,,,,,,,,,,,,,,,,,,,,,,,,,,,,,,,,,,,,,,,,,,,,,,,,,,,,,,,,,,,,,,,,,,,,,,,,sklearn,,,,,,,,,,,,,,,,,,,,,,,,,,,,,,,,63.0,,,,,,,stacking_regressor_model,,,,,,,,,pass_through_transformer,simple_standardisation,,custom_standardizer,,,,,,,,,,,,,,,,,,,,,,,,,,COMPLETE
96,96,9.608384879629822,2024-01-24 07:27:10.569497,2024-01-24 07:40:25.477428,0 days 00:13:14.907931,2d_descriptors,,,,,,,,,,,,,,,,,,,,,,,,,,,,,,,,,,,,,,,,,,,,,,,,,,,,,,,,,,,,,,,,,,,,,,,,,,,,,percentil_fs,,,,,,,,,,,,,,,,,,,,,,,,,,,,,,,,,,,,,,,,,,,,,,,,,,,,,,,,,,,,,,,,,,,,,,,,,,,,,,,,,,,,,,,,,,,,,sklearn,,,,,,,,,,,,,,,,,,,,,,,,,,,,,,,,62.0,,,,,,,stacking_regressor_model,,,,,,,,,pass_through_transformer,simple_standardisation,,custom_standardizer,,,,,,,,,,,,,,,,,,,,,,,,,,COMPLETE
97,97,inf,2024-01-24 07:40:25.495140,2024-01-24 07:40:42.047461,0 days 00:00:16.552321,,,keras_simple_rnn,,,,,,,,,,,,,,,,,,,,,,,,,,,,,,,,,,,,,,,,,,,,,,,,,,,,,relu,0.2498600857123415,,256.0,,,,,,,,,,,,,,,,,,,,2D,,,,,,,,,,,,,,,,,,,,,,,,,,,,,,,,,,,,,,,,,,,,,,,,,,,,,,,,,,,,,,,,,,,,,,,,,,,,,,,,,,,,,,,,,,,,keras,,,,,,,,,,,,,,,,,,,,,,,,,3.0,,,,,,,,,,,,,,,0.009123440545795891,0.03934942938691466,0.13801008600087694,245.0,93.0,232.0,,,,,,,,,,,,,,,,,,,,,,,,,,,,,,,,COMPLETE
98,98,12.66359747265603,2024-01-24 07:40:42.060724,2024-01-24 08:13:28.477549,0 days 00:32:46.416825,mixed,,,,,,,,,,,,,,,,,,,,,,,,,,,,,,,,,,,,,,,,,,,,,,,,,,,,,,,,,,,,,,,,,,,,,,,,,,,rdk,layered,percentil_fs,,,,,,,,,,,,,,,,,,,,,,,,,,,,,,,,,,,,,,,,,,,,,,,,,,,,,,,,,,,,,,,,,,,,,,,,,,,,,,,,,,,,,,,,,,,,,sklearn,,,,,,,,,,,,,,,,,,,,,,,,,,,,,,,,63.0,,,,,,,stacking_regressor_model,,,,,,,,,,simple_standardisation,,custom_standardizer,,,,,,,,,,,,,,,,,,,,,,,,,,COMPLETE
99,99,9.549755018332414,2024-01-24 08:13:28.492054,2024-01-24 08:26:58.934994,0 days 00:13:30.442940,2d_descriptors,,,,,,,,,,,,,,,,,,,,,,,,,,,,,,,,,,,,,,,,,,,,,,,,,,,,,,,,,,,,,,,,,,,,,,,,,,,,,percentil_fs,,,,,,,,,,,,,,,,,,,,,,,,,,,,,,,,,,,,,,,,,,,,,,,,,,,,,,,,,,,,,,,,,,,,,,,,,,,,,,,,,,,,,,,,,,,,,sklearn,,,,,,,,,,,,,,,,,,,,,,,,,,,,,,,,63.0,,,,,,,stacking_regressor_model,,,,,,,,,pass_through_transformer,simple_standardisation,,custom_standardizer,,,,,,,,,,,,,,,,,,,,,,,,,,COMPLETE
