,number,value,datetime_start,datetime_complete,duration,params_1D_featurizer,params_1d_model,params_2d_model,params_algorithm_radius_neighbors_regressor,params_alpha_1,params_alpha_2,params_alpha_kernel_ridge,params_alpha_lasso,params_alpha_ridge_cv,params_alpha_sgd_regressor,params_alpha_tweedie_regressor,params_attention_dropout_0,params_attention_dropout_1,params_attention_dropout_2,params_attention_dropout_3,params_attention_key_dim_0,params_attention_key_dim_1,params_attention_key_dim_2,params_attention_key_dim_3,params_base_estimator_bagging_regressor,params_base_estimator_ransac_regressor,params_base_filters,params_batch_normalization_0,params_batch_normalization_1,params_batch_normalization_2,params_batch_normalization_3,params_batch_normalization_4,params_batch_size_deepchem,params_batchnorm,params_bootstrap_bagging_regressor,params_bootstrap_features,params_bootstrap_random_forest_regressor,params_conv_activation_0,params_conv_activation_1,params_conv_activation_2,params_conv_batch_norm_0,params_conv_batch_norm_1,params_conv_batch_norm_2,params_conv_dropout_0,params_conv_dropout_1,params_conv_dropout_2,params_criterion_gradient_boosting_regressor,params_criterion_lasso_lars,params_criterion_random_forest_regressor,params_dense_activation,params_dense_dropout,params_dense_layer_size,params_dense_units,params_depth_dmpnn,params_dropout,params_dropout_attentive_fp,params_dropout_dag,params_dropout_gcn,params_dropout_graph_conv,params_dropout_pagtn,params_dropout_text_cnn,params_dropouts_dtnn,params_dropouts_weave,params_embed_dropout_p,params_embedding_dim,params_embedding_output_dim,params_encoder_dropout_p,params_epochs_deepchem,params_epsilon_sgd_regressor,params_f1,params_f2,params_feature_selector,params_featurizer_type,params_ff_dropout_p,params_filter_0,params_filter_1,params_filter_2,params_filters,params_fnn_dropout_p,params_fnn_layers,params_fpSize,params_g_noise,params_gamma_kernel_ridge,params_gen_dropout_p,params_gen_n_layers,params_graph_conv_layers_conv_model,params_graph_conv_layers_gcn,params_graph_feat_size_attentive_fp,params_gru_dropout_0,params_gru_dropout_1,params_gru_dropout_2,params_gru_units_0,params_gru_units_1,params_gru_units_2,params_hidden_activation_0,params_hidden_activation_1,params_hidden_activation_2,params_hidden_activation_3,params_hidden_activation_4,params_hidden_dropout_0,params_hidden_dropout_1,params_hidden_dropout_2,params_hidden_dropout_3,params_hidden_dropout_4,params_hidden_layer_units_0,params_hidden_layer_units_1,params_hidden_layer_units_2,params_hidden_layer_units_3,params_hidden_layer_units_4,params_k,params_kernel_ridge,params_kernel_size_0,params_kernel_size_1,params_kernel_size_2,params_kernel_size_smiles_to_vec,params_l1_0,params_l1_1,params_l1_2,params_l1_3,params_l1_4,params_l1_ratio_sgd_regressor,params_l2_0,params_l2_1,params_l2_2,params_l2_3,params_l2_4,params_lambda_1_ard_regression,params_lambda_2_ard_regression,params_layer_sizes_dag,params_layer_sizes_gather,params_leaf_size_radius_neighbors_regressor,params_learning_rate_gradient_boosting_regressor,params_loss_gradient_boosting_regressor,params_lstm_dropout_0,params_lstm_dropout_1,params_lstm_dropout_2,params_lstm_units_0,params_lstm_units_1,params_lstm_units_2,params_master_atom,params_maxLength,params_maxPath,params_max_features_gradient_boosting_regressor,params_max_features_random_forest_regressor,params_max_length_pagtn,params_max_path,params_minLength,params_minPath,params_min_path,params_min_samples,params_model_steps,params_model_type,params_nBits,params_n_attention_heads,params_n_attention_layers,params_n_bits,params_n_conv_layers,params_n_embedding_dtnn,params_n_embedding_text_cnn,params_n_encoders,params_n_estimators,params_n_estimators_bagging_regressor,params_n_estimators_gradient_boosting_regressor,params_n_estimators_random_forest_regressor,params_n_graph_feat_dag,params_n_graph_feat_weave,params_n_gru_layers,params_n_hidden_dtnn,params_n_hidden_layers,params_n_hidden_weave,params_n_layers,params_n_lstm_layers,params_n_quantiles,params_n_rnn_layers,params_num_heads,params_num_layers_attentive_fp,params_num_layers_pagtn,params_output_distribution,params_p,params_penalty,params_percentile,params_power_tweedie_regressor,params_predictor_dropout_gcn,params_radius,params_radius_n_radius_neighbors_regressor,params_regression_model,params_rnn_dropouts_0,params_rnn_dropouts_1,params_rnn_dropouts_2,params_rnn_units_0,params_rnn_units_1,params_rnn_units_2,params_sa_dropout_p,params_scaler,params_standardization_type,params_standardizer,params_stride_0,params_stride_1,params_stride_2,params_strides,params_support_weak,params_threshold,params_threshold_lambda,params_use_chirality_attentive_fp,params_use_chirality_gat,params_use_chirality_gcn,params_use_chirality_graph_conv,params_use_chirality_weave,params_use_edges_gat,params_use_edges_gcn,params_use_partial_charge_attentive_fp,params_use_partial_charge_gat,params_use_partial_charge_gcn,params_weight_gbr,params_weight_lr,params_weight_mlp,params_weight_rfr,params_weight_svr,params_weights_radius_neighbors_regressor,state
0,0,1.7740341650544593,2024-01-24 09:35:03.898204,2024-01-24 09:36:44.060783,0 days 00:01:40.162579,maccs,,,,,,,,,,,,,,,,,,,,,,,,,,,,,,,,,,,,,,,,,,bic,,,,,,,,,,,,,,,,,,,,,,,,percentil_fs,,,,,,,,,,,,,,,,,,,,,,,,,,,,,,,,,,,,,,,,,,,,,,,,,,,,,,,,,,,,,,,,,,,,,,,,,,,,,,,,sklearn,,,,,,,,,,,,,,,,,,,,,,,,,,,,,1.0,,,,,lasso_lars_ic_model,,,,,,,,,,basic_standardizer,,,,,,,,,,,,,,,,,,,,,,,,COMPLETE
1,1,inf,2024-01-24 09:36:44.081821,2024-01-24 09:36:47.163030,0 days 00:00:03.081209,,,keras_simple_rnn,,,,,,,,,,,,,,,,,,,,,,,,,,,,,,,,,,,,,,,,,,tanh,0.003104258293564699,,160.0,,,,,,,,,,,,,,,,,,,,2D,,,,,,,,,,,,,,,,,,,,,,,,,,,,,,,,,,,,,,,,,,,,,,,,,,,,,,,,,,,,,,,,,,,,,,,,,,,,,,,keras,,,,,,,,,,,,,,,,,,,,,,3.0,,,,,,,,,,,,,0.11460928273030896,0.4499825974183377,0.2083767689013466,164.0,138.0,56.0,,,,,,,,,,,,,,,,,,,,,,,,,,,,COMPLETE
2,2,1.2055547886443718,2024-01-24 09:36:47.175758,2024-01-24 09:55:17.829815,0 days 00:18:30.654057,layered,,,,,,,,,,,,,,,,,,,,,,,,,,,,,,,,,,,,,,,,,,,,,,,,,,,,,,,,,,,,,,,,,,percentil_fs,,,,,,,,,2048.0,,,,,,,,,,,,,,,,,,,,,,,,,,,,,,,,,,,,,,,,,,,,,,,,,,,,,,,,,,,,,7.0,,,,,,3.0,,,,sklearn,,,,,,,,,,,,,,,,,,,,,,,,,,,,,71.0,,,,,voting_regressor_model,,,,,,,,,heavy_standardisation,custom_standardizer,,,,,,,,,,,,,,,,,,0.5568946791368349,0.00934857450024451,0.08477384339419014,0.9772414309225871,0.9006486211550919,,COMPLETE
3,3,inf,2024-01-24 09:55:17.843155,2024-01-24 09:55:21.074547,0 days 00:00:03.231392,,,keras_rnn,,,,,,,,,,,,,,,,,,,,,,,,,,,,,,,,,,,,,,,,,,relu,0.16154734648312474,,96.0,,,,,,,,,,,,,,,,,,,,2D,,,,,,,,,,,,,,,,0.44527859396442865,0.48663239555933446,0.29670566478448485,213.0,147.0,124.0,,,,,,,,,,,,,,,,,,,,,,,,,,,,,,,,,,,,,,,,0.4760977049077387,0.44498164357100256,,64.0,184.0,,,,,,,,,,,,,,keras,,,,,,,,,,,,,,,3.0,,,,,2.0,,,,,,,,,,,,,,,,,,,,,,,,,,,,,,,,,,,,,,,,,,,,,,,,COMPLETE
4,4,inf,2024-01-24 09:55:21.087984,2024-01-24 12:55:21.217475,0 days 03:00:00.129491,,,,,,,,,,,,,,,,,,,,,,,,,,,,8.0,,,,,,,,,,,,,,,,,,,,,4.0,,,,,,,,,,,,,,410.0,,,,,,,,,,,0.5,3.0,,,,,,,,,,,,,,,,,,,,,,,,,,,,,,,,,,,,,,,,,,,,,,,,,,,,,,,,,,,,,,,,,,,,,,,dmpnn_model,deepchem,,,,,,,,,,,,,,,,,,,,,,,,,,,,,,,,,,,,,,,,,,,,basic_standardizer,,,,,,,,,,,,,,,,,,,,,,,,COMPLETE
5,5,1.462667491465691,2024-01-24 12:55:21.239724,2024-01-24 12:58:38.022390,0 days 00:03:16.782666,atom_pair,,,,,,,,,,,,,,,,,,,,,,,,,,,,,,,,,,,,,,,,,,aic,,,,,,,,,,,,,,,,,,,,,,,,percentil_fs,,,,,,,,,,,,,,,,,,,,,,,,,,,,,,,,,,,,,,,,,,,,,,,,,,,,,,,,,,,,,,,,,,,,,50.0,,,,,,2.0,,,,,sklearn,1024.0,,,,,,,,,,,,,,,,,,,,,,,,,,,,36.0,,,,,lasso_lars_ic_model,,,,,,,,,simple_standardisation,custom_standardizer,,,,,,,,,,,,,,,,,,,,,,,,COMPLETE
6,6,inf,2024-01-24 12:58:38.041211,2024-01-24 15:58:40.156375,0 days 03:00:02.115164,,,,,,,,,,,,,,,,,,,,,,,,,,,,512.0,,,,,,,,,,,,,,,,,,,,,,,,0.0,,,,,,,,,,,749.0,,,,,,,,,,,,,,,,,,,,,,,,,,,,,,,,,,,,,,,,,,,,,,,,,,,,,,,,,,,,,[50],[500],,,,,,,,,,,,,,,,,,,,,dag_model,deepchem,,,,,,,,,,,,,30.0,,,,,,,,,,,,,,,,,,,,,,,,,,,,,,,basic_standardizer,,,,,,,,,,,,,,,,,,,,,,,,COMPLETE
7,7,inf,2024-01-24 15:58:40.174240,2024-01-24 18:58:40.347559,0 days 03:00:00.173319,,,,,,,,,,,,,,,,,,,,,,,,,,,,16.0,,,,,,,,,,,,,,,,,,,,,,,0.5,,,,,,,,,,,,146.0,,,,,,,,,,,,,,,,,,,,100.0,,,,,,,,,,,,,,,,,,,,,,,,,,,,,,,,,,,,,,,,,,,,,,,,,,,,,,,,,,,,,,,attentive_fp_model,deepchem,,,,,,,,,,,,,,,,,,,,,,,,2.0,,,,,,,,,,,,,,,,,,,heavy_standardisation,custom_standardizer,,,,,,,,True,,,,,,,False,,,,,,,,,COMPLETE
8,8,inf,2024-01-24 18:58:40.367627,2024-01-24 18:59:20.407870,0 days 00:00:40.040243,,,keras_rnn,,,,,,,,,,,,,,,,,,,,,,,,,,,,,,,,,,,,,,,,,,tanh,0.39123227538269834,,240.0,,,,,,,,,,,,,,,,,,,,2D,,,,,,,,,,,,,,,,0.3364141063140746,0.04373580703086183,,24.0,225.0,,,,,,,,,,,,,,,,,,,,,,,,,,,,,,,,,,,,,,,,,0.20648133488156606,,,166.0,,,,,,,,,,,,,,,keras,,,,,,,,,,,,,,,2.0,,,,,1.0,,,,,,,,,,,,,,,,,,,,,,,,,,,,,,,,,,,,,,,,,,,,,,,,COMPLETE
9,9,inf,2024-01-24 18:59:20.451789,2024-01-24 18:59:21.004867,0 days 00:00:00.553078,2d_descriptors,keras_1d_cnn,,,,,,,,,,,,,,,,,,,,,,,,,,,,,,,tanh,relu,tanh,False,False,False,0.7509139644106774,0.5960356376863021,0.7285880342778484,,,,tanh,,,192.0,,0.295958812781099,,,,,,,,,,,,,,,,,,1D,,24.0,4.0,12.0,,,,,0.03737383647909277,,,,,,,,,,,,,,,,,,,,,,,,,,,,,,44.0,61.0,32.0,,,,,,,,,,,,,,,,,,,,,,,,,,,,,,,,,,,,,,keras,,,,,3.0,,,,,,,,,,,,,,,,462.0,,,,,uniform,,,,,,,,,,,,,,,,quantile_transformer,,,1.0,2.0,2.0,,,,,,,,,,,,,,,,,,,,,COMPLETE
10,10,1.2171707107861924,2024-01-24 18:59:21.046952,2024-01-24 19:58:16.031149,0 days 00:58:54.984197,layered,,,,,,,,,,,,,,,,,,,,,,,,,,,,,,,,,,,,,,,,,,,,,,,,,,,,,,,,,,,,,,,,,,boruta_algorithm,,,,,,,,,2048.0,,,,,,,,,,,,,,,,,,,,,,,,,,,,,,,,,,,,,,,,,,,,,,,,,,,,,,,,,,,,,7.0,,,,,,3.0,,,,sklearn,,,,,,,,,,,,,,,,,,,,,,,,,,,,,,,,,,voting_regressor_model,,,,,,,,,,pass_through_standardizer,,,,,True,,,,,,,,,,,,,0.6139760807918656,0.025664144175482795,0.003699821882650195,0.9647842065153868,0.9770912412078733,,COMPLETE
11,11,1.2134541949855358,2024-01-24 19:58:16.047124,2024-01-24 20:50:40.799764,0 days 00:52:24.752640,layered,,,,,,,,,,,,,,,,,,,,,,,,,,,,,,,,,,,,,,,,,,,,,,,,,,,,,,,,,,,,,,,,,,boruta_algorithm,,,,,,,,,2048.0,,,,,,,,,,,,,,,,,,,,,,,,,,,,,,,,,,,,,,,,,,,,,,,,,,,,,,,,,,,,,7.0,,,,,,3.0,,,,sklearn,,,,,,,,,,,,,,,,,,,,,,,,,,,,,,,,,,voting_regressor_model,,,,,,,,,,pass_through_standardizer,,,,,True,,,,,,,,,,,,,0.5886485651575027,0.008457094480016083,0.017062182014147893,0.9435707299415784,0.9244335636639402,,COMPLETE
12,12,2.043032107429352,2024-01-24 20:50:40.874941,2024-01-24 20:59:19.436774,0 days 00:08:38.561833,layered,,,brute,,,,,,,,,,,,,,,,,,,,,,,,,,,,,,,,,,,,,,,,,,,,,,,,,,,,,,,,,,,,,,,low_variance_fs,,,,,,,,,2048.0,,,,,,,,,,,,,,,,,,,,,,,,,,,,,,,,,,,,,,,,,,,,,,,,,,9.0,,,,,,,,,,,7.0,,,,,,3.0,,,,sklearn,,,,,,,,,,,,,,,,,,,,,,,,,,,10.0,,,,,,7.601621842919439,radius_neighbors_regressor_model,,,,,,,,,,pass_through_standardizer,,,,,,0.1324294039679763,,,,,,,,,,,,,,,,,distance,COMPLETE
13,13,inf,2024-01-24 20:59:19.453300,2024-01-24 21:17:36.046712,0 days 00:18:16.593412,mol2vec,,,,,,,,,,,,,,,,,,,,,,,,,,,,,,,,,,,,,,,,,,,,,,,,,,,,,,,,,,,,,,,,,,select_from_model_fs,,,,,,,,,,,,,,,,,,,,,,,,,,,,,,,,,,,,,,,,,,,,,,,,,,,,,,,,,,,,,,,,,,,,,,,,,,,,,,,,sklearn,,,,,,,,,788.0,,,,,,,,,,,,,,,,,,,,,,,,,voting_regressor_model,,,,,,,,,,chembl_standardizer,,,,,,,,,,,,,,,,,,0.5529079664243707,0.024551800284046542,0.029910331860655545,0.996748761177698,0.8547798967148502,,COMPLETE
14,14,1.7511557244295162,2024-01-24 21:17:36.084403,2024-01-24 21:34:24.806404,0 days 00:16:48.722001,morgan,,,,,,0.037248083991099024,,,,,,,,,,,,,,,,,,,,,,,,,,,,,,,,,,,,,,,,,,,,,,,,,,,,,,,,,,,,k_best,,,,,,,,,,,0.922182787043883,,,,,,,,,,,,,,,,,,,,,,,,,,,15.0,rbf,,,,,,,,,,,,,,,,,,,,,,,,,,,,,,,,,,,,,,,,,sklearn,,,,2048.0,,,,,,,,,,,,,,,,,,,,,,,,,,,,4.0,,kernel_ridge_regressor_model,,,,,,,,,heavy_standardisation,custom_standardizer,,,,,,,,,,,,,,,,,,,,,,,,COMPLETE
15,15,2.084442145176317,2024-01-24 21:34:24.897306,2024-01-24 21:43:10.062043,0 days 00:08:45.164737,mixed,,,,,,,2.2368823857981894,,,,,,,,,,,,,,,,,,,,,,,,,,,,,,,,,,,,,,,,,,,,,,,,,,,,,,,,,rdk,morgan,pass_through_transformer,,,,,,,,,,,,,,,,,,,,,,,,,,,,,,,,,,,,,,,,,,,,,,,,,,,,,,,,,,,,,,,,,,,,,,,,,,,,,,,,sklearn,,,,,,,,,,,,,,,,,,,,,,,,,,,,,,,,,,lasso_model,,,,,,,,,,pass_through_standardizer,,,,,,,,,,,,,,,,,,,,,,,,COMPLETE
16,16,1.7376001758540878,2024-01-24 21:43:10.076951,2024-01-24 22:56:24.188862,0 days 01:13:14.111911,rdk,,,,,,,,,,,,,,,,,,,,ridge,,,,,,,,,,,,,,,,,,,,,,,,,,,,,,,,,,,,,,,,,,,,,,boruta_algorithm,,,,,,,,,1024.0,,,,,,,,,,,,,,,,,,,,,,,,,,,,,,,,,,,,,,,,,,,,,,,,,,,,,,,,,,,,,,,,,8.0,,,2.0,0.6235387450892372,,sklearn,,,,,,,,,,,,,,,,,,,,,,,,,,,,,,,,,,ransac_regressor_model,,,,,,,,,,chembl_standardizer,,,,,False,,,,,,,,,,,,,,,,,,,COMPLETE
17,17,2.084442145176317,2024-01-24 22:56:24.209464,2024-01-24 23:45:25.182071,0 days 00:49:00.972607,layered,,,,6.992292362837743e-05,4.79415015145005e-06,,,,,,,,,,,,,,,,,,,,,,,,,,,,,,,,,,,,,,,,,,,,,,,,,,,,,,,,,,,,,boruta_algorithm,,,,,,,,,2048.0,,,,,,,,,,,,,,,,,,,,,,,,,,,,,,,,,,,,,,,,,,,,,,0.0005514008707181581,0.05974628509696456,,,,,,,,,,,,,,7.0,,,,,,2.0,,,,sklearn,,,,,,,,,,,,,,,,,,,,,,,,,,,,,,,,,,ard_regression_model,,,,,,,,,heavy_standardisation,custom_standardizer,,,,,True,,1.5962074069516869e-06,,,,,,,,,,,,,,,,,COMPLETE
18,18,1.627404076731405,2024-01-24 23:45:25.196457,2024-01-24 23:54:37.743808,0 days 00:09:12.547351,layered,,,,,,,,,,,,,,,,,,,,,,,,,,,,,,,,,,,,,,,,,squared_error,,,,,,,,,,,,,,,,,,,,,,,,,percentil_fs,,,,,,,,,2048.0,,,,,,,,,,,,,,,,,,,,,,,,,,,,,,,,,,,,,,,,,,,,,,,,,,,0.9705339317569247,huber,,,,,,,,,10.0,sqrt,,,,,3.0,,,,sklearn,,,,,,,,,,,100.0,,,,,,,,,,,,,,,,,,96.0,,,,,gradient_boosting_regressor_model,,,,,,,,,,pass_through_standardizer,,,,,,,,,,,,,,,,,,,,,,,,COMPLETE
19,19,inf,2024-01-24 23:54:37.761182,2024-01-25 02:54:40.618033,0 days 03:00:02.856851,,,,,,,,,,,,,,,,,,,,,,,,,,,,128.0,,,,,,,,,,,,,,,,,,,,,,,,,,,,,0.0,,,,,,995.0,,,,,,,,,,,,,,,,,,,,,,,,,,,,,,,,,,,,,,,,,,,,,,,,,,,,,,,,,,,,,,,,,,,,,,,,,,,,,,,,,,,dtnn_model,deepchem,,,,,,50.0,,,,,,,,,,200.0,,,,,,,,,,,,,,,,,,,,,,,,,,,simple_standardisation,custom_standardizer,,,,,,,,,,,,,,,,,,,,,,,,COMPLETE
20,20,2.80791518552996,2024-01-25 02:54:40.880803,2024-01-25 03:42:12.607261,0 days 00:47:31.726458,layered,,,,,,,,,,,,,,,,,,,lr,,,,,,,,,,True,False,,,,,,,,,,,,,,,,,,,,,,,,,,,,,,,,,,,,pass_through_transformer,,,,,,,,,1024.0,,,,,,,,,,,,,,,,,,,,,,,,,,,,,,,,,,,,,,,,,,,,,,,,,,,,,,,,,,,,,5.0,,,,,,3.0,,,,sklearn,,,,,,,,,,350.0,,,,,,,,,,,,,,,,,,,,,,,,bagging_regressor_model,,,,,,,,,,pass_through_standardizer,,,,,,,,,,,,,,,,,,,,,,,,COMPLETE
21,21,1.212883372426623,2024-01-25 03:42:12.631183,2024-01-25 04:43:21.414699,0 days 01:01:08.783516,layered,,,,,,,,,,,,,,,,,,,,,,,,,,,,,,,,,,,,,,,,,,,,,,,,,,,,,,,,,,,,,,,,,,boruta_algorithm,,,,,,,,,2048.0,,,,,,,,,,,,,,,,,,,,,,,,,,,,,,,,,,,,,,,,,,,,,,,,,,,,,,,,,,,,,7.0,,,,,,3.0,,,,sklearn,,,,,,,,,,,,,,,,,,,,,,,,,,,,,,,,,,voting_regressor_model,,,,,,,,,,pass_through_standardizer,,,,,True,,,,,,,,,,,,,0.6022752807338416,0.03725350239114568,0.04639053281519411,0.984717970924446,0.9711671442377553,,COMPLETE
22,22,1.3029879004665719,2024-01-25 04:43:21.429463,2024-01-25 05:49:01.834562,0 days 01:05:40.405099,layered,,,,,,,,,,,,,,,,,,,,,,,,,,,,,,,,,,,,,,,,,,,,,,,,,,,,,,,,,,,,,,,,,,boruta_algorithm,,,,,,,,,2048.0,,,,,,,,,,,,,,,,,,,,,,,,,,,,,,,,,,,,,,,,,,,,,,,,,,,,,,,,,,,,,8.0,,,,,,1.0,,,,sklearn,,,,,,,,,,,,,,,,,,,,,,,,,,,,,,,,,,voting_regressor_model,,,,,,,,,,pass_through_standardizer,,,,,True,,,,,,,,,,,,,0.5771088358456606,0.007335041845285663,0.050704503870846754,0.9658176716016537,0.9564833566286711,,COMPLETE
23,23,1.4947157184321724,2024-01-25 05:49:01.885376,2024-01-25 06:14:08.944608,0 days 00:25:07.059232,layered,,,,,,,,,0.396452670724858,,,,,,,,,,,,,,,,,,,,,,,,,,,,,,,,,,,,,,,,,,,,,,,,,,,,,,0.8223199829654738,,,boruta_algorithm,,,,,,,,,2048.0,,,,,,,,,,,,,,,,,,,,,,,,,,,,,,,,,,,,,,,,0.8077683578927182,,,,,,,,,,,,,,,,,,,,,6.0,,,,,,2.0,,,,sklearn,,,,,,,,,,,,,,,,,,,,,,,,,,,,l2,,,,,,sgd_regressor_model,,,,,,,,,,pass_through_standardizer,,,,,True,,,,,,,,,,,,,,,,,,,COMPLETE
24,24,inf,2024-01-25 06:14:09.023425,2024-01-25 06:14:51.573684,0 days 00:00:42.550259,2d_descriptors,,,,,,,,,,0.9911749062482555,,,,,,,,,,,,,,,,,,,,,,,,,,,,,,,,,,,,,,,,,,,,,,,,,,,,,,,,low_variance_fs,,,,,,,,,,,,,,,,,,,,,,,,,,,,,,,,,,,,,,,,,,,,,,,,,,,,,,,,,,,,,,,,,,,,,,,,,,,,,,,,sklearn,,,,,,,,,,,,,,,,,,,,,,,,,,,,,,0.5499519439518537,,,,tweedie_regressor_model,,,,,,,,min_max_scaler,,pass_through_standardizer,,,,,,0.0027948526029235587,,,,,,,,,,,,,,,,,,COMPLETE
25,25,inf,2024-01-25 06:14:51.597564,2024-01-25 06:22:32.995194,0 days 00:07:41.397630,mol2vec,,,,,,,,4.674130199490923,,,,,,,,,,,,,,,,,,,,,,,,,,,,,,,,,,,,,,,,,,,,,,,,,,,,,,,,,,select_from_model_fs,,,,,,,,,,,,,,,,,,,,,,,,,,,,,,,,,,,,,,,,,,,,,,,,,,,,,,,,,,,,,,,,,,,,,,,,,,,,,,,,sklearn,,,,,,,,,40.0,,,,,,,,,,,,,,,,,,,,,,,,,ridge_cv_model,,,,,,,,,,chembl_standardizer,,,,,,,,,,,,,,,,,,,,,,,,COMPLETE
26,26,1.8311761410129286,2024-01-25 06:22:33.014868,2024-01-25 06:40:22.454688,0 days 00:17:49.439820,atom_pair,,,,,,,,,,,,,,,,,,,,,,,,,,,,,,,,,,,,,,,,,,,,,,,,,,,,,,,,,,,,,,,,,,k_best,,,,,,,,,,,,,,,,,,,,,,,,,,,,,,,,,,,,,,3.0,,,,,,,,,,,,,,,,,,,,,,,,,,,,,,,20.0,,,,,,1.0,,,,,sklearn,2048.0,,,,,,,,,,,,,,,,,,,,,,,,,,,,,,,,,lasso_lars_cv_model,,,,,,,,,heavy_standardisation,custom_standardizer,,,,,,,,,,,,,,,,,,,,,,,,COMPLETE
27,27,inf,2024-01-25 06:40:22.468994,2024-01-25 07:24:15.384626,0 days 00:43:52.915632,mixed,,,,,,,,,,,,,,,,,,,,,,,,,,,,,,,True,,,,,,,,,,,,absolute_error,,,,,,,,,,,,,,,,,,,,,maccs,2d_descriptors,percentil_fs,,,,,,,,,,,,,,,,,,,,,,,,,,,,,,,,,,,,,,,,,,,,,,,,,,,,,,,,,,,,,,,,,,,,,,,,log2,,,,,,,,sklearn,,,,,,,,,,,,700.0,,,,,,,,,,,,,,,,,85.0,,,,,random_forest_regressor_model,,,,,,,,,,pass_through_standardizer,,,,,,,,,,,,,,,,,,,,,,,,COMPLETE
28,28,inf,2024-01-25 07:24:15.497797,2024-01-25 07:24:15.969650,0 days 00:00:00.471853,morgan,keras_tabular_transformer,,,,,,,,,,0.20791830731432245,0.23938045615529518,0.3852967574435107,0.025145351537255334,16.0,16.0,8.0,16.0,,,,,,,,,,,,,,,,,,,,,,,,,,relu,0.4869881272072079,,8.0,,,,,,,,,,,,,8.0,,,,,,,1D,,,,,,,,,,,,,,,,,,,,,,,,,,,,,,,,,,,,,,,,,,,,,,,,,,,,,,,,,,,,,,,,,,,,,,,,,,,,,,,keras,,8.0,4.0,1024.0,,,,,,,,,,,,,,,,,,,,,,,,,,,,6.0,,,,,,,,,,,,,,,,,,,,,,,,,,,,,,,,,,,,COMPLETE
29,29,0.9083692003239137,2024-01-25 07:24:15.997770,2024-01-25 10:19:31.269896,0 days 02:55:15.272126,,,,,,,,,,,,,,,,,,,,,,,,,,,,32.0,,,,,,,,,,,,,,,,,,,,,,,,,,,,0.5,,,,,,,105.0,,,,,,,,,,,,,,,,,,,,,,,,,,,,,,,,,,,,,,,,,,,,,,,,,,,,,,,,,,,,,,,,,,,,,,,,,,,,,,,,,,,text_cnn_model,deepchem,,,,,,,100.0,,,,,,,,,,,,,,,,,,,,,,,,,,,,,,,,,,,,,pass_through_standardizer,,,,,,,,,,,,,,,,,,,,,,,,COMPLETE
30,30,inf,2024-01-25 10:19:31.286277,2024-01-25 10:19:59.937340,0 days 00:00:28.651063,,,,,,,,,,,,,,,,,,,,,,,,,,,,32.0,,,,,,,,,,,,,,,,,,,,,,,,,,,,0.5,,,,,,,102.0,,,,,,,,,,,,,,,,,,,,,,,,,,,,,,,,,,,,,,,,,,,,,,,,,,,,,,,,,,,,,,,,,,,,,,,,,,,,,,,,,,,text_cnn_model,deepchem,,,,,,,100.0,,,,,,,,,,,,,,,,,,,,,,,,,,,,,,,,,,,,heavy_standardisation,custom_standardizer,,,,,,,,,,,,,,,,,,,,,,,,COMPLETE
31,31,inf,2024-01-25 10:19:59.959772,2024-01-25 13:20:00.264382,0 days 03:00:00.304610,,,,,,,,,,,,,,,,,,,,,,,,,,,,64.0,,,,,,,,,,,,,,,,,,,,,,,,,,,,,,0.0,,,,,415.0,,,,,,,,,,,,,,,,,,,,,,,,,,,,,,,,,,,,,,,,,,,,,,,,,,,,,,,,,,,,,,,,,,,,,,,,,,,,,,,,,,,weave_model,deepchem,,,,,,,,,,,,,,256.0,,,,200.0,,,,,,,,,,,,,,,,,,,,,,,,,,pass_through_standardizer,,,,,,,,,,,,False,,,,,,,,,,,,COMPLETE
32,32,inf,2024-01-25 13:20:00.291473,2024-01-25 16:20:00.543500,0 days 03:00:00.252027,,,,,,,,,,,,,,,,,,,,,,,,,,,,256.0,,,,,,,,,,,,,,,,,,,,,,,,,,,,,,,,32.0,,,676.0,,,,,,,,,,128.0,,,,,,,,,,,,,,,,,,,,,,,,,,,,,,,,,,,,,3.0,,,,,,,,,,,,,,,,,,,,,,,,,,,,,,,,,,,,smiles_to_vec_model,deepchem,,,,,,,,,,,,,,,,,,,,,,,,,,,,,,,,,,,,,,,,,,,,pass_through_standardizer,,,,3.0,,,,,,,,,,,,,,,,,,,,COMPLETE
33,33,inf,2024-01-25 16:20:00.566810,2024-01-25 16:22:39.807531,0 days 00:02:39.240721,,,,,,,,,,,,,,,,,,,,,,,,,,,,32.0,,,,,,,,,,,,,,,,,,,,,,,,,,,,,,,0.0,,,0.0,319.0,,,,,,0.25,,,,,,,,,,0.25,2.0,,,,,,,,,,,,,,,,,,,,,,,,,,,,,,,,,,,,,,,,,,,,,,,,,,,,,,,,,,,,,,,,,,mat_model,deepchem,,,,,,,,8.0,,,,,,,,,,,1.0,,,,,,,,,,,,,,,,,,,,,,0.25,,,pass_through_standardizer,,,,,,,,,,,,,,,,,,,,,,,,COMPLETE
34,34,inf,2024-01-25 16:22:39.833277,2024-01-25 16:22:40.109169,0 days 00:00:00.275892,rdk,keras_dense,,,,,,,,,,,,,,,,,,,,,False,False,,,,,,,,,,,,,,,,,,,,,,,,,,,,,,,,,,,,,,,,,,,,1D,,,,,,,,2048.0,,,,,,,,,,,,,,relu,tanh,,,,0.2538485291865409,0.417539336767595,,,,29.0,21.0,,,,,,,,,,4.58834810296349e-06,4.750068275966038e-06,,,,,2.1906937241555764e-06,0.0011688760622008477,,,,,,,,,,,,,,,,,,,,,,,5.0,,,3.0,,,keras,,,,,,,,,,,,,,,,,2.0,,,,,,,,,,,,,,,,,,,,,,,,,,,,,,,,,,,,,,,,,,,,,,,,,,,COMPLETE
35,35,1.0417149669531498,2024-01-25 16:22:40.126885,2024-01-25 18:53:32.397707,0 days 02:30:52.270822,,,,,,,,,,,,,,,,,,,,,,,,,,,,32.0,,,,,,,,,,,,,,,,,,,128.0,,,,,,,0.25,,,,,,,,,260.0,,,,,,,,,,,,,,,,,,"[256, 128, 64]",,,,,,,,,,,,,,,,,,,,,,,,,,,,,,,,,,,,,,,,,,,,,,,,,,,,,,False,,,,,,,,,,,graph_conv_model,deepchem,,,,,,,,,,,,,,,,,,,,,,,,,,,,,,,,,,,,,,,,,,,,pass_through_standardizer,,,,,,,,,,,True,,,,,,,,,,,,,COMPLETE
36,36,1.0455805564664125,2024-01-25 18:53:32.412536,2024-01-25 21:10:45.454033,0 days 02:17:13.041497,,,,,,,,,,,,,,,,,,,,,,,,,,,,32.0,,,,,,,,,,,,,,,,,,,128.0,,,,,,,0.25,,,,,,,,,254.0,,,,,,,,,,,,,,,,,,"[256, 128, 64]",,,,,,,,,,,,,,,,,,,,,,,,,,,,,,,,,,,,,,,,,,,,,,,,,,,,,,False,,,,,,,,,,,graph_conv_model,deepchem,,,,,,,,,,,,,,,,,,,,,,,,,,,,,,,,,,,,,,,,,,,,basic_standardizer,,,,,,,,,,,True,,,,,,,,,,,,,COMPLETE
37,37,1.0230482495684574,2024-01-25 21:10:45.475858,2024-01-25 23:30:22.103267,0 days 02:19:36.627409,,,,,,,,,,,,,,,,,,,,,,,,,,,,32.0,,,,,,,,,,,,,,,,,,,128.0,,,,,,,0.25,,,,,,,,,253.0,,,,,,,,,,,,,,,,,,"[256, 128, 64]",,,,,,,,,,,,,,,,,,,,,,,,,,,,,,,,,,,,,,,,,,,,,,,,,,,,,,False,,,,,,,,,,,graph_conv_model,deepchem,,,,,,,,,,,,,,,,,,,,,,,,,,,,,,,,,,,,,,,,,,,,basic_standardizer,,,,,,,,,,,True,,,,,,,,,,,,,COMPLETE
38,38,inf,2024-01-25 23:30:22.118495,2024-01-26 02:30:23.255466,0 days 03:00:01.136971,,,,,,,,,,,,,,,,,,,,,,,,,,,,32.0,,,,,,,,,,,,,,,,,,,128.0,,,,,,,0.25,,,,,,,,,229.0,,,,,,,,,,,,,,,,,,"[256, 128, 64]",,,,,,,,,,,,,,,,,,,,,,,,,,,,,,,,,,,,,,,,,,,,,,,,,,,,,,False,,,,,,,,,,,graph_conv_model,deepchem,,,,,,,,,,,,,,,,,,,,,,,,,,,,,,,,,,,,,,,,,,,,basic_standardizer,,,,,,,,,,,True,,,,,,,,,,,,,COMPLETE
39,39,1.062363117428044,2024-01-26 02:30:23.409667,2024-01-26 04:51:50.218446,0 days 02:21:26.808779,,,,,,,,,,,,,,,,,,,,,,,,,,,,32.0,,,,,,,,,,,,,,,,,,,128.0,,,,,,,0.25,,,,,,,,,291.0,,,,,,,,,,,,,,,,,,"[256, 128, 64]",,,,,,,,,,,,,,,,,,,,,,,,,,,,,,,,,,,,,,,,,,,,,,,,,,,,,,False,,,,,,,,,,,graph_conv_model,deepchem,,,,,,,,,,,,,,,,,,,,,,,,,,,,,,,,,,,,,,,,,,,,basic_standardizer,,,,,,,,,,,True,,,,,,,,,,,,,COMPLETE
40,40,1.0311507030160114,2024-01-26 04:51:50.233402,2024-01-26 06:44:58.684478,0 days 01:53:08.451076,,,,,,,,,,,,,,,,,,,,,,,,,,,,32.0,,,,,,,,,,,,,,,,,,,128.0,,,,,,,0.25,,,,,,,,,216.0,,,,,,,,,,,,,,,,,,"[256, 128, 64]",,,,,,,,,,,,,,,,,,,,,,,,,,,,,,,,,,,,,,,,,,,,,,,,,,,,,,False,,,,,,,,,,,graph_conv_model,deepchem,,,,,,,,,,,,,,,,,,,,,,,,,,,,,,,,,,,,,,,,,,,,basic_standardizer,,,,,,,,,,,True,,,,,,,,,,,,,COMPLETE
41,41,0.9877351168971114,2024-01-26 06:44:58.702157,2024-01-26 08:47:45.798253,0 days 02:02:47.096096,,,,,,,,,,,,,,,,,,,,,,,,,,,,32.0,,,,,,,,,,,,,,,,,,,128.0,,,,,,,0.25,,,,,,,,,210.0,,,,,,,,,,,,,,,,,,"[256, 128, 64]",,,,,,,,,,,,,,,,,,,,,,,,,,,,,,,,,,,,,,,,,,,,,,,,,,,,,,False,,,,,,,,,,,graph_conv_model,deepchem,,,,,,,,,,,,,,,,,,,,,,,,,,,,,,,,,,,,,,,,,,,,basic_standardizer,,,,,,,,,,,True,,,,,,,,,,,,,COMPLETE
42,42,1.0579807426367978,2024-01-26 08:47:45.813448,2024-01-26 10:14:56.928918,0 days 01:27:11.115470,,,,,,,,,,,,,,,,,,,,,,,,,,,,32.0,,,,,,,,,,,,,,,,,,,128.0,,,,,,,0.25,,,,,,,,,166.0,,,,,,,,,,,,,,,,,,"[256, 128, 64]",,,,,,,,,,,,,,,,,,,,,,,,,,,,,,,,,,,,,,,,,,,,,,,,,,,,,,False,,,,,,,,,,,graph_conv_model,deepchem,,,,,,,,,,,,,,,,,,,,,,,,,,,,,,,,,,,,,,,,,,,,basic_standardizer,,,,,,,,,,,True,,,,,,,,,,,,,COMPLETE
43,43,1.0946067503898427,2024-01-26 10:14:56.944810,2024-01-26 10:56:04.954782,0 days 00:41:08.009972,,,,,,,,,,,,,,,,,,,,,,,,,,,,32.0,,,,,,,,,,,,,,,,,,,128.0,,,,,,,0.25,,,,,,,,,102.0,,,,,,,,,,,,,,,,,,"[64, 64]",,,,,,,,,,,,,,,,,,,,,,,,,,,,,,,,,,,,,,,,,,,,,,,,,,,,,,False,,,,,,,,,,,graph_conv_model,deepchem,,,,,,,,,,,,,,,,,,,,,,,,,,,,,,,,,,,,,,,,,,,,basic_standardizer,,,,,,,,,,,False,,,,,,,,,,,,,COMPLETE
44,44,inf,2024-01-26 10:56:04.970890,2024-01-26 13:56:05.076008,0 days 03:00:00.105118,,,,,,,,,,,,,,,,,,,,,,,,,,,,32.0,,,,,,,,,,,,,,,,,,,,,,,,,,,,0.5,,,,,,,367.0,,,,,,,,,,,,,,,,,,,,,,,,,,,,,,,,,,,,,,,,,,,,,,,,,,,,,,,,,,,,,,,,,,,,,,,,,,,,,,,,,,,text_cnn_model,deepchem,,,,,,,50.0,,,,,,,,,,,,,,,,,,,,,,,,,,,,,,,,,,,,,basic_standardizer,,,,,,,,,,,,,,,,,,,,,,,,COMPLETE
45,45,inf,2024-01-26 13:56:05.096045,2024-01-26 16:56:05.600871,0 days 03:00:00.504826,,,,,,,,,,,,,,,,,,,,,,32.0,,,,,,32.0,,,,,,,,,,,,,,,,,,,,,,,,,,,,,,,,,,,225.0,,,,,,,,,,,,,,,,,,,,,,,,,,,,,,,,,,,,,,,,,,,,,,,,,,,,,,,,,,,,,,,,,,,,,,,,,,,,,,,,,,,chem_ception_model,deepchem,,,,,,,,,,,,,,,,,,,,,,,,,,,,,,,,,,,,,,,,,,,,basic_standardizer,,,,,,,,,,,,,,,,,,,,,,,,COMPLETE
46,46,1.3824152994582715,2024-01-26 16:56:05.709772,2024-01-26 19:37:57.473576,0 days 02:41:51.763804,,,,,,,,,,,,,,,,,,,,,,,,,,,,32.0,True,,,,,,,,,,,,,,,,,,,,,,,,0.5,,,,,,,,,,213.0,,,,,,,,,,,,,,,,,,,"[64, 64]",,,,,,,,,,,,,,,,,,,,,,,,,,,,,,,,,,,,,,,,,,,,,,,,,,,,,,,,,,,,,,,,gcn_model,deepchem,,,,,,,,,,,,,,,,,,,,,,,,,,,,,,,0.25,,,,,,,,,,,,,basic_standardizer,,,,,,,,,,False,,,,True,,,True,,,,,,,COMPLETE
47,47,inf,2024-01-26 19:37:57.487894,2024-01-26 19:37:57.571467,0 days 00:00:00.083573,,,,,,,,,,,,,,,,,,,,,,,,,,,,32.0,,,,,,,,,,,,,,,,,,,,,,,,,,,,,,,,,,,519.0,,,,,,,,,,,,,,,,,,,,,,,,,,,,,,,,,,,,,,,,,,,,,,,,,,,,,,,,,,,,,,,,,,,,,,,,,,,,,,,,,,,gat_model,deepchem,,,,,,,,,,,,,,,,,,,,,,,,,,,,,,,,,,,,,,,,,,,,basic_standardizer,,,,,,,,,False,,,,False,,,True,,,,,,,,COMPLETE
48,48,1.3164756083288496,2024-01-26 19:37:57.583017,2024-01-26 20:36:33.029519,0 days 00:58:35.446502,,,,,,,,,,,,,,,,,,,,,,,,,,,,128.0,,,,,,,,,,,,,,,,,,,512.0,,,,,,,0.5,,,,,,,,,297.0,,,,,,,,,,,,,,,,,,"[128, 64]",,,,,,,,,,,,,,,,,,,,,,,,,,,,,,,,,,,,,,,,,,,,,,,,,,,,,,True,,,,,,,,,,,graph_conv_model,deepchem,,,,,,,,,,,,,,,,,,,,,,,,,,,,,,,,,,,,,,,,,,,,basic_standardizer,,,,,,,,,,,True,,,,,,,,,,,,,COMPLETE
49,49,1.0547609364473944,2024-01-26 20:36:33.044412,2024-01-26 21:17:27.157447,0 days 00:40:54.113035,,,,,,,,,,,,,,,,,,,,,,,,,,,,256.0,,,,,,,,,,,,,,,,,,,256.0,,,,,,,0.0,,,,,,,,,192.0,,,,,,,,,,,,,,,,,,"[256, 128]",,,,,,,,,,,,,,,,,,,,,,,,,,,,,,,,,,,,,,,,,,,,,,,,,,,,,,False,,,,,,,,,,,graph_conv_model,deepchem,,,,,,,,,,,,,,,,,,,,,,,,,,,,,,,,,,,,,,,,,,,,basic_standardizer,,,,,,,,,,,True,,,,,,,,,,,,,COMPLETE
50,50,inf,2024-01-26 21:17:27.173339,2024-01-27 00:17:27.242293,0 days 03:00:00.068954,,,,,,,,,,,,,,,,,,,,,,,,,,,,16.0,,,,,,,,,,,,,,,,,,,,,,,,,,,,0.0,,,,,,,153.0,,,,,,,,,,,,,,,,,,,,,,,,,,,,,,,,,,,,,,,,,,,,,,,,,,,,,,,,,,,,,,,,,,,,,,,,,,,,,,,,,,,text_cnn_model,deepchem,,,,,,,75.0,,,,,,,,,,,,,,,,,,,,,,,,,,,,,,,,,,,,,chembl_standardizer,,,,,,,,,,,,,,,,,,,,,,,,COMPLETE
51,51,inf,2024-01-27 00:17:27.263876,2024-01-27 03:17:28.149720,0 days 03:00:00.885844,,,,,,,,,,,,,,,,,,,,,,,,,,,,32.0,,,,,,,,,,,,,,,,,,,,,,,,,,,0.5,,,,,,,,279.0,,,,,,,,,,,,,,,,,,,,,,,,,,,,,,,,,,,,,,,,,,,,,,,,,,,,,,,,,,,,,,,,,,,,,,,,,,,,,12.0,,,,,,pagtn_model,deepchem,,,,,,,,,,,,,,,,,,,,,,,1.0,,4.0,,,,,,,,,,,,,,,,,,,basic_standardizer,,,,,,,,,,,,,,,,,,,,,,,,COMPLETE
52,52,1.031567821044106,2024-01-27 03:17:28.206432,2024-01-27 05:19:40.221396,0 days 02:02:12.014964,,,,,,,,,,,,,,,,,,,,,,,,,,,,32.0,,,,,,,,,,,,,,,,,,,128.0,,,,,,,0.25,,,,,,,,,253.0,,,,,,,,,,,,,,,,,,"[256, 128, 64]",,,,,,,,,,,,,,,,,,,,,,,,,,,,,,,,,,,,,,,,,,,,,,,,,,,,,,False,,,,,,,,,,,graph_conv_model,deepchem,,,,,,,,,,,,,,,,,,,,,,,,,,,,,,,,,,,,,,,,,,,,basic_standardizer,,,,,,,,,,,True,,,,,,,,,,,,,COMPLETE
53,53,1.0102486069037315,2024-01-27 05:19:40.236803,2024-01-27 07:55:25.294259,0 days 02:35:45.057456,,,,,,,,,,,,,,,,,,,,,,,,,,,,32.0,,,,,,,,,,,,,,,,,,,128.0,,,,,,,0.25,,,,,,,,,337.0,,,,,,,,,,,,,,,,,,"[256, 128, 64]",,,,,,,,,,,,,,,,,,,,,,,,,,,,,,,,,,,,,,,,,,,,,,,,,,,,,,False,,,,,,,,,,,graph_conv_model,deepchem,,,,,,,,,,,,,,,,,,,,,,,,,,,,,,,,,,,,,,,,,,,,basic_standardizer,,,,,,,,,,,True,,,,,,,,,,,,,COMPLETE
54,54,1.004850177280484,2024-01-27 07:55:25.309261,2024-01-27 09:51:12.265836,0 days 01:55:46.956575,,,,,,,,,,,,,,,,,,,,,,,,,,,,64.0,,,,,,,,,,,,,,,,,,,128.0,,,,,,,0.25,,,,,,,,,368.0,,,,,,,,,,,,,,,,,,"[256, 128, 64]",,,,,,,,,,,,,,,,,,,,,,,,,,,,,,,,,,,,,,,,,,,,,,,,,,,,,,False,,,,,,,,,,,graph_conv_model,deepchem,,,,,,,,,,,,,,,,,,,,,,,,,,,,,,,,,,,,,,,,,,,,basic_standardizer,,,,,,,,,,,True,,,,,,,,,,,,,COMPLETE
55,55,0.9916777677008011,2024-01-27 09:51:12.281067,2024-01-27 11:40:00.574082,0 days 01:48:48.293015,,,,,,,,,,,,,,,,,,,,,,,,,,,,64.0,,,,,,,,,,,,,,,,,,,128.0,,,,,,,0.0,,,,,,,,,361.0,,,,,,,,,,,,,,,,,,"[256, 128, 64]",,,,,,,,,,,,,,,,,,,,,,,,,,,,,,,,,,,,,,,,,,,,,,,,,,,,,,False,,,,,,,,,,,graph_conv_model,deepchem,,,,,,,,,,,,,,,,,,,,,,,,,,,,,,,,,,,,,,,,,,,,basic_standardizer,,,,,,,,,,,True,,,,,,,,,,,,,COMPLETE
56,56,inf,2024-01-27 11:40:00.589542,2024-01-27 11:40:00.728583,0 days 00:00:00.139041,maccs,keras_tabular_transformer,,,,,,,,,,0.49344516062010796,0.49962310037535207,0.010919456580604281,,2.0,4.0,2.0,,,,,,,,,,,,,,,,,,,,,,,,,,,relu,0.3064683777480728,,8.0,,,,,,,,,,,,,16.0,,,,,,,1D,,,,,,,,,,,,,,,,,,,,,,,,,,,,,,,,,,,,,,,,,,,,,,,,,,,,,,,,,,,,,,,,,,,,,,,,,,,,,,,keras,,1.0,3.0,,,,,,,,,,,,,,,,,,,,,,,,,,,,,,,,,,,,,,,,,,,,,,,,,,,,,,,,,,,,,,,,,COMPLETE
57,57,1.005197477243514,2024-01-27 11:40:00.741476,2024-01-27 13:56:50.370008,0 days 02:16:49.628532,,,,,,,,,,,,,,,,,,,,,,,,,,,,64.0,,,,,,,,,,,,,,,,,,,128.0,,,,,,,0.0,,,,,,,,,477.0,,,,,,,,,,,,,,,,,,"[256, 128, 64]",,,,,,,,,,,,,,,,,,,,,,,,,,,,,,,,,,,,,,,,,,,,,,,,,,,,,,False,,,,,,,,,,,graph_conv_model,deepchem,,,,,,,,,,,,,,,,,,,,,,,,,,,,,,,,,,,,,,,,,,,,basic_standardizer,,,,,,,,,,,True,,,,,,,,,,,,,COMPLETE
58,58,inf,2024-01-27 13:56:50.385508,2024-01-27 16:56:50.903646,0 days 03:00:00.518138,,,,,,,,,,,,,,,,,,,,,,,,,,,,64.0,,,,,,,,,,,,,,,,,,,,,,,,,,,0.0,,,,,,,,473.0,,,,,,,,,,,,,,,,,,,,,,,,,,,,,,,,,,,,,,,,,,,,,,,,,,,,,,,,,,,,,,,,,,,,,,,,,,,,,20.0,,,,,,pagtn_model,deepchem,,,,,,,,,,,,,,,,,,,,,,,2.0,,2.0,,,,,,,,,,,,,,,,,,,basic_standardizer,,,,,,,,,,,,,,,,,,,,,,,,COMPLETE
59,59,1.0755843021972784,2024-01-27 16:56:50.949150,2024-01-27 19:54:33.890689,0 days 02:57:42.941539,,,,,,,,,,,,,,,,,,,,,,,,,,,,64.0,,,,,,,,,,,,,,,,,,,,,2.0,,,,,,,,,,,,,,395.0,,,,,,,,,,,0.0,1.0,,,,,,,,,,,,,,,,,,,,,,,,,,,,,,,,,,,,,,,,,,,,,,,,,,,,,,,,,,,,,,,,,,,,,,,dmpnn_model,deepchem,,,,,,,,,,,,,,,,,,,,,,,,,,,,,,,,,,,,,,,,,,,,basic_standardizer,,,,,,,,,,,,,,,,,,,,,,,,COMPLETE
60,60,inf,2024-01-27 19:54:33.905353,2024-01-27 22:54:35.144721,0 days 03:00:01.239368,,,,,,,,,,,,,,,,,,,,,,,,,,,,64.0,,,,,,,,,,,,,,,,,,,,,,,,,,,,,,,,128.0,,,455.0,,,,,,,,,,32.0,,,,,,,,,,,,,,,,,,,,,,,,,,,,,,,,,,,,,7.0,,,,,,,,,,,,,,,,,,,,,,,,,,,,,,,,,,,,smiles_to_vec_model,deepchem,,,,,,,,,,,,,,,,,,,,,,,,,,,,,,,,,,,,,,,,,,,,basic_standardizer,,,,1.0,,,,,,,,,,,,,,,,,,,,COMPLETE
61,61,inf,2024-01-27 22:54:35.200250,2024-01-28 01:54:35.679082,0 days 03:00:00.478832,,,,,,,,,,,,,,,,,,,,,,,,,,,,8.0,,,,,,,,,,,,,,,,,,,128.0,,,,,,,0.0,,,,,,,,,349.0,,,,,,,,,,,,,,,,,,"[256, 128, 64]",,,,,,,,,,,,,,,,,,,,,,,,,,,,,,,,,,,,,,,,,,,,,,,,,,,,,,False,,,,,,,,,,,graph_conv_model,deepchem,,,,,,,,,,,,,,,,,,,,,,,,,,,,,,,,,,,,,,,,,,,,basic_standardizer,,,,,,,,,,,True,,,,,,,,,,,,,COMPLETE
62,62,1.0164832801786696,2024-01-28 01:54:35.734401,2024-01-28 04:45:31.974196,0 days 02:50:56.239795,,,,,,,,,,,,,,,,,,,,,,,,,,,,64.0,,,,,,,,,,,,,,,,,,,128.0,,,,,,,0.0,,,,,,,,,613.0,,,,,,,,,,,,,,,,,,"[256, 128, 64]",,,,,,,,,,,,,,,,,,,,,,,,,,,,,,,,,,,,,,,,,,,,,,,,,,,,,,False,,,,,,,,,,,graph_conv_model,deepchem,,,,,,,,,,,,,,,,,,,,,,,,,,,,,,,,,,,,,,,,,,,,basic_standardizer,,,,,,,,,,,True,,,,,,,,,,,,,COMPLETE
63,63,inf,2024-01-28 04:45:31.989363,2024-01-28 07:45:32.896370,0 days 03:00:00.907007,,,,,,,,,,,,,,,,,,,,,,,,,,,,64.0,,,,,,,,,,,,,,,,,,,,,,,,0.5,,,,,,,,,,,631.0,,,,,,,,,,,,,,,,,,,,,,,,,,,,,,,,,,,,,,,,,,,,,,,,,,,,,,,,,,,,,[100],[100],,,,,,,,,,,,,,,,,,,,,dag_model,deepchem,,,,,,,,,,,,,64.0,,,,,,,,,,,,,,,,,,,,,,,,,,,,,,,basic_standardizer,,,,,,,,,,,,,,,,,,,,,,,,COMPLETE
64,64,0.9933139628273508,2024-01-28 07:45:32.945201,2024-01-28 09:06:12.403886,0 days 01:20:39.458685,,,,,,,,,,,,,,,,,,,,,,,,,,,,512.0,,,,,,,,,,,,,,,,,,,128.0,,,,,,,0.0,,,,,,,,,557.0,,,,,,,,,,,,,,,,,,"[256, 128, 64]",,,,,,,,,,,,,,,,,,,,,,,,,,,,,,,,,,,,,,,,,,,,,,,,,,,,,,True,,,,,,,,,,,graph_conv_model,deepchem,,,,,,,,,,,,,,,,,,,,,,,,,,,,,,,,,,,,,,,,,,,,basic_standardizer,,,,,,,,,,,False,,,,,,,,,,,,,COMPLETE
65,65,inf,2024-01-28 09:06:12.418279,2024-01-28 12:06:12.891575,0 days 03:00:00.473296,,,,,,,,,,,,,,,,,,,,,,,,,,,,512.0,,,,,,,,,,,,,,,,,,,,,,,0.0,,,,,,,,,,,,537.0,,,,,,,,,,,,,,,,,,,,500.0,,,,,,,,,,,,,,,,,,,,,,,,,,,,,,,,,,,,,,,,,,,,,,,,,,,,,,,,,,,,,,,attentive_fp_model,deepchem,,,,,,,,,,,,,,,,,,,,,,,,5.0,,,,,,,,,,,,,,,,,,,,chembl_standardizer,,,,,,,,False,,,,,,,True,,,,,,,,,COMPLETE
66,66,inf,2024-01-28 12:06:13.160635,2024-01-28 12:07:10.857247,0 days 00:00:57.696612,,,keras_bidirectional_rnn,,,,,,,,,,,,,,,,,,,,,,,,,,,,,,,,,,,,,,,,,,tanh,0.18010345409033227,,96.0,,,,,,,,,,,,,,,,,,,,2D,,,,,,,,,,,,,,,,0.026982384339556575,,,76.0,,,,,,,,,,,,,,,,,,,,,,,,,,,,,,,,,,,,,,,,,,0.0019883929511829157,0.010174802145466566,0.30797842631806266,236.0,50.0,96.0,,,,,,,,,,,,,keras,,,,,,,,,,,,,,,1.0,,,,,3.0,,,,,,,,,,,,,,,,,,,,,,,,,,,,,,,,,,,,,,,,,,,,,,,,COMPLETE
67,67,inf,2024-01-28 12:07:10.870928,2024-01-28 15:07:11.547662,0 days 03:00:00.676734,,,,,,,,,,,,,,,,,,,,,,,,,,,,512.0,,,,,,,,,,,,,,,,,,,,,,,,,,,,,,0.5,,,,,465.0,,,,,,,,,,,,,,,,,,,,,,,,,,,,,,,,,,,,,,,,,,,,,,,,,,,,,,,,,,,,,,,,,,,,,,,,,,,,,,,,,,,weave_model,deepchem,,,,,,,,,,,,,,64.0,,,,100.0,,,,,,,,,,,,,,,,,,,,,,,,,,basic_standardizer,,,,,,,,,,,,True,,,,,,,,,,,,COMPLETE
68,68,inf,2024-01-28 15:07:11.818823,2024-01-28 18:07:15.250377,0 days 03:00:03.431554,,,,,,,,,,,,,,,,,,,,,,,,,,,,512.0,,,,,,,,,,,,,,,,,,,,,,,,,,,,,0.5,,,,,,416.0,,,,,,,,,,,,,,,,,,,,,,,,,,,,,,,,,,,,,,,,,,,,,,,,,,,,,,,,,,,,,,,,,,,,,,,,,,,,,,,,,,,dtnn_model,deepchem,,,,,,100.0,,,,,,,,,,100.0,,,,,,,,,,,,,,,,,,,,,,,,,,,,basic_standardizer,,,,,,,,,,,,,,,,,,,,,,,,COMPLETE
69,69,inf,2024-01-28 18:07:15.267172,2024-01-28 21:07:15.335739,0 days 03:00:00.068567,,,,,,,,,,,,,,,,,,,,,,,,,,,,64.0,,,,,,,,,,,,,,,,,,,,,,,,,,,,0.25,,,,,,,344.0,,,,,,,,,,,,,,,,,,,,,,,,,,,,,,,,,,,,,,,,,,,,,,,,,,,,,,,,,,,,,,,,,,,,,,,,,,,,,,,,,,,text_cnn_model,deepchem,,,,,,,100.0,,,,,,,,,,,,,,,,,,,,,,,,,,,,,,,,,,,,,basic_standardizer,,,,,,,,,,,,,,,,,,,,,,,,COMPLETE
70,70,inf,2024-01-28 21:07:15.420828,2024-01-28 21:07:15.614033,0 days 00:00:00.193205,,,,,,,,,,,,,,,,,,,,,,,,,,,,8.0,,,,,,,,,,,,,,,,,,,,,,,,,,,,,,,,,,,728.0,,,,,,,,,,,,,,,,,,,,,,,,,,,,,,,,,,,,,,,,,,,,,,,,,,,,,,,,,,,,,,,,,,,,,,,,,,,,,,,,,,,gat_model,deepchem,,,,,,,,,,,,,,,,,,,,,,,,,,,,,,,,,,,,,,,,,,,simple_standardisation,custom_standardizer,,,,,,,,,True,,,,True,,,False,,,,,,,,COMPLETE
71,71,0.9604113059590175,2024-01-28 21:07:15.626299,2024-01-29 00:05:25.986282,0 days 02:58:10.359983,,,,,,,,,,,,,,,,,,,,,,,,,,,,64.0,,,,,,,,,,,,,,,,,,,128.0,,,,,,,0.0,,,,,,,,,596.0,,,,,,,,,,,,,,,,,,"[256, 128, 64]",,,,,,,,,,,,,,,,,,,,,,,,,,,,,,,,,,,,,,,,,,,,,,,,,,,,,,True,,,,,,,,,,,graph_conv_model,deepchem,,,,,,,,,,,,,,,,,,,,,,,,,,,,,,,,,,,,,,,,,,,,basic_standardizer,,,,,,,,,,,False,,,,,,,,,,,,,COMPLETE
72,72,inf,2024-01-29 00:05:26.001895,2024-01-29 00:08:43.303925,0 days 00:03:17.302030,,,,,,,,,,,,,,,,,,,,,,,,,,,,64.0,,,,,,,,,,,,,,,,,,,,,,,,,,,,,,,0.5,,,0.5,600.0,,,,,,0.5,,,,,,,,,,0.5,3.0,,,,,,,,,,,,,,,,,,,,,,,,,,,,,,,,,,,,,,,,,,,,,,,,,,,,,,,,,,,,,,,,,,mat_model,deepchem,,,,,,,,4.0,,,,,,,,,,,3.0,,,,,,,,,,,,,,,,,,,,,,0.5,,,basic_standardizer,,,,,,,,,,,,,,,,,,,,,,,,COMPLETE
73,73,0.9411447260997956,2024-01-29 00:08:43.345108,2024-01-29 02:58:11.315755,0 days 02:49:27.970647,,,,,,,,,,,,,,,,,,,,,,,,,,,,64.0,,,,,,,,,,,,,,,,,,,128.0,,,,,,,0.0,,,,,,,,,566.0,,,,,,,,,,,,,,,,,,"[256, 128, 64]",,,,,,,,,,,,,,,,,,,,,,,,,,,,,,,,,,,,,,,,,,,,,,,,,,,,,,True,,,,,,,,,,,graph_conv_model,deepchem,,,,,,,,,,,,,,,,,,,,,,,,,,,,,,,,,,,,,,,,,,,,basic_standardizer,,,,,,,,,,,False,,,,,,,,,,,,,COMPLETE
74,74,0.9334277000568862,2024-01-29 02:58:11.332071,2024-01-29 05:51:19.958111,0 days 02:53:08.626040,,,,,,,,,,,,,,,,,,,,,,,,,,,,64.0,,,,,,,,,,,,,,,,,,,128.0,,,,,,,0.0,,,,,,,,,573.0,,,,,,,,,,,,,,,,,,"[256, 128, 64]",,,,,,,,,,,,,,,,,,,,,,,,,,,,,,,,,,,,,,,,,,,,,,,,,,,,,,True,,,,,,,,,,,graph_conv_model,deepchem,,,,,,,,,,,,,,,,,,,,,,,,,,,,,,,,,,,,,,,,,,,,basic_standardizer,,,,,,,,,,,False,,,,,,,,,,,,,COMPLETE
75,75,inf,2024-01-29 05:51:19.972817,2024-01-29 08:51:20.831714,0 days 03:00:00.858897,,,,,,,,,,,,,,,,,,,,,,,,,,,,64.0,False,,,,,,,,,,,,,,,,,,,,,,,,0.0,,,,,,,,,,574.0,,,,,,,,,,,,,,,,,,,"[64, 128]",,,,,,,,,,,,,,,,,,,,,,,,,,,,,,,,,,,,,,,,,,,,,,,,,,,,,,,,,,,,,,,,gcn_model,deepchem,,,,,,,,,,,,,,,,,,,,,,,,,,,,,,,0.0,,,,,,,,,,,,,basic_standardizer,,,,,,,,,,True,,,,False,,,False,,,,,,,COMPLETE
76,76,inf,2024-01-29 08:51:20.878364,2024-01-29 08:51:21.194458,0 days 00:00:00.316094,atom_pair,keras_dense,,,,,,,,,,,,,,,,,,,,,True,True,False,True,False,,,,,,,,,,,,,,,,,,,,,,,,,,,,,,,,,,,,,,,,,1D,,,,,,,,,,,,,,,,,,,,,,tanh,relu,tanh,tanh,relu,0.788708074612495,0.01166754024262262,0.6907583810549509,0.4873347817336924,0.11134431727059263,60.0,56.0,48.0,9.0,40.0,,,,,,,0.008799603816889092,0.0074153817828251836,0.0006722937887408695,0.002100595318485398,0.00018078339944322598,,0.0015288818932262473,1.1175596435108663e-06,0.008898656701073388,0.0009868783849035863,2.2012875325301957e-06,,,,,,,,,,,,,,,20.0,,,,,,3.0,,,,,keras,1024.0,,,,,,,,,,,,,,,,5.0,,,,,,,,,,,,,,,,,,,,,,,,,,,,,,,,,,,,,,,,,,,,,,,,,,,COMPLETE
77,77,inf,2024-01-29 08:51:21.207200,2024-01-29 11:51:21.759781,0 days 03:00:00.552581,,,,,,,,,,,,,,,,,,,,,,64.0,,,,,,64.0,,,,,,,,,,,,,,,,,,,,,,,,,,,,,,,,,,,892.0,,,,,,,,,,,,,,,,,,,,,,,,,,,,,,,,,,,,,,,,,,,,,,,,,,,,,,,,,,,,,,,,,,,,,,,,,,,,,,,,,,,chem_ception_model,deepchem,,,,,,,,,,,,,,,,,,,,,,,,,,,,,,,,,,,,,,,,,,,,chembl_standardizer,,,,,,,,,,,,,,,,,,,,,,,,COMPLETE
78,78,inf,2024-01-29 11:51:22.027473,2024-01-29 14:51:22.594798,0 days 03:00:00.567325,,,,,,,,,,,,,,,,,,,,,,,,,,,,64.0,,,,,,,,,,,,,,,,,,,128.0,,,,,,,0.0,,,,,,,,,661.0,,,,,,,,,,,,,,,,,,"[256, 128, 64]",,,,,,,,,,,,,,,,,,,,,,,,,,,,,,,,,,,,,,,,,,,,,,,,,,,,,,True,,,,,,,,,,,graph_conv_model,deepchem,,,,,,,,,,,,,,,,,,,,,,,,,,,,,,,,,,,,,,,,,,,,basic_standardizer,,,,,,,,,,,False,,,,,,,,,,,,,COMPLETE
79,79,inf,2024-01-29 14:51:22.648765,2024-01-29 17:51:24.525838,0 days 03:00:01.877073,,,,,,,,,,,,,,,,,,,,,,,,,,,,16.0,,,,,,,,,,,,,,,,,,,256.0,,,,,,,0.0,,,,,,,,,567.0,,,,,,,,,,,,,,,,,,"[256, 128, 64]",,,,,,,,,,,,,,,,,,,,,,,,,,,,,,,,,,,,,,,,,,,,,,,,,,,,,,True,,,,,,,,,,,graph_conv_model,deepchem,,,,,,,,,,,,,,,,,,,,,,,,,,,,,,,,,,,,,,,,,,,,basic_standardizer,,,,,,,,,,,False,,,,,,,,,,,,,COMPLETE
80,80,inf,2024-01-29 17:51:24.593524,2024-01-29 20:51:27.705391,0 days 03:00:03.111867,,,,,,,,,,,,,,,,,,,,,,,,,,,,128.0,,,,,,,,,,,,,,,,,,,,,,,,0.0,,,,,,,,,,,519.0,,,,,,,,,,,,,,,,,,,,,,,,,,,,,,,,,,,,,,,,,,,,,,,,,,,,,,,,,,,,,"[200, 100]",[50],,,,,,,,,,,,,,,,,,,,,dag_model,deepchem,,,,,,,,,,,,,128.0,,,,,,,,,,,,,,,,,,,,,,,,,,,,,,simple_standardisation,custom_standardizer,,,,,,,,,,,,,,,,,,,,,,,,COMPLETE
81,81,0.9653180601578935,2024-01-29 20:51:27.768137,2024-01-29 23:35:26.542812,0 days 02:43:58.774675,,,,,,,,,,,,,,,,,,,,,,,,,,,,64.0,,,,,,,,,,,,,,,,,,,128.0,,,,,,,0.0,,,,,,,,,505.0,,,,,,,,,,,,,,,,,,"[256, 128, 64]",,,,,,,,,,,,,,,,,,,,,,,,,,,,,,,,,,,,,,,,,,,,,,,,,,,,,,True,,,,,,,,,,,graph_conv_model,deepchem,,,,,,,,,,,,,,,,,,,,,,,,,,,,,,,,,,,,,,,,,,,,basic_standardizer,,,,,,,,,,,False,,,,,,,,,,,,,COMPLETE
82,82,0.9623133654332612,2024-01-29 23:35:26.559167,2024-01-30 00:43:51.026996,0 days 01:08:24.467829,,,,,,,,,,,,,,,,,,,,,,,,,,,,64.0,,,,,,,,,,,,,,,,,,,128.0,,,,,,,0.0,,,,,,,,,109.0,,,,,,,,,,,,,,,,,,"[256, 128, 64]",,,,,,,,,,,,,,,,,,,,,,,,,,,,,,,,,,,,,,,,,,,,,,,,,,,,,,True,,,,,,,,,,,graph_conv_model,deepchem,,,,,,,,,,,,,,,,,,,,,,,,,,,,,,,,,,,,,,,,,,,,basic_standardizer,,,,,,,,,,,False,,,,,,,,,,,,,COMPLETE
83,83,0.9509870744840054,2024-01-30 00:43:51.042044,2024-01-30 02:02:12.113511,0 days 01:18:21.071467,,,,,,,,,,,,,,,,,,,,,,,,,,,,64.0,,,,,,,,,,,,,,,,,,,512.0,,,,,,,0.0,,,,,,,,,125.0,,,,,,,,,,,,,,,,,,"[256, 128, 64]",,,,,,,,,,,,,,,,,,,,,,,,,,,,,,,,,,,,,,,,,,,,,,,,,,,,,,True,,,,,,,,,,,graph_conv_model,deepchem,,,,,,,,,,,,,,,,,,,,,,,,,,,,,,,,,,,,,,,,,,,,basic_standardizer,,,,,,,,,,,False,,,,,,,,,,,,,COMPLETE
84,84,1.0122026086898028,2024-01-30 02:02:12.138564,2024-01-30 03:10:49.104387,0 days 01:08:36.965823,,,,,,,,,,,,,,,,,,,,,,,,,,,,64.0,,,,,,,,,,,,,,,,,,,512.0,,,,,,,0.0,,,,,,,,,123.0,,,,,,,,,,,,,,,,,,"[128, 64]",,,,,,,,,,,,,,,,,,,,,,,,,,,,,,,,,,,,,,,,,,,,,,,,,,,,,,True,,,,,,,,,,,graph_conv_model,deepchem,,,,,,,,,,,,,,,,,,,,,,,,,,,,,,,,,,,,,,,,,,,,basic_standardizer,,,,,,,,,,,False,,,,,,,,,,,,,COMPLETE
85,85,1.0947965584614558,2024-01-30 03:10:49.119128,2024-01-30 04:11:33.148866,0 days 01:00:44.029738,,,,,,,,,,,,,,,,,,,,,,,,,,,,64.0,,,,,,,,,,,,,,,,,,,,,2.0,,,,,,,,,,,,,,103.0,,,,,,,,,,,0.5,1.0,,,,,,,,,,,,,,,,,,,,,,,,,,,,,,,,,,,,,,,,,,,,,,,,,,,,,,,,,,,,,,,,,,,,,,,dmpnn_model,deepchem,,,,,,,,,,,,,,,,,,,,,,,,,,,,,,,,,,,,,,,,,,,,pass_through_standardizer,,,,,,,,,,,,,,,,,,,,,,,,COMPLETE
86,86,inf,2024-01-30 04:11:33.163806,2024-01-30 07:11:33.342954,0 days 03:00:00.179148,,,,,,,,,,,,,,,,,,,,,,,,,,,,64.0,,,,,,,,,,,,,,,,,,,,,,,,,,,,0.5,,,,,,,174.0,,,,,,,,,,,,,,,,,,,,,,,,,,,,,,,,,,,,,,,,,,,,,,,,,,,,,,,,,,,,,,,,,,,,,,,,,,,,,,,,,,,text_cnn_model,deepchem,,,,,,,100.0,,,,,,,,,,,,,,,,,,,,,,,,,,,,,,,,,,,,,basic_standardizer,,,,,,,,,,,,,,,,,,,,,,,,COMPLETE
87,87,0.870506189100029,2024-01-30 07:11:33.362029,2024-01-30 09:07:07.837503,0 days 01:55:34.475474,,,,,,,,,,,,,,,,,,,,,,,,,,,,256.0,,,,,,,,,,,,,,,,,,,,,,,0.5,,,,,,,,,,,,137.0,,,,,,,,,,,,,,,,,,,,300.0,,,,,,,,,,,,,,,,,,,,,,,,,,,,,,,,,,,,,,,,,,,,,,,,,,,,,,,,,,,,,,,attentive_fp_model,deepchem,,,,,,,,,,,,,,,,,,,,,,,,1.0,,,,,,,,,,,,,,,,,,,,basic_standardizer,,,,,,,,True,,,,,,,True,,,,,,,,,COMPLETE
88,88,0.8496505763125418,2024-01-30 09:07:07.853334,2024-01-30 10:33:05.375765,0 days 01:25:57.522431,,,,,,,,,,,,,,,,,,,,,,,,,,,,256.0,,,,,,,,,,,,,,,,,,,,,,,0.5,,,,,,,,,,,,127.0,,,,,,,,,,,,,,,,,,,,300.0,,,,,,,,,,,,,,,,,,,,,,,,,,,,,,,,,,,,,,,,,,,,,,,,,,,,,,,,,,,,,,,attentive_fp_model,deepchem,,,,,,,,,,,,,,,,,,,,,,,,1.0,,,,,,,,,,,,,,,,,,,,pass_through_standardizer,,,,,,,,True,,,,,,,True,,,,,,,,,COMPLETE
89,89,0.8757660331722461,2024-01-30 10:33:05.391000,2024-01-30 12:06:24.484737,0 days 01:33:19.093737,,,,,,,,,,,,,,,,,,,,,,,,,,,,256.0,,,,,,,,,,,,,,,,,,,,,,,0.5,,,,,,,,,,,,140.0,,,,,,,,,,,,,,,,,,,,300.0,,,,,,,,,,,,,,,,,,,,,,,,,,,,,,,,,,,,,,,,,,,,,,,,,,,,,,,,,,,,,,,attentive_fp_model,deepchem,,,,,,,,,,,,,,,,,,,,,,,,1.0,,,,,,,,,,,,,,,,,,,,pass_through_standardizer,,,,,,,,True,,,,,,,True,,,,,,,,,COMPLETE
90,90,inf,2024-01-30 12:06:24.500346,2024-01-30 12:07:54.301051,0 days 00:01:29.800705,,,keras_simple_rnn,,,,,,,,,,,,,,,,,,,,,,,,,,,,,,,,,,,,,,,,,,relu,5.9513242951447776e-05,,256.0,,,,,,,,,,,,,,,,,,,,2D,,,,,,,,,,,,,,,,,,,,,,,,,,,,,,,,,,,,,,,,,,,,,,,,,,,,,,,,,,,,,,,,,,,,,,,,,,,,,,,keras,,,,,,,,,,,,,,,,,,,,,,1.0,,,,,,,,,,,,,0.4980554885180854,,,33.0,,,,,,,,,,,,,,,,,,,,,,,,,,,,,,COMPLETE
91,91,0.8665391852875984,2024-01-30 12:07:54.315288,2024-01-30 13:39:28.417805,0 days 01:31:34.102517,,,,,,,,,,,,,,,,,,,,,,,,,,,,256.0,,,,,,,,,,,,,,,,,,,,,,,0.5,,,,,,,,,,,,136.0,,,,,,,,,,,,,,,,,,,,300.0,,,,,,,,,,,,,,,,,,,,,,,,,,,,,,,,,,,,,,,,,,,,,,,,,,,,,,,,,,,,,,,attentive_fp_model,deepchem,,,,,,,,,,,,,,,,,,,,,,,,1.0,,,,,,,,,,,,,,,,,,,,pass_through_standardizer,,,,,,,,True,,,,,,,True,,,,,,,,,COMPLETE
92,92,0.881806865379037,2024-01-30 13:39:28.432932,2024-01-30 15:30:28.234111,0 days 01:50:59.801179,,,,,,,,,,,,,,,,,,,,,,,,,,,,256.0,,,,,,,,,,,,,,,,,,,,,,,0.5,,,,,,,,,,,,142.0,,,,,,,,,,,,,,,,,,,,300.0,,,,,,,,,,,,,,,,,,,,,,,,,,,,,,,,,,,,,,,,,,,,,,,,,,,,,,,,,,,,,,,attentive_fp_model,deepchem,,,,,,,,,,,,,,,,,,,,,,,,1.0,,,,,,,,,,,,,,,,,,,,pass_through_standardizer,,,,,,,,True,,,,,,,True,,,,,,,,,COMPLETE
93,93,0.8645857159381285,2024-01-30 15:30:28.264854,2024-01-30 17:18:19.404674,0 days 01:47:51.139820,,,,,,,,,,,,,,,,,,,,,,,,,,,,256.0,,,,,,,,,,,,,,,,,,,,,,,0.5,,,,,,,,,,,,138.0,,,,,,,,,,,,,,,,,,,,300.0,,,,,,,,,,,,,,,,,,,,,,,,,,,,,,,,,,,,,,,,,,,,,,,,,,,,,,,,,,,,,,,attentive_fp_model,deepchem,,,,,,,,,,,,,,,,,,,,,,,,1.0,,,,,,,,,,,,,,,,,,,,pass_through_standardizer,,,,,,,,True,,,,,,,True,,,,,,,,,COMPLETE
94,94,0.8612088220276428,2024-01-30 17:18:19.420253,2024-01-30 19:06:00.324123,0 days 01:47:40.903870,,,,,,,,,,,,,,,,,,,,,,,,,,,,256.0,,,,,,,,,,,,,,,,,,,,,,,0.5,,,,,,,,,,,,147.0,,,,,,,,,,,,,,,,,,,,300.0,,,,,,,,,,,,,,,,,,,,,,,,,,,,,,,,,,,,,,,,,,,,,,,,,,,,,,,,,,,,,,,attentive_fp_model,deepchem,,,,,,,,,,,,,,,,,,,,,,,,1.0,,,,,,,,,,,,,,,,,,,,pass_through_standardizer,,,,,,,,True,,,,,,,True,,,,,,,,,COMPLETE
95,95,0.867989555128954,2024-01-30 19:06:00.339995,2024-01-30 21:00:34.422583,0 days 01:54:34.082588,,,,,,,,,,,,,,,,,,,,,,,,,,,,256.0,,,,,,,,,,,,,,,,,,,,,,,0.5,,,,,,,,,,,,160.0,,,,,,,,,,,,,,,,,,,,300.0,,,,,,,,,,,,,,,,,,,,,,,,,,,,,,,,,,,,,,,,,,,,,,,,,,,,,,,,,,,,,,,attentive_fp_model,deepchem,,,,,,,,,,,,,,,,,,,,,,,,1.0,,,,,,,,,,,,,,,,,,,,pass_through_standardizer,,,,,,,,True,,,,,,,True,,,,,,,,,COMPLETE
96,96,0.8716766911658007,2024-01-30 21:00:34.437838,2024-01-30 22:40:19.011319,0 days 01:39:44.573481,,,,,,,,,,,,,,,,,,,,,,,,,,,,256.0,,,,,,,,,,,,,,,,,,,,,,,0.5,,,,,,,,,,,,152.0,,,,,,,,,,,,,,,,,,,,300.0,,,,,,,,,,,,,,,,,,,,,,,,,,,,,,,,,,,,,,,,,,,,,,,,,,,,,,,,,,,,,,,attentive_fp_model,deepchem,,,,,,,,,,,,,,,,,,,,,,,,1.0,,,,,,,,,,,,,,,,,,,,pass_through_standardizer,,,,,,,,True,,,,,,,True,,,,,,,,,COMPLETE
97,97,0.8609220734953335,2024-01-30 22:40:19.029338,2024-01-31 00:21:09.316976,0 days 01:40:50.287638,,,,,,,,,,,,,,,,,,,,,,,,,,,,256.0,,,,,,,,,,,,,,,,,,,,,,,0.5,,,,,,,,,,,,144.0,,,,,,,,,,,,,,,,,,,,300.0,,,,,,,,,,,,,,,,,,,,,,,,,,,,,,,,,,,,,,,,,,,,,,,,,,,,,,,,,,,,,,,attentive_fp_model,deepchem,,,,,,,,,,,,,,,,,,,,,,,,1.0,,,,,,,,,,,,,,,,,,,,pass_through_standardizer,,,,,,,,True,,,,,,,True,,,,,,,,,COMPLETE
98,98,0.8677329331740908,2024-01-31 00:21:09.332332,2024-01-31 01:57:42.124405,0 days 01:36:32.792073,,,,,,,,,,,,,,,,,,,,,,,,,,,,256.0,,,,,,,,,,,,,,,,,,,,,,,0.5,,,,,,,,,,,,145.0,,,,,,,,,,,,,,,,,,,,300.0,,,,,,,,,,,,,,,,,,,,,,,,,,,,,,,,,,,,,,,,,,,,,,,,,,,,,,,,,,,,,,,attentive_fp_model,deepchem,,,,,,,,,,,,,,,,,,,,,,,,1.0,,,,,,,,,,,,,,,,,,,,pass_through_standardizer,,,,,,,,True,,,,,,,True,,,,,,,,,COMPLETE
99,99,0.8712049287486365,2024-01-31 01:57:42.140278,2024-01-31 04:08:04.081469,0 days 02:10:21.941191,,,,,,,,,,,,,,,,,,,,,,,,,,,,256.0,,,,,,,,,,,,,,,,,,,,,,,0.5,,,,,,,,,,,,185.0,,,,,,,,,,,,,,,,,,,,300.0,,,,,,,,,,,,,,,,,,,,,,,,,,,,,,,,,,,,,,,,,,,,,,,,,,,,,,,,,,,,,,,attentive_fp_model,deepchem,,,,,,,,,,,,,,,,,,,,,,,,1.0,,,,,,,,,,,,,,,,,,,,pass_through_standardizer,,,,,,,,True,,,,,,,True,,,,,,,,,COMPLETE
