,number,value,datetime_start,datetime_complete,duration,params_1D_featurizer,params_1d_model,params_2d_model,params_C_linear_svr,params_C_nu_svr,params_C_passive_aggressive_regressor,params_C_svr,params_activation_mlp_regressor,params_algorithm_kneighbors_regressor,params_algorithm_radius_neighbors_regressor,params_alpha_1,params_alpha_2,params_alpha_bayesian_ridge,params_alpha_elastic_net,params_alpha_gamma_regressor,params_alpha_gaussian_process_regressor,params_alpha_huber_regressor,params_alpha_kernel_ridge,params_alpha_lasso,params_alpha_lasso_cv,params_alpha_mlp_regressor,params_alpha_poisson_regressor,params_alpha_quantile_regressor,params_alpha_ridge_cv,params_alpha_ridge_model,params_alpha_sgd_regressor,params_alpha_tweedie_regressor,params_attention_dropout_0,params_attention_dropout_1,params_attention_dropout_2,params_attention_dropout_3,params_attention_key_dim_0,params_attention_key_dim_1,params_attention_key_dim_2,params_attention_key_dim_3,params_base_estimator_bagging_regressor,params_base_estimator_ransac_regressor,params_batch_normalization_0,params_batch_normalization_1,params_batch_normalization_2,params_batch_normalization_3,params_batch_normalization_4,params_batch_size_deepchem,params_batchnorm,params_bootstrap_bagging_regressor,params_bootstrap_extra_trees_regressor,params_bootstrap_features,params_bootstrap_random_forest_regressor,params_conv_activation_0,params_conv_activation_1,params_conv_activation_2,params_conv_batch_norm_0,params_conv_batch_norm_1,params_conv_batch_norm_2,params_conv_dropout_0,params_conv_dropout_1,params_conv_dropout_2,params_criterion_extra_trees_regressor,params_criterion_gradient_boosting_regressor,params_criterion_lasso_lars,params_criterion_random_forest_regressor,params_degree_nu_svr,params_degree_svr,params_dense_activation,params_dense_dropout,params_dense_layer_size,params_dense_units,params_depth_dmpnn,params_dropout,params_dropout_attentive_fp,params_dropout_dag,params_dropout_gcn,params_dropout_graph_conv,params_dropout_pagtn,params_dropout_text_cnn,params_dropouts_dtnn,params_embed_dropout_p,params_embedding_output_dim,params_encoder_dropout_p,params_epochs_deepchem,params_epsilon_huber_regressor,params_epsilon_linear_svr,params_epsilon_sgd_regressor,params_f1,params_f2,params_feature_selector,params_featurizer_type,params_ff_dropout_p,params_filter_0,params_filter_1,params_filter_2,params_fnn_dropout_p,params_fnn_layers,params_fpSize,params_g_noise,params_gamma_kernel_ridge,params_gamma_nu_svr,params_gamma_svr,params_gen_dropout_p,params_gen_n_layers,params_graph_conv_layers_conv_model,params_graph_conv_layers_gcn,params_graph_feat_size_attentive_fp,params_gru_dropout_0,params_gru_dropout_1,params_gru_dropout_2,params_gru_units_0,params_gru_units_1,params_gru_units_2,params_hidden_activation_0,params_hidden_activation_1,params_hidden_activation_2,params_hidden_activation_3,params_hidden_activation_4,params_hidden_dropout_0,params_hidden_dropout_1,params_hidden_dropout_2,params_hidden_dropout_3,params_hidden_dropout_4,params_hidden_layer_sizes_mlp_regressor,params_hidden_layer_units_0,params_hidden_layer_units_1,params_hidden_layer_units_2,params_hidden_layer_units_3,params_hidden_layer_units_4,params_k,params_kernel_nu_svr,params_kernel_ridge,params_kernel_size_0,params_kernel_size_1,params_kernel_size_2,params_kernel_svr,params_l1_0,params_l1_1,params_l1_2,params_l1_3,params_l1_4,params_l1_ratio_elastic_net,params_l1_ratio_sgd_regressor,params_l2_0,params_l2_1,params_l2_2,params_l2_3,params_l2_4,params_lambda_1_ard_regression,params_lambda_1_bayesian_ridge,params_lambda_2_ard_regression,params_lambda_2_bayesian_ridge,params_layer_sizes_dag,params_layer_sizes_gather,params_leaf_size_kneighbors_regressor,params_leaf_size_radius_neighbors_regressor,params_learning_rate_ada_boost_regressor,params_learning_rate_gradient_boosting_regressor,params_learning_rate_hist_gradient_boosting_regressor,params_loss_ada_boost_regressor,params_loss_gradient_boosting_regressor,params_loss_hist_gradient_boosting_regressor,params_lstm_dropout_0,params_lstm_dropout_1,params_lstm_dropout_2,params_lstm_units_0,params_lstm_units_1,params_lstm_units_2,params_master_atom,params_maxLength,params_maxPath,params_max_features_extra_trees_regressor,params_max_features_gradient_boosting_regressor,params_max_features_random_forest_regressor,params_max_length_pagtn,params_max_path,params_minLength,params_minPath,params_min_path,params_min_samples,params_model_steps,params_model_type,params_nBits,params_n_attention_heads,params_n_attention_layers,params_n_bits,params_n_components,params_n_conv_layers,params_n_embedding_dtnn,params_n_embedding_text_cnn,params_n_encoders,params_n_estimators,params_n_estimators_ada_boost_regressor,params_n_estimators_bagging_regressor,params_n_estimators_extra_trees_regressor,params_n_estimators_gradient_boosting_regressor,params_n_estimators_random_forest_regressor,params_n_graph_feat_dag,params_n_gru_layers,params_n_hidden_dtnn,params_n_hidden_layers,params_n_layers,params_n_lstm_layers,params_n_neighbors_kneighbors_regressor,params_n_quantiles,params_n_rnn_layers,params_nu_nu_svr,params_num_heads,params_num_layers_attentive_fp,params_num_layers_pagtn,params_output_distribution,params_p,params_penalty,params_percentile,params_power_tweedie_regressor,params_predictor_dropout_gcn,params_quantile,params_quantile_range,params_radius,params_radius_n_radius_neighbors_regressor,params_regression_model,params_rnn_dropouts_0,params_rnn_dropouts_1,params_rnn_dropouts_2,params_rnn_units_0,params_rnn_units_1,params_rnn_units_2,params_sa_dropout_p,params_scale,params_scaler,params_standardization_type,params_standardizer,params_stride_0,params_stride_1,params_stride_2,params_support_weak,params_threshold,params_threshold_lambda,params_use_chirality_attentive_fp,params_use_chirality_gat,params_use_chirality_gcn,params_use_chirality_graph_conv,params_use_edges_gat,params_use_edges_gcn,params_use_partial_charge_attentive_fp,params_use_partial_charge_gat,params_use_partial_charge_gcn,params_weight_gbr,params_weight_lr,params_weight_mlp,params_weight_rfr,params_weight_svr,params_weights_kneighbors_regressor,params_weights_radius_neighbors_regressor,params_with_centering,params_with_scaling,state
0,0,0.6400243958105283,2024-02-06 08:44:08.188488,2024-02-06 08:45:31.497416,0 days 00:01:23.308928,maccs,,,,,,,,,,,,,,,,,,,,,,,,,,,,,,,,,,,,,,,,,,,,,,,,,,,,,,,,,,,bic,,,,,,,,,,,,,,,,,,,,,,,,,,percentil_fs,,,,,,,,,,,,,,,,,,,,,,,,,,,,,,,,,,,,,,,,,,,,,,,,,,,,,,,,,,,,,,,,,,,,,,,,,,,,,,,,,,,,,,,,,,,,sklearn,,,,,,,,,,,,,,,,,,,,,,,,,,,,,,,,1.0,,,,,,,lasso_lars_ic_model,,,,,,,,,,,basic_standardizer,,,,,,,,,,,,,,,,,,,,,,,,,COMPLETE
1,1,inf,2024-02-06 08:45:31.524551,2024-02-06 08:45:34.197139,0 days 00:00:02.672588,,,keras_simple_rnn,,,,,,,,,,,,,,,,,,,,,,,,,,,,,,,,,,,,,,,,,,,,,,,,,,,,,,,,,,,,,tanh,0.003104258293564699,,160.0,,,,,,,,,,,,,,,,,,,,2D,,,,,,,,,,,,,,,,,,,,,,,,,,,,,,,,,,,,,,,,,,,,,,,,,,,,,,,,,,,,,,,,,,,,,,,,,,,,,,,,,,,,,,,,,,,keras,,,,,,,,,,,,,,,,,,,,,,,,3.0,,,,,,,,,,,,,,,,0.11460928273030896,0.4499825974183377,0.2083767689013466,164.0,138.0,56.0,,,,,,,,,,,,,,,,,,,,,,,,,,,,,,COMPLETE
2,2,0.5151206940877715,2024-02-06 08:45:34.210053,2024-02-06 08:56:52.173854,0 days 00:11:17.963801,layered,,,,,,,,,,,,,,,,,,,,,,,,,,,,,,,,,,,,,,,,,,,,,,,,,,,,,,,,,,,,,,,,,,,,,,,,,,,,,,,,,,,,,percentil_fs,,,,,,,,2048.0,,,,,,,,,,,,,,,,,,,,,,,,,,,,,,,,,,,,,,,,,,,,,,,,,,,,,,,,,,,,,,,,,,,,,,,,,7.0,,,,,,,3.0,,,,sklearn,,,,,,,,,,,,,,,,,,,,,,,,,,,,,,,,71.0,,,,,,,voting_regressor_model,,,,,,,,,,heavy_standardisation,custom_standardizer,,,,,,,,,,,,,,,,0.5568946791368349,0.00934857450024451,0.08477384339419014,0.9772414309225871,0.9006486211550919,,,,,COMPLETE
3,3,inf,2024-02-06 08:56:52.190462,2024-02-06 08:56:55.870177,0 days 00:00:03.679715,,,keras_rnn,,,,,,,,,,,,,,,,,,,,,,,,,,,,,,,,,,,,,,,,,,,,,,,,,,,,,,,,,,,,,relu,0.16154734648312474,,96.0,,,,,,,,,,,,,,,,,,,,2D,,,,,,,,,,,,,,,,,0.44527859396442865,0.48663239555933446,0.29670566478448485,213.0,147.0,124.0,,,,,,,,,,,,,,,,,,,,,,,,,,,,,,,,,,,,,,,,,,,,,,,,,,0.4760977049077387,0.44498164357100256,,64.0,184.0,,,,,,,,,,,,,,,keras,,,,,,,,,,,,,,,,,3.0,,,,2.0,,,,,,,,,,,,,,,,,,,,,,,,,,,,,,,,,,,,,,,,,,,,,,,,,,,,,,COMPLETE
4,4,inf,2024-02-06 08:56:55.883653,2024-02-06 11:56:55.989354,0 days 03:00:00.105701,,,,,,,,,,,,,,,,,,,,,,,,,,,,,,,,,,,,,,,,,,,8.0,,,,,,,,,,,,,,,,,,,,,,,,,4.0,,,,,,,,,,,,410.0,,,,,,,,,,,,0.5,3.0,,,,,,,,,,,,,,,,,,,,,,,,,,,,,,,,,,,,,,,,,,,,,,,,,,,,,,,,,,,,,,,,,,,,,,,,,,,,,,,,,,,,dmpnn_model,deepchem,,,,,,,,,,,,,,,,,,,,,,,,,,,,,,,,,,,,,,,,,,,,,,,,,,basic_standardizer,,,,,,,,,,,,,,,,,,,,,,,,,COMPLETE
5,5,0.6142281458994943,2024-02-06 11:56:56.064184,2024-02-06 11:59:17.223208,0 days 00:02:21.159024,atom_pair,,,,,,,,,,,,,,,,,,,,,,,,,,,,,,,,,,,,,,,,,,,,,,,,,,,,,,,,,,,aic,,,,,,,,,,,,,,,,,,,,,,,,,,percentil_fs,,,,,,,,,,,,,,,,,,,,,,,,,,,,,,,,,,,,,,,,,,,,,,,,,,,,,,,,,,,,,,,,,,,,,,,,,,,,,,,,50.0,,,,,,,2.0,,,,,sklearn,1024.0,,,,,,,,,,,,,,,,,,,,,,,,,,,,,,,36.0,,,,,,,lasso_lars_ic_model,,,,,,,,,,simple_standardisation,custom_standardizer,,,,,,,,,,,,,,,,,,,,,,,,,COMPLETE
6,6,inf,2024-02-06 11:59:17.246365,2024-02-06 14:59:19.571541,0 days 03:00:02.325176,,,,,,,,,,,,,,,,,,,,,,,,,,,,,,,,,,,,,,,,,,,512.0,,,,,,,,,,,,,,,,,,,,,,,,,,,,0.0,,,,,,,,,749.0,,,,,,,,,,,,,,,,,,,,,,,,,,,,,,,,,,,,,,,,,,,,,,,,,,,,,,,,,,,,,,,,,,,,,[50],[500],,,,,,,,,,,,,,,,,,,,,,,,,,,dag_model,deepchem,,,,,,,,,,,,,,,,30.0,,,,,,,,,,,,,,,,,,,,,,,,,,,,,,,,,,basic_standardizer,,,,,,,,,,,,,,,,,,,,,,,,,COMPLETE
7,7,inf,2024-02-06 14:59:19.592432,2024-02-06 17:59:19.731339,0 days 03:00:00.138907,,,,,,,,,,,,,,,,,,,,,,,,,,,,,,,,,,,,,,,,,,,16.0,,,,,,,,,,,,,,,,,,,,,,,,,,,0.5,,,,,,,,,,146.0,,,,,,,,,,,,,,,,,,,,,,,100.0,,,,,,,,,,,,,,,,,,,,,,,,,,,,,,,,,,,,,,,,,,,,,,,,,,,,,,,,,,,,,,,,,,,,,,,,,,attentive_fp_model,deepchem,,,,,,,,,,,,,,,,,,,,,,,,,,,2.0,,,,,,,,,,,,,,,,,,,,,,heavy_standardisation,custom_standardizer,,,,,,,True,,,,,,False,,,,,,,,,,,,COMPLETE
8,8,inf,2024-02-06 17:59:19.796874,2024-02-06 17:59:52.874500,0 days 00:00:33.077626,,,keras_rnn,,,,,,,,,,,,,,,,,,,,,,,,,,,,,,,,,,,,,,,,,,,,,,,,,,,,,,,,,,,,,tanh,0.39123227538269834,,240.0,,,,,,,,,,,,,,,,,,,,2D,,,,,,,,,,,,,,,,,0.3364141063140746,0.04373580703086183,,24.0,225.0,,,,,,,,,,,,,,,,,,,,,,,,,,,,,,,,,,,,,,,,,,,,,,,,,,,0.20648133488156606,,,166.0,,,,,,,,,,,,,,,,keras,,,,,,,,,,,,,,,,,2.0,,,,1.0,,,,,,,,,,,,,,,,,,,,,,,,,,,,,,,,,,,,,,,,,,,,,,,,,,,,,,COMPLETE
9,9,inf,2024-02-06 17:59:52.893602,2024-02-06 17:59:53.104514,0 days 00:00:00.210912,2d_descriptors,keras_1d_cnn,,,,,,,,,,,,,,,,,,,,,,,,,,,,,,,,,,,,,,,,,,,,,,,tanh,relu,tanh,False,False,False,0.7509139644106774,0.5960356376863021,0.7285880342778484,,,,,,,tanh,,,192.0,,0.295958812781099,,,,,,,,,,,,,,,,,,1D,,24.0,4.0,12.0,,,,0.03737383647909277,,,,,,,,,,,,,,,,,,,,,,,,,,,,,,,,,,44.0,61.0,32.0,,,,,,,,,,,,,,,,,,,,,,,,,,,,,,,,,,,,,,,,,,,,,,,keras,,,,,,3.0,,,,,,,,,,,,,,,,,462.0,,,,,,uniform,,,,,,,,,,,,,,,,,,,quantile_transformer,,,1.0,2.0,2.0,,,,,,,,,,,,,,,,,,,,,,COMPLETE
10,10,0.518091591012906,2024-02-06 17:59:53.118285,2024-02-06 18:41:23.076065,0 days 00:41:29.957780,layered,,,,,,,,,,,,,,,,,,,,,,,,,,,,,,,,,,,,,,,,,,,,,,,,,,,,,,,,,,,,,,,,,,,,,,,,,,,,,,,,,,,,,boruta_algorithm,,,,,,,,2048.0,,,,,,,,,,,,,,,,,,,,,,,,,,,,,,,,,,,,,,,,,,,,,,,,,,,,,,,,,,,,,,,,,,,,,,,,,7.0,,,,,,,3.0,,,,sklearn,,,,,,,,,,,,,,,,,,,,,,,,,,,,,,,,,,,,,,,voting_regressor_model,,,,,,,,,,,pass_through_standardizer,,,,True,,,,,,,,,,,,0.6139760807918656,0.025664144175482795,0.003699821882650195,0.9647842065153868,0.9770912412078733,,,,,COMPLETE
11,11,0.5168993015577615,2024-02-06 18:41:23.129669,2024-02-06 19:22:54.972936,0 days 00:41:31.843267,layered,,,,,,,,,,,,,,,,,,,,,,,,,,,,,,,,,,,,,,,,,,,,,,,,,,,,,,,,,,,,,,,,,,,,,,,,,,,,,,,,,,,,,boruta_algorithm,,,,,,,,2048.0,,,,,,,,,,,,,,,,,,,,,,,,,,,,,,,,,,,,,,,,,,,,,,,,,,,,,,,,,,,,,,,,,,,,,,,,,7.0,,,,,,,3.0,,,,sklearn,,,,,,,,,,,,,,,,,,,,,,,,,,,,,,,,,,,,,,,voting_regressor_model,,,,,,,,,,,pass_through_standardizer,,,,True,,,,,,,,,,,,0.5886485651575027,0.008457094480016083,0.017062182014147893,0.9435707299415784,0.9244335636639402,,,,,COMPLETE
12,12,0.696787555897252,2024-02-06 19:22:54.989029,2024-02-06 19:31:47.684005,0 days 00:08:52.694976,layered,,,,,,,,,brute,,,,,,,,,,,,,,,,,,,,,,,,,,,,,,,,,,,,,,,,,,,,,,,,,,,,,,,,,,,,,,,,,,,,,,,,,,,,low_variance_fs,,,,,,,,2048.0,,,,,,,,,,,,,,,,,,,,,,,,,,,,,,,,,,,,,,,,,,,,,,,,,,,,,,,,,,9.0,,,,,,,,,,,,,,,7.0,,,,,,,3.0,,,,sklearn,,,,,,,,,,,,,,,,,,,,,,,,,,,,,,10.0,,,,,,,,7.601621842919439,radius_neighbors_regressor_model,,,,,,,,,,,pass_through_standardizer,,,,,0.1324294039679763,,,,,,,,,,,,,,,,,distance,,,COMPLETE
13,13,0.6689399903657032,2024-02-06 19:31:47.740664,2024-02-06 20:43:32.756541,0 days 01:11:45.015877,mol2vec,,,,,,,,,,,,,,,,,,,,,,,,,,,,,,,,,,,,,,,,,,,,,,,,,,,,,,,,,,,,,,,,,,,,,,,,,,,,,,,,,,,,,select_from_model_fs,,,,,,,,,,,,,,,,,,,,,,,,,,,,,,,,,,,,,,,,,,,,,,,,,,,,,,,,,,,,,,,,,,,,,,,,,,,,,,,,,,,,,,,,,,,,sklearn,,,,,,,,,,788.0,,,,,,,,,,,,,,,,,,,,,,,,,,,,,voting_regressor_model,,,,,,,,,,,chembl_standardizer,,,,,,,,,,,,,,,,0.5529079664243707,0.024551800284046542,0.029910331860655545,0.996748761177698,0.8547798967148502,,,,,COMPLETE
14,14,0.641083265975771,2024-02-06 20:43:32.812537,2024-02-06 21:00:39.708795,0 days 00:17:06.896258,morgan,,,,,,,,,,,,,,,,,0.037248083991099024,,,,,,,,,,,,,,,,,,,,,,,,,,,,,,,,,,,,,,,,,,,,,,,,,,,,,,,,,,,,,,,,,,,,k_best,,,,,,,,,,0.922182787043883,,,,,,,,,,,,,,,,,,,,,,,,,,,,,,15.0,,rbf,,,,,,,,,,,,,,,,,,,,,,,,,,,,,,,,,,,,,,,,,,,,,,,,,,sklearn,,,,2048.0,,,,,,,,,,,,,,,,,,,,,,,,,,,,,,,,,4.0,,kernel_ridge_regressor_model,,,,,,,,,,heavy_standardisation,custom_standardizer,,,,,,,,,,,,,,,,,,,,,,,,,COMPLETE
15,15,0.6994044792567867,2024-02-06 21:00:39.724069,2024-02-06 21:09:16.184379,0 days 00:08:36.460310,mixed,,,,,,,,,,,,,,,,,,2.2368823857981894,,,,,,,,,,,,,,,,,,,,,,,,,,,,,,,,,,,,,,,,,,,,,,,,,,,,,,,,,,,,,,,,,rdk,morgan,pass_through_transformer,,,,,,,,,,,,,,,,,,,,,,,,,,,,,,,,,,,,,,,,,,,,,,,,,,,,,,,,,,,,,,,,,,,,,,,,,,,,,,,,,,,,,,,,,,,,sklearn,,,,,,,,,,,,,,,,,,,,,,,,,,,,,,,,,,,,,,,lasso_model,,,,,,,,,,,pass_through_standardizer,,,,,,,,,,,,,,,,,,,,,,,,,COMPLETE
16,16,0.7663839713671476,2024-02-06 21:09:16.240458,2024-02-06 21:47:21.607079,0 days 00:38:05.366621,rdk,,,,,,,,,,,,,,,,,,,,,,,,,,,,,,,,,,,,ridge,,,,,,,,,,,,,,,,,,,,,,,,,,,,,,,,,,,,,,,,,,,,,,,,,boruta_algorithm,,,,,,,,1024.0,,,,,,,,,,,,,,,,,,,,,,,,,,,,,,,,,,,,,,,,,,,,,,,,,,,,,,,,,,,,,,,,,,,,,,,,,,,,,,8.0,,,2.0,0.6235387450892372,,sklearn,,,,,,,,,,,,,,,,,,,,,,,,,,,,,,,,,,,,,,,ransac_regressor_model,,,,,,,,,,,chembl_standardizer,,,,False,,,,,,,,,,,,,,,,,,,,,COMPLETE
17,17,0.6994044792567867,2024-02-06 21:47:21.688069,2024-02-06 22:23:48.074213,0 days 00:36:26.386144,layered,,,,,,,,,,6.992292362837743e-05,4.79415015145005e-06,,,,,,,,,,,,,,,,,,,,,,,,,,,,,,,,,,,,,,,,,,,,,,,,,,,,,,,,,,,,,,,,,,,,,,,,,,boruta_algorithm,,,,,,,,2048.0,,,,,,,,,,,,,,,,,,,,,,,,,,,,,,,,,,,,,,,,,,,,,,,,,,,0.0005514008707181581,,0.05974628509696456,,,,,,,,,,,,,,,,,,,,7.0,,,,,,,2.0,,,,sklearn,,,,,,,,,,,,,,,,,,,,,,,,,,,,,,,,,,,,,,,ard_regression_model,,,,,,,,,,heavy_standardisation,custom_standardizer,,,,True,,1.5962074069516869e-06,,,,,,,,,,,,,,,,,,,COMPLETE
18,18,0.6859124125696783,2024-02-06 22:23:48.130307,2024-02-06 22:33:09.414725,0 days 00:09:21.284418,layered,,,,,,,,,,,,,,,,,,,,,,,,,,,,,,,,,,,,,,,,,,,,,,,,,,,,,,,,,,squared_error,,,,,,,,,,,,,,,,,,,,,,,,,,,percentil_fs,,,,,,,,2048.0,,,,,,,,,,,,,,,,,,,,,,,,,,,,,,,,,,,,,,,,,,,,,,,,,,,,,,,,,,,,0.9705339317569247,,,huber,,,,,,,,,,10.0,,sqrt,,,,,3.0,,,,sklearn,,,,,,,,,,,,,,100.0,,,,,,,,,,,,,,,,,,96.0,,,,,,,gradient_boosting_regressor_model,,,,,,,,,,,pass_through_standardizer,,,,,,,,,,,,,,,,,,,,,,,,,COMPLETE
19,19,inf,2024-02-06 22:33:09.481304,2024-02-07 01:33:12.471130,0 days 03:00:02.989826,,,,,,,,,,,,,,,,,,,,,,,,,,,,,,,,,,,,,,,,,,,128.0,,,,,,,,,,,,,,,,,,,,,,,,,,,,,,,,,0.0,,,,995.0,,,,,,,,,,,,,,,,,,,,,,,,,,,,,,,,,,,,,,,,,,,,,,,,,,,,,,,,,,,,,,,,,,,,,,,,,,,,,,,,,,,,,,,,,,,,,,,,,dtnn_model,deepchem,,,,,,,50.0,,,,,,,,,,,200.0,,,,,,,,,,,,,,,,,,,,,,,,,,,,,,,simple_standardisation,custom_standardizer,,,,,,,,,,,,,,,,,,,,,,,,,COMPLETE
20,20,1.1024753256550044,2024-02-07 01:33:12.534157,2024-02-07 01:58:06.526740,0 days 00:24:53.992583,layered,,,,,,,,,,,,,,,,,,,,,,,,,,,,,,,,,,,lr,,,,,,,,,True,,False,,,,,,,,,,,,,,,,,,,,,,,,,,,,,,,,,,,,,,,pass_through_transformer,,,,,,,,1024.0,,,,,,,,,,,,,,,,,,,,,,,,,,,,,,,,,,,,,,,,,,,,,,,,,,,,,,,,,,,,,,,,,,,,,,,,,5.0,,,,,,,3.0,,,,sklearn,,,,,,,,,,,,350.0,,,,,,,,,,,,,,,,,,,,,,,,,,,bagging_regressor_model,,,,,,,,,,,pass_through_standardizer,,,,,,,,,,,,,,,,,,,,,,,,,COMPLETE
21,21,0.5171876407303255,2024-02-07 01:58:06.582760,2024-02-07 02:39:48.449992,0 days 00:41:41.867232,layered,,,,,,,,,,,,,,,,,,,,,,,,,,,,,,,,,,,,,,,,,,,,,,,,,,,,,,,,,,,,,,,,,,,,,,,,,,,,,,,,,,,,,boruta_algorithm,,,,,,,,2048.0,,,,,,,,,,,,,,,,,,,,,,,,,,,,,,,,,,,,,,,,,,,,,,,,,,,,,,,,,,,,,,,,,,,,,,,,,7.0,,,,,,,3.0,,,,sklearn,,,,,,,,,,,,,,,,,,,,,,,,,,,,,,,,,,,,,,,voting_regressor_model,,,,,,,,,,,pass_through_standardizer,,,,True,,,,,,,,,,,,0.6022752807338416,0.03725350239114568,0.04639053281519411,0.984717970924446,0.9711671442377553,,,,,COMPLETE
22,22,0.514784200195329,2024-02-07 02:39:48.463522,2024-02-07 03:27:20.497123,0 days 00:47:32.033601,layered,,,,,,,,,,,,,,,,,,,,,,,,,,,,,,,,,,,,,,,,,,,,,,,,,,,,,,,,,,,,,,,,,,,,,,,,,,,,,,,,,,,,,boruta_algorithm,,,,,,,,2048.0,,,,,,,,,,,,,,,,,,,,,,,,,,,,,,,,,,,,,,,,,,,,,,,,,,,,,,,,,,,,,,,,,,,,,,,,,8.0,,,,,,,1.0,,,,sklearn,,,,,,,,,,,,,,,,,,,,,,,,,,,,,,,,,,,,,,,voting_regressor_model,,,,,,,,,,,pass_through_standardizer,,,,True,,,,,,,,,,,,0.5771088358456606,0.007335041845285663,0.050704503870846754,0.9658176716016537,0.9564833566286711,,,,,COMPLETE
23,23,0.6085505389450482,2024-02-07 03:27:20.511878,2024-02-07 03:57:58.864908,0 days 00:30:38.353030,layered,,,,,,,,,,,,,,,,,,,,,,,,,0.396452670724858,,,,,,,,,,,,,,,,,,,,,,,,,,,,,,,,,,,,,,,,,,,,,,,,,,,,,,,,,0.8223199829654738,,,boruta_algorithm,,,,,,,,2048.0,,,,,,,,,,,,,,,,,,,,,,,,,,,,,,,,,,,,,,,,,,,,,0.8077683578927182,,,,,,,,,,,,,,,,,,,,,,,,,,,,9.0,,,,,,,1.0,,,,sklearn,,,,,,,,,,,,,,,,,,,,,,,,,,,,,,,l2,,,,,,,,sgd_regressor_model,,,,,,,,,,,pass_through_standardizer,,,,True,,,,,,,,,,,,,,,,,,,,,COMPLETE
24,24,inf,2024-02-07 03:57:58.880607,2024-02-07 03:58:34.147349,0 days 00:00:35.266742,2d_descriptors,,,,,,,,,,,,,,,,,,,,,,,,,,0.9911749062482555,,,,,,,,,,,,,,,,,,,,,,,,,,,,,,,,,,,,,,,,,,,,,,,,,,,,,,,,,,,low_variance_fs,,,,,,,,,,,,,,,,,,,,,,,,,,,,,,,,,,,,,,,,,,,,,,,,,,,,,,,,,,,,,,,,,,,,,,,,,,,,,,,,,,,,,,,,,,,,sklearn,,,,,,,,,,,,,,,,,,,,,,,,,,,,,,,,,0.5499519439518537,,,,,,tweedie_regressor_model,,,,,,,,,min_max_scaler,,pass_through_standardizer,,,,,0.0027948526029235587,,,,,,,,,,,,,,,,,,,,COMPLETE
25,25,0.6767753123284157,2024-02-07 03:58:34.167805,2024-02-07 04:24:08.320918,0 days 00:25:34.153113,mol2vec,,,,,,,,,,,,,,,,,,,,,,,4.674130199490923,,,,,,,,,,,,,,,,,,,,,,,,,,,,,,,,,,,,,,,,,,,,,,,,,,,,,,,,,,,,,,select_from_model_fs,,,,,,,,,,,,,,,,,,,,,,,,,,,,,,,,,,,,,,,,,,,,,,,,,,,,,,,,,,,,,,,,,,,,,,,,,,,,,,,,,,,,,,,,,,,,sklearn,,,,,,,,,,40.0,,,,,,,,,,,,,,,,,,,,,,,,,,,,,ridge_cv_model,,,,,,,,,,,chembl_standardizer,,,,,,,,,,,,,,,,,,,,,,,,,COMPLETE
26,26,0.6374408722297081,2024-02-07 04:24:08.378088,2024-02-07 04:42:56.887933,0 days 00:18:48.509845,atom_pair,,,,,,,,,,,,,,,,,,,,,,,,,,,,,,,,,,,,,,,,,,,,,,,,,,,,,,,,,,,,,,,,,,,,,,,,,,,,,,,,,,,,,k_best,,,,,,,,,,,,,,,,,,,,,,,,,,,,,,,,,,,,,,,,3.0,,,,,,,,,,,,,,,,,,,,,,,,,,,,,,,,,,,,,,,,20.0,,,,,,,1.0,,,,,sklearn,2048.0,,,,,,,,,,,,,,,,,,,,,,,,,,,,,,,,,,,,,,lasso_lars_cv_model,,,,,,,,,,heavy_standardisation,custom_standardizer,,,,,,,,,,,,,,,,,,,,,,,,,COMPLETE
27,27,0.5206405929517964,2024-02-07 04:42:56.903842,2024-02-07 05:03:51.387530,0 days 00:20:54.483688,mixed,,,,,,,,,,,,,,,,,,,,,,,,,,,,,,,,,,,,,,,,,,,,,,,True,,,,,,,,,,,,,absolute_error,,,,,,,,,,,,,,,,,,,,,,,maccs,2d_descriptors,percentil_fs,,,,,,,,,,,,,,,,,,,,,,,,,,,,,,,,,,,,,,,,,,,,,,,,,,,,,,,,,,,,,,,,,,,,,,,,,,,,,,,,,,,,log2,,,,,,,,sklearn,,,,,,,,,,,,,,,700.0,,,,,,,,,,,,,,,,,85.0,,,,,,,random_forest_regressor_model,,,,,,,,,,,pass_through_standardizer,,,,,,,,,,,,,,,,,,,,,,,,,COMPLETE
28,28,inf,2024-02-07 05:03:51.406866,2024-02-07 05:03:51.580606,0 days 00:00:00.173740,morgan,keras_tabular_transformer,,,,,,,,,,,,,,,,,,,,,,,,,,0.20791830731432245,0.23938045615529518,0.3852967574435107,0.025145351537255334,16.0,16.0,8.0,16.0,,,,,,,,,,,,,,,,,,,,,,,,,,,,,relu,0.4869881272072079,,8.0,,,,,,,,,,,8.0,,,,,,,,,1D,,,,,,,,,,,,,,,,,,,,,,,,,,,,,,,,,,,,,,,,,,,,,,,,,,,,,,,,,,,,,,,,,,,,,,,,,,,,,,,,,,,,,,,,,,,keras,,8.0,4.0,1024.0,,,,,,,,,,,,,,,,,,,,,,,,,,,,,,,,,6.0,,,,,,,,,,,,,,,,,,,,,,,,,,,,,,,,,,,,,,COMPLETE
29,29,0.5407416900073289,2024-02-07 05:03:51.594069,2024-02-07 06:07:13.342909,0 days 01:03:21.748840,,,,,,,,,,,,,,,,,,,,,,,,,,,,,,,,,,,,,,,,,,,32.0,,,,,,,,,,,,,,,,,,,,,,,,,,,,,,,,0.5,,,,,105.0,,,,,,,,,,,,,,,,,,,,,,,,,,,,,,,,,,,,,,,,,,,,,,,,,,,,,,,,,,,,,,,,,,,,,,,,,,,,,,,,,,,,,,,,,,,,,,,,,text_cnn_model,deepchem,,,,,,,,100.0,,,,,,,,,,,,,,,,,,,,,,,,,,,,,,,,,,,,,,,,,,pass_through_standardizer,,,,,,,,,,,,,,,,,,,,,,,,,COMPLETE
30,30,0.499853112366947,2024-02-07 06:07:13.363509,2024-02-07 06:48:42.481556,0 days 00:41:29.118047,rdk,,,,,,,,,,,,,,,,,,,,,,,,,,,,,,,,,,,,,,,,,,,,,,,,,,,,,,,,,,,,,,,,,,,,,,,,,,,,,,,,,,,,,boruta_algorithm,,,,,,,,2048.0,,,,,,,,,,,,,,,,,,,,,,,,,,,,,,,,,,,,,,,,,,,,,,,,,,,,,,,,,,,,,,,,,,,,,,,,,,,,,,5.0,,,1.0,,,sklearn,,,,,,,,,,,,,,,,,,,,,,,,,,,,,,,,,,,,,,,voting_regressor_model,,,,,,,,,,heavy_standardisation,custom_standardizer,,,,True,,,,,,,,,,,,0.35013683184080724,0.007773927719076582,0.3113027350274322,0.6459583512950904,0.5878736805996798,,,,,COMPLETE
31,31,0.502600552120704,2024-02-07 06:48:42.498100,2024-02-07 07:30:11.863544,0 days 00:41:29.365444,rdk,,,,,,,,,,,,,,,,,,,,,,,,,,,,,,,,,,,,,,,,,,,,,,,,,,,,,,,,,,,,,,,,,,,,,,,,,,,,,,,,,,,,,boruta_algorithm,,,,,,,,2048.0,,,,,,,,,,,,,,,,,,,,,,,,,,,,,,,,,,,,,,,,,,,,,,,,,,,,,,,,,,,,,,,,,,,,,,,,,,,,,,5.0,,,1.0,,,sklearn,,,,,,,,,,,,,,,,,,,,,,,,,,,,,,,,,,,,,,,voting_regressor_model,,,,,,,,,,heavy_standardisation,custom_standardizer,,,,True,,,,,,,,,,,,0.3178737575676489,0.003757578934512844,0.17982450513265313,0.5645576613289219,0.4545064066658765,,,,,COMPLETE
32,32,0.5009202825505586,2024-02-07 07:30:11.879970,2024-02-07 08:12:58.529345,0 days 00:42:46.649375,rdk,,,,,,,,,,,,,,,,,,,,,,,,,,,,,,,,,,,,,,,,,,,,,,,,,,,,,,,,,,,,,,,,,,,,,,,,,,,,,,,,,,,,,boruta_algorithm,,,,,,,,2048.0,,,,,,,,,,,,,,,,,,,,,,,,,,,,,,,,,,,,,,,,,,,,,,,,,,,,,,,,,,,,,,,,,,,,,,,,,,,,,,5.0,,,1.0,,,sklearn,,,,,,,,,,,,,,,,,,,,,,,,,,,,,,,,,,,,,,,voting_regressor_model,,,,,,,,,,heavy_standardisation,custom_standardizer,,,,True,,,,,,,,,,,,0.28008757240804033,0.004658470967835539,0.33568412220750116,0.5253182400838716,0.42099607087435664,,,,,COMPLETE
33,33,inf,2024-02-07 08:12:58.546036,2024-02-07 08:17:43.504154,0 days 00:04:44.958118,rdk,,,,,,,,,,,,,,,,,,,,,,,,,,,,,,,,,,,,,,,,,,,,,True,,,,,,,,,,,,poisson,,,,,,,,,,,,,,,,,,,,,,,,,,,,boruta_algorithm,,,,,,,,2048.0,,,,,,,,,,,,,,,,,,,,,,,,,,,,,,,,,,,,,,,,,,,,,,,,,,,,,,,,,,,,,,,,,,,,,,,,,,auto,,,,5.0,,,1.0,,,sklearn,,,,,,,,,,,,,700.0,,,,,,,,,,,,,,,,,,,,,,,,,,extra_trees_regressor_model,,,,,,,,,,heavy_standardisation,custom_standardizer,,,,True,,,,,,,,,,,,,,,,,,,,,COMPLETE
34,34,0.6994044792567867,2024-02-07 08:17:43.528356,2024-02-07 08:46:03.937486,0 days 00:28:20.409130,rdk,,,,,,,,,,,,,,,,,,,1.072170888653305,,,,,,,,,,,,,,,,,,,,,,,,,,,,,,,,,,,,,,,,,,,,,,,,,,,,,,,,,,,,,,,,,,boruta_algorithm,,,,,,,,2048.0,,,,,,,,,,,,,,,,,,,,,,,,,,,,,,,,,,,,,,,,,,,,,,,,,,,,,,,,,,,,,,,,,,,,,,,,,,,,,,5.0,,,1.0,,,sklearn,,,,,,,,,,,,,,,,,,,,,,,,,,,,,,,,,,,,,,,lasso_cv_model,,,,,,,,,,heavy_standardisation,custom_standardizer,,,,True,,,,,,,,,,,,,,,,,,,,,COMPLETE
35,35,inf,2024-02-07 08:46:03.953031,2024-02-07 08:46:04.256366,0 days 00:00:00.303335,rdk,keras_dense,,,,,,,,,,,,,,,,,,,,,,,,,,,,,,,,,,,,True,True,False,False,True,,,,,,,,,,,,,,,,,,,,,,,,,,,,,,,,,,,,,,,,,,,,,1D,,,,,,,2048.0,,,,,,,,,,,,,,,,tanh,relu,relu,tanh,tanh,0.13600774010921823,0.38490322381213743,0.2270015074646656,0.29141424286646855,0.34364229447340805,,44.0,9.0,31.0,15.0,40.0,,,,,,,,9.078144965673012e-06,0.0011911639749599308,1.561425741462698e-05,0.0011991391002082225,5.113616673118136e-05,,,0.00044315225430183733,0.0006528739350571649,6.382301143304633e-06,4.029161179379038e-05,2.266834155905261e-06,,,,,,,,,,,,,,,,,,,,,,,,,,,,5.0,,,1.0,,,keras,,,,,,,,,,,,,,,,,,,5.0,,,,,,,,,,,,,,,,,,,,,,,,,,,,,,,,,,,,,,,,,,,,,,,,,,,,,,,,COMPLETE
36,36,0.570949727270332,2024-02-07 08:46:04.268684,2024-02-07 09:17:15.467134,0 days 00:31:11.198450,rdk,,,,,,,,ball_tree,,,,,,,,,,,,,,,,,,,,,,,,,,,,,,,,,,,,,,,,,,,,,,,,,,,,,,,,,,,,,,,,,,,,,,,,,,,,,boruta_algorithm,,,,,,,,1024.0,,,,,,,,,,,,,,,,,,,,,,,,,,,,,,,,,,,,,,,,,,,,,,,,,,,,,,,,,4.0,,,,,,,,,,,,,,,,,,,,,6.0,,,1.0,,,sklearn,,,,,,,,,,,,,,,,,,,,,,10.0,,,,,,,,2.0,,,,,,,,,kneighbors_regressor_model,,,,,,,,,,heavy_standardisation,custom_standardizer,,,,True,,,,,,,,,,,,,,,,,uniform,,,,COMPLETE
37,37,0.6499281919731517,2024-02-07 09:17:15.483799,2024-02-07 09:56:15.557825,0 days 00:39:00.074026,rdk,,,,,,,,,,,,,,,,,,,,,,,,,,,,,,,,,,,,,,,,,,,,,,,,,,,,,,,,,,,,,,,,,,,,,,,,,,,,,,,,,,,,,boruta_algorithm,,,,,,,,2048.0,,,,,,,,,,,,,,,,,,,,,,,,,,,,,,,,,,,,,,,,,,,,,,,,,,,,,,,,,,,0.03055769171338063,,,linear,,,,,,,,,,,,,,,,10.0,,,2.0,,,sklearn,,,,,,,,,,,200.0,,,,,,,,,,,,,,,,,,,,,,,,,,,,ada_boost_regressor_model,,,,,,,,,,,basic_standardizer,,,,False,,,,,,,,,,,,,,,,,,,,,COMPLETE
38,38,inf,2024-02-07 09:56:15.572454,2024-02-07 12:56:15.745928,0 days 03:00:00.173474,,,,,,,,,,,,,,,,,,,,,,,,,,,,,,,,,,,,,,,,,,,64.0,,,,,,,,,,,,,,,,,,,,,,,,,,,,,,,,,,0.0,,0.5,506.0,,,,,,,,0.0,,,,,,,,,,,0.25,1.0,,,,,,,,,,,,,,,,,,,,,,,,,,,,,,,,,,,,,,,,,,,,,,,,,,,,,,,,,,,,,,,,,,,,,,,,,,,,,mat_model,deepchem,,,,,,,,,6.0,,,,,,,,,,,2.0,,,,,,,,,,,,,,,,,,,,,,,,,,0.25,,,heavy_standardisation,custom_standardizer,,,,,,,,,,,,,,,,,,,,,,,,,COMPLETE
39,39,0.6699246011590899,2024-02-07 12:56:15.765938,2024-02-07 13:08:58.973468,0 days 00:12:43.207530,maccs,,,,,,,tanh,,,,,,,,,,,,,3.361429859256812e-05,,,,,,,,,,,,,,,,,,,,,,,,,,,,,,,,,,,,,,,,,,,,,,,,,,,,,,,,,,,,,,,,,boruta_algorithm,,,,,,,,,,,,,,,,,,,,,,,,,,,,,,,,,,"(50,)",,,,,,,,,,,,,,,,,,,,,,,,,,,,,,,,,,,,,,,,,,,,,,,,,,,,,,,,,,sklearn,,,,,,,,,,,,,,,,,,,,,,,,,,,,,,,,,,,,,,,mlp_regressor_model,,,,,,,,,,heavy_standardisation,custom_standardizer,,,,True,,,,,,,,,,,,,,,,,,,,,COMPLETE
40,40,inf,2024-02-07 13:08:58.988906,2024-02-07 13:09:13.587237,0 days 00:00:14.598331,,,keras_bidirectional_rnn,,,,,,,,,,,,,,,,,,,,,,,,,,,,,,,,,,,,,,,,,,,,,,,,,,,,,,,,,,,,,relu,0.2713682106671786,,64.0,,,,,,,,,,,,,,,,,,,,2D,,,,,,,,,,,,,,,,,0.027783095794397528,,,76.0,,,,,,,,,,,,,,,,,,,,,,,,,,,,,,,,,,,,,,,,,,,,,,,,,,,,0.016671711876016237,0.031998276649521984,0.3112130466757147,238.0,17.0,249.0,,,,,,,,,,,,,,keras,,,,,,,,,,,,,,,,,1.0,,,,3.0,,,,,,,,,,,,,,,,,,,,,,,,,,,,,,,,,,,,,,,,,,,,,,,,,,,,,,COMPLETE
41,41,0.5337847772475709,2024-02-07 13:09:13.602261,2024-02-07 14:26:55.337262,0 days 01:17:41.735001,rdk,,,,,,,,,,,,,,,,,,,,,,,,,,,,,,,,,,,,,,,,,,,,,,,,,,,,,,,,,,,,,,,,,,,,,,,,,,,,,,,,,,,,,boruta_algorithm,,,,,,,,2048.0,,,,,,,,,,,,,,,,,,,,,,,,,,,,,,,,,,,,,,,,,,,,,,,,,,,,,,,,,,,,,,,,,,,,,,,,,,,,,,7.0,,,1.0,,,sklearn,,,,,,,,,,,,,,,,,,,,,,,,,,,,,,,,,,,,,,,voting_regressor_model,,,,,,,,,,heavy_standardisation,custom_standardizer,,,,True,,,,,,,,,,,,0.24664765244405681,0.009643922818720334,0.30534639730311114,0.5268776539137934,0.4684307237967413,,,,,COMPLETE
42,42,0.527864256840782,2024-02-07 14:26:55.352881,2024-02-07 14:35:54.717312,0 days 00:08:59.364431,maccs,,,,,,,,,,,,,,,,,,,,,,,,,,,,,,,,,,,,,,,,,,,,,,,,,,,,,,,,,,,,,,,,,,,,,,,,,,,,,,,,,,,,,percentil_fs,,,,,,,,,,,,,,,,,,,,,,,,,,,,,,,,,,,,,,,,,,,,,,,,,,,,,,,,,,,,,,,,,,,,,,,,,,,,,,,,,,,,,,,,,,,,sklearn,,,,,,,,,,,,,,,,,,,,,,,,,,,,,,,,60.0,,,,,,,voting_regressor_model,,,,,,,,,,heavy_standardisation,custom_standardizer,,,,,,,,,,,,,,,,0.32878597678501054,0.015017216957132205,0.34245424662331136,0.53716026725975,0.4045686884714741,,,,,COMPLETE
43,43,inf,2024-02-07 14:35:54.734374,2024-02-07 14:40:26.564352,0 days 00:04:31.829978,rdk,,,,,,,,,,,,,,,,,,,,,1.4235892676470725,,,,,,,,,,,,,,,,,,,,,,,,,,,,,,,,,,,,,,,,,,,,,,,,,,,,,,,,,,,,,,,,boruta_algorithm,,,,,,,,2048.0,,,,,,,,,,,,,,,,,,,,,,,,,,,,,,,,,,,,,,,,,,,,,,,,,,,,,,,,,,,,,,,,,,,,,,,,,,,,,,6.0,,,3.0,,,sklearn,,,,,,,,,,,,,,,,,,,,,,,,,,,,,,,,,,,,,,,poisson_regressor_model,,,,,,,,,,,basic_standardizer,,,,True,,,,,,,,,,,,,,,,,,,,,COMPLETE
44,44,0.6994044792567867,2024-02-07 14:40:26.579088,2024-02-07 14:47:59.433873,0 days 00:07:32.854785,atom_pair,,,,,,,,,,,,,7.824936937131801,,,,,,,,,,,,,,,,,,,,,,,,,,,,,,,,,,,,,,,,,,,,,,,,,,,,,,,,,,,,,,,,,,,,,,,,percentil_fs,,,,,,,,,,,,,,,,,,,,,,,,,,,,,,,,,,,,,,,,,,,,,,,,,,,,0.17645167561941855,,,,,,,,,,,,,,,,,,,,,,,,,,,,20.0,,,,,,,3.0,,,,,sklearn,1024.0,,,,,,,,,,,,,,,,,,,,,,,,,,,,,,,58.0,,,,,,,elastic_net_model,,,,,,,,,,heavy_standardisation,custom_standardizer,,,,,,,,,,,,,,,,,,,,,,,,,COMPLETE
45,45,inf,2024-02-07 14:47:59.448416,2024-02-07 17:47:59.530076,0 days 03:00:00.081660,,,,,,,,,,,,,,,,,,,,,,,,,,,,,,,,,,,,,,,,,,,256.0,True,,,,,,,,,,,,,,,,,,,,,,,,,,,,0.5,,,,,,,,989.0,,,,,,,,,,,,,,,,,,,,,,"[32, 64]",,,,,,,,,,,,,,,,,,,,,,,,,,,,,,,,,,,,,,,,,,,,,,,,,,,,,,,,,,,,,,,,,,,,,,,,,,,gcn_model,deepchem,,,,,,,,,,,,,,,,,,,,,,,,,,,,,,,,,,0.25,,,,,,,,,,,,,,,simple_standardisation,custom_standardizer,,,,,,,,,False,,,False,,,True,,,,,,,,,,COMPLETE
46,46,0.6766954941410441,2024-02-07 17:47:59.554292,2024-02-07 20:23:03.477282,0 days 02:35:03.922990,rdk,,,,4.557538190493637,,,,,,,,,,,,,,,,,,,,,,,,,,,,,,,,,,,,,,,,,,,,,,,,,,,,,,,,,3.0,,,,,,,,,,,,,,,,,,,,,,,,select_from_model_fs,,,,,,,,2048.0,,,0.478412532960068,,,,,,,,,,,,,,,,,,,,,,,,,,,,,,linear,,,,,,,,,,,,,,,,,,,,,,,,,,,,,,,,,,,,,,,,,,,,,6.0,,,1.0,,,sklearn,,,,,,,,,,262.0,,,,,,,,,,,,,,,0.8323989830541314,,,,,,,,,,,,,,nu_svr_model,,,,,,,,,,heavy_standardisation,custom_standardizer,,,,,,,,,,,,,,,,,,,,,,,,,COMPLETE
47,47,inf,2024-02-07 20:23:03.492166,2024-02-07 20:23:03.651015,0 days 00:00:00.158849,2d_descriptors,keras_1d_cnn,,,,,,,,,,,,,,,,,,,,,,,,,,,,,,,,,,,,,,,,,,,,,,,relu,,,True,,,0.0026401693525558434,,,,,,,,,relu,,,256.0,,0.7838384769070359,,,,,,,,,,,,,,,,,,1D,,5.0,,,,,,0.09643875095325377,,,,,,,,,,,,,,,,,,,,,,,,,,,,,,,,,,19.0,,,,,,,,,,,,,,,,,,,,,,,,,,,,,,,,,,,,,,,,,,,,,,,,,keras,,,,,,1.0,,,,,,,,,,,,,,,,,,,,,,,,,,,,,,"(25.0, 75.0)",,,,,,,,,,,,robust_scaler,,,2.0,,,,,,,,,,,,,,,,,,,,,,False,True,COMPLETE
48,48,inf,2024-02-07 20:23:03.663594,2024-02-07 20:23:35.974946,0 days 00:00:32.311352,rdk,,,,,,,,,,,,,,,,,,,,,,,,,,,,,,,,,,,,,,,,,,,,,,,,,,,,,,,,,,,,,,,,,,,,,,,,,,,,,,,,,,,,,percentil_fs,,,,,,,,2048.0,,,,,,,,,,,,,,,,,,,,,,,,,,,,,,,,,,,,,,,,,,,,,,,,,,,,,,,,,,,,,0.2518170998766836,,,poisson,,,,,,,,,,,,,,5.0,,,2.0,,,sklearn,,,,,,,,,,,,,,,,,,,,,,,,,,,,,,,,32.0,,,,,,,hist_gradient_boosting_regressor_model,,,,,,,,,,,basic_standardizer,,,,,,,,,,,,,,,,,,,,,,,,,COMPLETE
49,49,0.7754065759966042,2024-02-07 20:23:35.989982,2024-02-07 20:31:32.177276,0 days 00:07:56.187294,layered,,,,,,,,,,,,,,,,,,,,,,,,,,,,,,,,,,,,,,,,,,,,,,,,,,,,,,,,,,,,,,,,,,,,,,,,,,,,,,,,,,,,,pass_through_transformer,,,,,,,,2048.0,,,,,,,,,,,,,,,,,,,,,,,,,,,,,,,,,,,,,,,,,,,,,,,,,,,,,,,,,,,,,,,,,,,,,,,,,9.0,,,,,,,1.0,,,,sklearn,,,,,,,,,,,,,,,,,,,,,,,,,,,,,,,,,,,,,,,decision_tree_regressor_model,,,,,,,,,,heavy_standardisation,custom_standardizer,,,,,,,,,,,,,,,,,,,,,,,,,COMPLETE
50,50,0.6786308836668351,2024-02-07 20:31:32.191635,2024-02-07 20:52:29.586936,0 days 00:20:57.395301,mol2vec,,,,,,,,,,,,,,,,,,,,,,,,,,,,,,,,,,,,,,,,,,,,,,,,,,,,,,,,,,,,,,,,,,,,,,,,,,,,,,,,,,,,,boruta_algorithm,,,,,,,,,,,,,,,,,,,,,,,,,,,,,,,,,,,,,,,,,,,,,,,,,,,,,,,,,,,,,,,,,,,,,,,,,,,,,,,,,,,,,,,,,,,,sklearn,,,,,,,,,,,,,,,,,,,,,,,,,,,,,,,,,,,,,,,linear_regression_model,,,,,,,,,,,chembl_standardizer,,,,True,,,,,,,,,,,,,,,,,,,,,COMPLETE
51,51,0.5123212201808323,2024-02-07 20:52:29.646958,2024-02-07 21:32:50.743638,0 days 00:40:21.096680,layered,,,,,,,,,,,,,,,,,,,,,,,,,,,,,,,,,,,,,,,,,,,,,,,,,,,,,,,,,,,,,,,,,,,,,,,,,,,,,,,,,,,,,boruta_algorithm,,,,,,,,2048.0,,,,,,,,,,,,,,,,,,,,,,,,,,,,,,,,,,,,,,,,,,,,,,,,,,,,,,,,,,,,,,,,,,,,,,,,,8.0,,,,,,,2.0,,,,sklearn,,,,,,,,,,,,,,,,,,,,,,,,,,,,,,,,,,,,,,,voting_regressor_model,,,,,,,,,,,pass_through_standardizer,,,,True,,,,,,,,,,,,0.3270608647405242,0.012663877949626475,0.16450709583087314,0.5750718682843085,0.4916564691824749,,,,,COMPLETE
52,52,0.5129111898446121,2024-02-07 21:32:50.759657,2024-02-07 22:18:32.012517,0 days 00:45:41.252860,layered,,,,,,,,,,,,,,,,,,,,,,,,,,,,,,,,,,,,,,,,,,,,,,,,,,,,,,,,,,,,,,,,,,,,,,,,,,,,,,,,,,,,,boruta_algorithm,,,,,,,,2048.0,,,,,,,,,,,,,,,,,,,,,,,,,,,,,,,,,,,,,,,,,,,,,,,,,,,,,,,,,,,,,,,,,,,,,,,,,8.0,,,,,,,2.0,,,,sklearn,,,,,,,,,,,,,,,,,,,,,,,,,,,,,,,,,,,,,,,voting_regressor_model,,,,,,,,,,heavy_standardisation,custom_standardizer,,,,True,,,,,,,,,,,,0.3476093935691347,0.020543303443266787,0.27361313468951753,0.5788434476180121,0.5327053594438534,,,,,COMPLETE
53,53,0.5291092534772559,2024-02-07 22:18:32.032115,2024-02-07 23:01:56.699386,0 days 00:43:24.667271,layered,,,,,,,,,,,,,,,,,,,,,,,,,,,,,,,,,,,,,,,,,,,,,,,,,,,,,,,,,,,,,,,,,,,,,,,,,,,,,,,,,,,,,boruta_algorithm,,,,,,,,2048.0,,,,,,,,,,,,,,,,,,,,,,,,,,,,,,,,,,,,,,,,,,,,,,,,,,,,,,,,,,,,,,,,,,,,,,,,,8.0,,,,,,,2.0,,,,sklearn,,,,,,,,,,,,,,,,,,,,,,,,,,,,,,,,,,,,,,,voting_regressor_model,,,,,,,,,,heavy_standardisation,custom_standardizer,,,,True,,,,,,,,,,,,0.28468087709773643,0.22816128665380786,0.2839118056388146,0.593425478190337,0.5312579784802448,,,,,COMPLETE
54,54,0.5177282533338294,2024-02-07 23:01:56.714209,2024-02-08 00:21:19.835030,0 days 01:19:23.120821,layered,,,,,,,,,,,,,,,,,,,,,,,,,,,,,,,,,,,,,,,,,,,,,,,,,,,,,,,,,,,,,,,,,,,,,,,,,,,,,,,,,,,,,boruta_algorithm,,,,,,,,2048.0,,,,,,,,,,,,,,,,,,,,,,,,,,,,,,,,,,,,,,,,,,,,,,,,,,,,,,,,,,,,,,,,,,,,,,,,,8.0,,,,,,,2.0,,,,sklearn,,,,,,,,,,,,,,,,,,,,,,,,,,,,,,,,,,,,,,,stacking_regressor_model,,,,,,,,,,,pass_through_standardizer,,,,True,,,,,,,,,,,,,,,,,,,,,COMPLETE
55,55,0.6403655461548656,2024-02-08 00:21:19.850454,2024-02-08 00:36:44.512098,0 days 00:15:24.661644,morgan,,,,,,,,,,,,,,,,1.5527715760099834,,,,,,,,,,,,,,,,,,,,,,,,,,,,,,,,,,,,,,,,,,,,,,,,,,,,,,,,,,,,,,,,1.2821510580546531,,,,,boruta_algorithm,,,,,,,,,,,,,,,,,,,,,,,,,,,,,,,,,,,,,,,,,,,,,,,,,,,,,,,,,,,,,,,,,,,,,,,,,,,,,,,,,,,,,,,,,,,,sklearn,,,,1024.0,,,,,,,,,,,,,,,,,,,,,,,,,,,,,,,,,2.0,,huber_regressor_model,,,,,,,,,,simple_standardisation,custom_standardizer,,,,True,,,,,,,,,,,,,,,,,,,,,COMPLETE
56,56,0.5886474158053254,2024-02-08 00:36:44.527868,2024-02-08 00:41:25.205816,0 days 00:04:40.677948,mixed,,,,,,,,,,,,,,,,,,,,,,,,7.442549206781146,,,,,,,,,,,,,,,,,,,,,,,,,,,,,,,,,,,,,,,,,,,,,,,,,,,,,,,,,,,atom_pair,layered,low_variance_fs,,,,,,,,,,,,,,,,,,,,,,,,,,,,,,,,,,,,,,,,,,,,,,,,,,,,,,,,,,,,,,,,,,,,,,,,,,,,,,,,,,,,,,,,,,,,sklearn,,,,,,,,,,,,,,,,,,,,,,,,,,,,,,,,,,,,,,,ridge_model,,,,,,,,,,,pass_through_standardizer,,,,,0.1418736079836032,,,,,,,,,,,,,,,,,,,,COMPLETE
57,57,1.0989121427172117,2024-02-08 00:41:25.223342,2024-02-08 01:13:05.866967,0 days 00:31:40.643625,layered,,,8.871365829222565,,,,,,,,,,,,,,,,,,,,,,,,,,,,,,,,,,,,,,,,,,,,,,,,,,,,,,,,,,,,,,,,,,,,,,,,,,,,,,0.6820200098995981,,,,boruta_algorithm,,,,,,,,2048.0,,,,,,,,,,,,,,,,,,,,,,,,,,,,,,,,,,,,,,,,,,,,,,,,,,,,,,,,,,,,,,,,,,,,,,,,,9.0,,,,,,,1.0,,,,sklearn,,,,,,,,,,,,,,,,,,,,,,,,,,,,,,,,,,,,,,,linear_svr_model,,,,,,,,,,heavy_standardisation,custom_standardizer,,,,True,,,,,,,,,,,,,,,,,,,,,COMPLETE
58,58,inf,2024-02-08 01:13:05.881431,2024-02-08 04:13:05.980854,0 days 03:00:00.099423,,,,,,,,,,,,,,,,,,,,,,,,,,,,,,,,,,,,,,,,,,,128.0,,,,,,,,,,,,,,,,,,,,,,,,,,,,,,,0.0,,,,,,726.0,,,,,,,,,,,,,,,,,,,,,,,,,,,,,,,,,,,,,,,,,,,,,,,,,,,,,,,,,,,,,,,,,,,,,,,,,,,,,,,,,,,,,,,,,,,10.0,,,,,,pagtn_model,deepchem,,,,,,,,,,,,,,,,,,,,,,,,,,1.0,,2.0,,,,,,,,,,,,,,,,,,,,,,chembl_standardizer,,,,,,,,,,,,,,,,,,,,,,,,,COMPLETE
59,59,0.6097316194334206,2024-02-08 04:13:06.004817,2024-02-08 04:18:24.104748,0 days 00:05:18.099931,layered,,,,,,,,,,,,,,,,,,,,,,,,,,,,,,,,,,,,,,,,,,,,,,,,,,,,,,,,,,,,,,,,,,,,,,,,,,,,,,,,,,,,,k_best,,,,,,,,2048.0,,,,,,,,,,,,,,,,,,,,,,,,,,,,,,,,25.0,,,,,,,,,,,,,,,,,,,,,,,,,,,,,,,,,,,,,,,,,8.0,,,,,,,2.0,,,,sklearn,,,,,,,,,,,,,,,,,,,,,,,,,,,,,,,,,,,,,,,theil_sen_regressor_model,,,,,,,,,,,pass_through_standardizer,,,,,,,,,,,,,,,,,,,,,,,,,COMPLETE
60,60,inf,2024-02-08 04:18:24.128892,2024-02-08 07:18:34.623065,0 days 03:00:10.494173,rdk,,,,,,,,,,,,,,,,,,,,,,0.9585612410656357,,,,,,,,,,,,,,,,,,,,,,,,,,,,,,,,,,,,,,,,,,,,,,,,,,,,,,,,,,,,,,,boruta_algorithm,,,,,,,,2048.0,,,,,,,,,,,,,,,,,,,,,,,,,,,,,,,,,,,,,,,,,,,,,,,,,,,,,,,,,,,,,,,,,,,,,,,,,,,,,,7.0,,,1.0,,,sklearn,,,,,,,,,,,,,,,,,,,,,,,,,,,,,,,,,,,0.6339038259732958,,,,quantile_regressor_model,,,,,,,,,,,basic_standardizer,,,,True,,,,,,,,,,,,,,,,,,,,,COMPLETE
61,61,3.151181788265395,2024-02-08 07:18:34.870334,2024-02-08 07:56:52.199578,0 days 00:38:17.329244,layered,,,,,,,,,,,,,,,,,,,,,,,,,,,,,,,,,,,,,,,,,,,,,,,,,,,,,,,,,,,,,,,,,,,,,,,,,,,,,,,,,,,,,boruta_algorithm,,,,,,,,2048.0,,,,,,,,,,,,,,,,,,,,,,,,,,,,,,,,,,,,,,,,,,,,,,,,,,,,,,,,,,,,,,,,,,,,,,,,,6.0,,,,,,,2.0,,,,sklearn,,,,,,,,,,,,,,,,,,,,,,,,,,,,,,,,,,,,,,,voting_regressor_model,,,,,,,,,,heavy_standardisation,custom_standardizer,,,,False,,,,,,,,,,,,0.3610109747764235,0.7013638554046839,0.23214957821136176,0.6008903986535662,0.5243605029745798,,,,,COMPLETE
62,62,0.5118992020163835,2024-02-08 07:56:52.232925,2024-02-08 08:42:06.651947,0 days 00:45:14.419022,layered,,,,,,,,,,,,,,,,,,,,,,,,,,,,,,,,,,,,,,,,,,,,,,,,,,,,,,,,,,,,,,,,,,,,,,,,,,,,,,,,,,,,,boruta_algorithm,,,,,,,,2048.0,,,,,,,,,,,,,,,,,,,,,,,,,,,,,,,,,,,,,,,,,,,,,,,,,,,,,,,,,,,,,,,,,,,,,,,,,8.0,,,,,,,1.0,,,,sklearn,,,,,,,,,,,,,,,,,,,,,,,,,,,,,,,,,,,,,,,voting_regressor_model,,,,,,,,,,heavy_standardisation,custom_standardizer,,,,True,,,,,,,,,,,,0.3832770029534416,0.0019707498140460935,0.2044493015371701,0.6380215131176061,0.5461827416181048,,,,,COMPLETE
63,63,0.7514226602780107,2024-02-08 08:42:06.668845,2024-02-08 09:21:38.301821,0 days 00:39:31.632976,layered,,,,,,1.4741796835133427,,,,,,,,,,,,,,,,,,,,,,,,,,,,,,,,,,,,,,,,,,,,,,,,,,,,,,,,4.0,,,,,,,,,,,,,,,,,,,,,,,boruta_algorithm,,,,,,,,2048.0,,,,0.6071812494453395,,,,,,,,,,,,,,,,,,,,,,,,,,,,,,,,,,poly,,,,,,,,,,,,,,,,,,,,,,,,,,,,,,,,,,,8.0,,,,,,,1.0,,,,sklearn,,,,,,,,,,,,,,,,,,,,,,,,,,,,,,,,,,,,,,,svr_model,,,,,,,,,,heavy_standardisation,custom_standardizer,,,,True,,,,,,,,,,,,,,,,,,,,,COMPLETE
64,64,2.504284410091079,2024-02-08 09:21:38.316731,2024-02-08 09:59:07.948842,0 days 00:37:29.632111,layered,,,,,,,,,,,,,,,0.9111864023878857,,,,,,,,,,,,,,,,,,,,,,,,,,,,,,,,,,,,,,,,,,,,,,,,,,,,,,,,,,,,,,,,,,,,,,boruta_algorithm,,,,,,,,2048.0,,,,,,,,,,,,,,,,,,,,,,,,,,,,,,,,,,,,,,,,,,,,,,,,,,,,,,,,,,,,,,,,,,,,,,,,,9.0,,,,,,,1.0,,,,sklearn,,,,,,,,,,,,,,,,,,,,,,,,,,,,,,,,,,,,,,,gaussian_process_regressor_model,,,,,,,,,,heavy_standardisation,custom_standardizer,,,,True,,,,,,,,,,,,,,,,,,,,,COMPLETE
65,65,0.6333337376086139,2024-02-08 09:59:07.964284,2024-02-08 10:25:11.619902,0 days 00:26:03.655618,layered,,,,,,,,,,,,,,,,,,,,,,,,,,,,,,,,,,,,,,,,,,,,,,,,,,,,,,,,,,,,,,,,,,,,,,,,,,,,,,,,,,,,,boruta_algorithm,,,,,,,,2048.0,,,,,,,,,,,,,,,,,,,,,,,,,,,,,,,,,,,,,,,,,,,,,,,,,,,,,,,,,,,,,,,,,,,,,,,,,8.0,,,,,,,2.0,,,,sklearn,,,,,,,,,,,,,,,,,,,,,,,,,,,,,,,,,,,,,,,ortogonal_matching_pursuit_model,,,,,,,,,,,pass_through_standardizer,,,,True,,,,,,,,,,,,,,,,,,,,,COMPLETE
66,66,1.1213975178348687,2024-02-08 10:25:11.683835,2024-02-08 10:43:10.963330,0 days 00:17:59.279495,2d_descriptors,,,,,,,,,,,,,,,,,,,,,,,,,,,,,,,,,,,,,,,,,,,,,,,,,,,,,,,,,,,,,,,,,,,,,,,,,,,,,,,,,,,,,boruta_algorithm,,,,,,,,,,,,,,,,,,,,,,,,,,,,,,,,,,,,,,,,,,,,,,,,,,,,,,,,,,,,,,,,,,,,,,,,,,,,,,,,,,,,,,,,,,,,sklearn,,,,,,,,,,,,,,,,,,,,,,,,,,,,,,,,,,,,,,,voting_regressor_model,,,,,,,,,binarizer,heavy_standardisation,custom_standardizer,,,,True,,,,,,,,,,,,0.3708532165747661,0.18283706901564667,0.2512444973017122,0.6343143764894696,0.564853681268968,,,,,COMPLETE
67,67,inf,2024-02-08 10:43:10.979129,2024-02-08 10:43:11.121116,0 days 00:00:00.141987,atom_pair,keras_dense,,,,,,,,,,,,,,,,,,,,,,,,,,,,,,,,,,,,False,,,,,,,,,,,,,,,,,,,,,,,,,,,,,,,,,,,,,,,,,,,,,,,,,1D,,,,,,,,,,,,,,,,,,,,,,,relu,,,,,0.7598236153113884,,,,,,8.0,,,,,,,,,,,,0.005300810469935491,,,,,,,1.4619257545624955e-06,,,,,,,,,,,,,,,,,,,,,,,,,,50.0,,,,,,,3.0,,,,,keras,2048.0,,,,,,,,,,,,,,,,,,1.0,,,,,,,,,,,,,,,,,,,,,,,,,,,,,,,,,,,,,,,,,,,,,,,,,,,,,,,,COMPLETE
68,68,inf,2024-02-08 10:43:11.134252,2024-02-08 10:43:55.459626,0 days 00:00:44.325374,maccs,,,,,,,,,,,,,,0.05538437390728723,,,,,,,,,,,,,,,,,,,,,,,,,,,,,,,,,,,,,,,,,,,,,,,,,,,,,,,,,,,,,,,,,,,,,,,low_variance_fs,,,,,,,,,,,,,,,,,,,,,,,,,,,,,,,,,,,,,,,,,,,,,,,,,,,,,,,,,,,,,,,,,,,,,,,,,,,,,,,,,,,,,,,,,,,,sklearn,,,,,,,,,,,,,,,,,,,,,,,,,,,,,,,,,,,,,,,gamma_regressor_model,,,,,,,,,,heavy_standardisation,custom_standardizer,,,,,0.05585369559758886,,,,,,,,,,,,,,,,,,,,COMPLETE
69,69,1.8304981391193516,2024-02-08 10:43:55.475363,2024-02-08 10:55:59.396566,0 days 00:12:03.921203,mol2vec,,,,,7.1588917244362476,,,,,,,,,,,,,,,,,,,,,,,,,,,,,,,,,,,,,,,,,,,,,,,,,,,,,,,,,,,,,,,,,,,,,,,,,,,,,,,,pass_through_transformer,,,,,,,,,,,,,,,,,,,,,,,,,,,,,,,,,,,,,,,,,,,,,,,,,,,,,,,,,,,,,,,,,,,,,,,,,,,,,,,,,,,,,,,,,,,,sklearn,,,,,,,,,,,,,,,,,,,,,,,,,,,,,,,,,,,,,,,passive_aggressive_regressor_model,,,,,,,,,,,pass_through_standardizer,,,,,,,,,,,,,,,,,,,,,,,,,COMPLETE
70,70,0.5907641989512921,2024-02-08 10:55:59.411893,2024-02-08 12:38:31.203989,0 days 01:42:31.792096,layered,,,,,,,,,,,,4.775546547917622,,,,,,,,,,,,,,,,,,,,,,,,,,,,,,,,,,,,,,,,,,,,,,,,,,,,,,,,,,,,,,,,,,,,,,,,,select_from_model_fs,,,,,,,,2048.0,,,,,,,,,,,,,,,,,,,,,,,,,,,,,,,,,,,,,,,,,,,,,,,,,,,,2.2328002940385763,,0.721136315159292,,,,,,,,,,,,,,,,,,,8.0,,,,,,,1.0,,,,sklearn,,,,,,,,,,964.0,,,,,,,,,,,,,,,,,,,,,,,,,,,,,bayesian_ridge_model,,,,,,,,,,heavy_standardisation,custom_standardizer,,,,,,,,,,,,,,,,,,,,,,,,,COMPLETE
71,71,0.49850590543986295,2024-02-08 12:38:31.224650,2024-02-08 13:28:54.513524,0 days 00:50:23.288874,layered,,,,,,,,,,,,,,,,,,,,,,,,,,,,,,,,,,,,,,,,,,,,,,,,,,,,,,,,,,,,,,,,,,,,,,,,,,,,,,,,,,,,,percentil_fs,,,,,,,,2048.0,,,,,,,,,,,,,,,,,,,,,,,,,,,,,,,,,,,,,,,,,,,,,,,,,,,,,,,,,,,,,,,,,,,,,,,,,6.0,,,,,,,2.0,,,,sklearn,,,,,,,,,,,,,,,,,,,,,,,,,,,,,,,,79.0,,,,,,,voting_regressor_model,,,,,,,,,,simple_standardisation,custom_standardizer,,,,,,,,,,,,,,,,0.37166488025342764,0.0005820003563005343,0.17352701879527638,0.6869305965394442,0.5622140275769811,,,,,COMPLETE
72,72,0.5881660349855793,2024-02-08 13:28:54.614865,2024-02-08 13:51:18.925498,0 days 00:22:24.310633,layered,,,,,,,,,,,,,,,,,,,,,,,,,,,,,,,,,,,,,,,,,,,,,,,,,,,,,,,,,,,,,,,,,,,,,,,,,,,,,,,,,,,,,percentil_fs,,,,,,,,2048.0,,,,,,,,,,,,,,,,,,,,,,,,,,,,,,,,,,,,,,,,,,,,,,,,,,,,,,,,,,,,,,,,,,,,,,,,,6.0,,,,,,,2.0,,,,sklearn,,,,,3.0,,,,,,,,,,,,,,,,,,,,,,,,,,,80.0,,,,,,,pls_regression_model,,,,,,,,False,,simple_standardisation,custom_standardizer,,,,,,,,,,,,,,,,,,,,,,,,,COMPLETE
73,73,0.5124850375172146,2024-02-08 13:51:18.947839,2024-02-08 15:04:43.017152,0 days 01:13:24.069313,layered,,,,,,,,,,,,,,,,,,,,,,,,,,,,,,,,,,,,,,,,,,,,,,,,,,,,,,,,,,,,,,,,,,,,,,,,,,,,,,,,,,,,,boruta_algorithm,,,,,,,,2048.0,,,,,,,,,,,,,,,,,,,,,,,,,,,,,,,,,,,,,,,,,,,,,,,,,,,,,,,,,,,,,,,,,,,,,,,,,8.0,,,,,,,2.0,,,,sklearn,,,,,,,,,,,,,,,,,,,,,,,,,,,,,,,,,,,,,,,voting_regressor_model,,,,,,,,,,simple_standardisation,custom_standardizer,,,,True,,,,,,,,,,,,0.3637775931715234,0.002579375940279092,0.20741369549021577,0.68179188976557,0.6154341392350003,,,,,COMPLETE
74,74,0.660802850273122,2024-02-08 15:04:43.044940,2024-02-08 15:22:51.856109,0 days 00:18:08.811169,layered,,,,,,,,,,,,,,,,,,,,,,,,,,,,,,,,,,,,,,,,,,,,,,,,,,,,,,,,,,,,,,,,,,,,,,,,,,,,,,,,,,,,,k_best,,,,,,,,2048.0,,,,,,,,,,,,,,,,,,,,,,,,,,,,,,,,1.0,,,,,,,,,,,,,,,,,,,,,,,,,,,,,,,,,,,,,,,,,9.0,,,,,,,2.0,,,,sklearn,,,,,,,,,,,,,,,,,,,,,,,,,,,,,,,,,,,,,,,voting_regressor_model,,,,,,,,,,simple_standardisation,custom_standardizer,,,,,,,,,,,,,,,,0.379939766802837,0.12918062857460155,0.2047003804073389,0.6843361820373325,0.6191378972139534,,,,,COMPLETE
75,75,0.5199468238960393,2024-02-08 15:22:51.939159,2024-02-08 16:31:20.022114,0 days 01:08:28.082955,rdk,,,,,,,,,,,,,,,,,,,,,,,,,,,,,,,,,,,,,,,,,,,,,,,,,,,,,,,,,,,,,,,,,,,,,,,,,,,,,,,,,,,,,boruta_algorithm,,,,,,,,2048.0,,,,,,,,,,,,,,,,,,,,,,,,,,,,,,,,,,,,,,,,,,,,,,,,,,,,,,,,,,,,,,,,,,,,,,,,,,,,,,6.0,,,2.0,,,sklearn,,,,,,,,,,,,,,,,,,,,,,,,,,,,,,,,,,,,,,,voting_regressor_model,,,,,,,,,,simple_standardisation,custom_standardizer,,,,True,,,,,,,,,,,,0.3589917984345308,0.12708917691064142,0.18987426561894027,0.6986962683069259,0.5516659168281967,,,,,COMPLETE
76,76,inf,2024-02-08 16:31:20.089590,2024-02-08 16:31:20.240315,0 days 00:00:00.150725,,,,,,,,,,,,,,,,,,,,,,,,,,,,,,,,,,,,,,,,,,,16.0,,,,,,,,,,,,,,,,,,,,,,,,,,,,,,,,,,,,,360.0,,,,,,,,,,,,,,,,,,,,,,,,,,,,,,,,,,,,,,,,,,,,,,,,,,,,,,,,,,,,,,,,,,,,,,,,,,,,,,,,,,,,,,,,,,,,,,,,,gat_model,deepchem,,,,,,,,,,,,,,,,,,,,,,,,,,,,,,,,,,,,,,,,,,,,,,,,,simple_standardisation,custom_standardizer,,,,,,,,False,,,True,,,False,,,,,,,,,,,COMPLETE
77,77,0.5642978178086389,2024-02-08 16:31:20.258270,2024-02-08 16:54:45.176440,0 days 00:23:24.918170,morgan,,,,,,,,,,,,,,,,,,,,,,,,,,,,,,,,,,,,,,,,,,,,,,,,,,,,,,,,,,,bic,,,,,,,,,,,,,,,,,,,,,,,,,,boruta_algorithm,,,,,,,,,,,,,,,,,,,,,,,,,,,,,,,,,,,,,,,,,,,,,,,,,,,,,,,,,,,,,,,,,,,,,,,,,,,,,,,,,,,,,,,,,,,,sklearn,,,,2048.0,,,,,,,,,,,,,,,,,,,,,,,,,,,,,,,,,2.0,,lasso_lars_ic_model,,,,,,,,,,simple_standardisation,custom_standardizer,,,,True,,,,,,,,,,,,,,,,,,,,,COMPLETE
78,78,0.8841991382111274,2024-02-08 16:54:45.194274,2024-02-08 18:03:49.287271,0 days 01:09:04.092997,mixed,,,,,,,,,,,,,,,,,,,,,,,,,,,,,,,,,,,,,,,,,,,,,,,,,,,,,,,,,,,,,,,,,,,,,,,,,,,,,,,,,,,morgan,atom_pair,boruta_algorithm,,,,,,,,,,,,,,,,,,,,,,,,,,,,,,,,,,,,,,,,,,,,,,,,,,,,,,,,,,,,,,,,,,,,,,,,,,,,,,,,,,,,,,,,,,,,sklearn,,,,,,,,,,,,,,,,,,,,,,,,,,,,,,,,,,,,,,,voting_regressor_model,,,,,,,,,,simple_standardisation,custom_standardizer,,,,True,,,,,,,,,,,,0.2280542093159122,0.12612514746995324,0.37945633280595104,0.4531287179803509,0.6368175717961023,,,,,COMPLETE
79,79,0.8137167397341523,2024-02-08 18:03:49.303852,2024-02-08 18:15:59.262955,0 days 00:12:09.959103,rdk,,,,,,,,,,,,,,,,,0.9940844900301095,,,,,,,,,,,,,,,,,,,,,,,,,,,,,,,,,,,,,,,,,,,,,,,,,,,,,,,,,,,,,,,,,,,,percentil_fs,,,,,,,,2048.0,,0.020078388622438048,,,,,,,,,,,,,,,,,,,,,,,,,,,,,,,,poly,,,,,,,,,,,,,,,,,,,,,,,,,,,,,,,,,,,,,,,,,,,,9.0,,,3.0,,,sklearn,,,,,,,,,,,,,,,,,,,,,,,,,,,,,,,,98.0,,,,,,,kernel_ridge_regressor_model,,,,,,,,,,,chembl_standardizer,,,,,,,,,,,,,,,,,,,,,,,,,COMPLETE
80,80,inf,2024-02-08 18:15:59.366488,2024-02-08 18:16:30.033422,0 days 00:00:30.666934,,,keras_bidirectional_rnn,,,,,,,,,,,,,,,,,,,,,,,,,,,,,,,,,,,,,,,,,,,,,,,,,,,,,,,,,,,,,tanh,0.0010803940122999789,,16.0,,,,,,,,,,,,,,,,,,,,2D,,,,,,,,,,,,,,,,,0.1392081582459988,0.006791427628559277,0.029762131969363614,249.0,28.0,252.0,,,,,,,,,,,,,,,,,,,,,,,,,,,,,,,,,,,,,,,,,,,,,,,,,,0.4796727114339159,0.4680408536440549,0.006025835905559329,18.0,254.0,23.0,,,,,,,,,,,,,,keras,,,,,,,,,,,,,,,,,3.0,,,,3.0,,,,,,,,,,,,,,,,,,,,,,,,,,,,,,,,,,,,,,,,,,,,,,,,,,,,,,COMPLETE
81,81,0.5175572232900608,2024-02-08 18:16:30.058457,2024-02-08 19:15:16.493812,0 days 00:58:46.435355,layered,,,,,,,,,,,,,,,,,,,,,,,,,,,,,,,,,,,,,,,,,,,,,,,,,,,,,,,,,,,,,,,,,,,,,,,,,,,,,,,,,,,,,boruta_algorithm,,,,,,,,2048.0,,,,,,,,,,,,,,,,,,,,,,,,,,,,,,,,,,,,,,,,,,,,,,,,,,,,,,,,,,,,,,,,,,,,,,,,,8.0,,,,,,,2.0,,,,sklearn,,,,,,,,,,,,,,,,,,,,,,,,,,,,,,,,,,,,,,,voting_regressor_model,,,,,,,,,,,pass_through_standardizer,,,,True,,,,,,,,,,,,0.41352810933236506,0.002107964798240537,0.17009397776852525,0.7315349447397977,0.3787235545992606,,,,,COMPLETE
82,82,0.6994044792567867,2024-02-08 19:15:16.526320,2024-02-08 19:48:03.611252,0 days 00:32:47.084932,layered,,,,,,,,,,,,,,,,,,9.961927512397654,,,,,,,,,,,,,,,,,,,,,,,,,,,,,,,,,,,,,,,,,,,,,,,,,,,,,,,,,,,,,,,,,,,boruta_algorithm,,,,,,,,2048.0,,,,,,,,,,,,,,,,,,,,,,,,,,,,,,,,,,,,,,,,,,,,,,,,,,,,,,,,,,,,,,,,,,,,,,,,,8.0,,,,,,,2.0,,,,sklearn,,,,,,,,,,,,,,,,,,,,,,,,,,,,,,,,,,,,,,,lasso_model,,,,,,,,,,simple_standardisation,custom_standardizer,,,,True,,,,,,,,,,,,,,,,,,,,,COMPLETE
83,83,inf,2024-02-08 19:48:03.625343,2024-02-08 20:56:35.823610,0 days 01:08:32.198267,layered,,,,,,,,,kd_tree,,,,,,,,,,,,,,,,,,,,,,,,,,,,,,,,,,,,,,,,,,,,,,,,,,,,,,,,,,,,,,,,,,,,,,,,,,,,boruta_algorithm,,,,,,,,2048.0,,,,,,,,,,,,,,,,,,,,,,,,,,,,,,,,,,,,,,,,,,,,,,,,,,,,,,,,,,2.0,,,,,,,,,,,,,,,8.0,,,,,,,2.0,,,,sklearn,,,,,,,,,,,,,,,,,,,,,,,,,,,,,,6.0,,,,,,,,0.052279591025604866,radius_neighbors_regressor_model,,,,,,,,,,simple_standardisation,custom_standardizer,,,,True,,,,,,,,,,,,,,,,,,uniform,,,COMPLETE
84,84,0.6574564729580608,2024-02-08 20:56:35.946202,2024-02-08 22:28:20.486176,0 days 01:31:44.539974,layered,,,,,,,,,,,,,,,,,,,,,,,,,,,,,,,,,,,,,,,,,,,,,,,,,,,,,,,,,,,,,,,,,,,,,,,,,,,,,,,,,,,,,boruta_algorithm,,,,,,,,2048.0,,,,,,,,,,,,,,,,,,,,,,,,,,,,,,,,,,,,,,,,,,,,,,,,,,,,,,,,,,,,,,,,,,,,,,,,,5.0,,,,,,,1.0,,,,sklearn,,,,,,,,,,,,,,,,,,,,,,,,,,,,,,,,,,,,,,,voting_regressor_model,,,,,,,,,,heavy_standardisation,custom_standardizer,,,,False,,,,,,,,,,,,0.44746762461697953,0.0006771294683275979,0.17545175626118736,0.5701584909715297,0.44920506495983337,,,,,COMPLETE
85,85,inf,2024-02-08 22:28:20.505517,2024-02-08 22:35:46.032089,0 days 00:07:25.526572,rdk,,,,,,,,,,,,,,,,,,,,,,,,,,,,,,,,,,,,,,,,,,,,,,,,,,,,,,,,,,friedman_mse,,,,,,,,,,,,,,,,,,,,,,,,,,,boruta_algorithm,,,,,,,,2048.0,,,,,,,,,,,,,,,,,,,,,,,,,,,,,,,,,,,,,,,,,,,,,,,,,,,,,,,,,,,,0.026683362669932542,,,ls,,,,,,,,,,,,log2,,,5.0,,,1.0,,,sklearn,,,,,,,,,,,,,,500.0,,,,,,,,,,,,,,,,,,,,,,,,,gradient_boosting_regressor_model,,,,,,,,,,,pass_through_standardizer,,,,True,,,,,,,,,,,,,,,,,,,,,COMPLETE
86,86,1.25467395796132,2024-02-08 22:35:46.052624,2024-02-08 23:24:33.456746,0 days 00:48:47.404122,layered,,,,,,,,,,,,,,,,,,,,,,,,,,,,,,,,,,,,,,,,,,,,,,,,,,,,,,,,,,,,,,,,,,,,,,,,,,,,,,,,,,,,,boruta_algorithm,,,,,,,,2048.0,,,,,,,,,,,,,,,,,,,,,,,,,,,,,,,,,,,,,,,,,,,,,,,,,,,,,,,,,,,,,,,,,,,,,,,,,6.0,,,,,,,2.0,,,,sklearn,,,,,,,,,,,,,,,,,,,,,,,,,,,,,,,,,,,,,,,voting_regressor_model,,,,,,,,,,heavy_standardisation,custom_standardizer,,,,True,,,,,,,,,,,,0.27858957412756985,0.09780772090812348,0.1568640634693343,0.33080371167041744,0.27283938085531684,,,,,COMPLETE
87,87,0.6964691190015299,2024-02-08 23:24:33.472234,2024-02-08 23:38:23.234500,0 days 00:13:49.762266,rdk,,,,,,,,,,,,,,,,,,,,,,,,,0.9941451071089477,,,,,,,,,,,,,,,,,,,,,,,,,,,,,,,,,,,,,,,,,,,,,,,,,,,,,,,,,0.008148537276990053,,,pass_through_transformer,,,,,,,,2048.0,,,,,,,,,,,,,,,,,,,,,,,,,,,,,,,,,,,,,,,,,,,,,0.11861948783759257,,,,,,,,,,,,,,,,,,,,,,,,,,,,,,,,,6.0,,,1.0,,,sklearn,,,,,,,,,,,,,,,,,,,,,,,,,,,,,,,elasticnet,,,,,,,,sgd_regressor_model,,,,,,,,,,,basic_standardizer,,,,,,,,,,,,,,,,,,,,,,,,,COMPLETE
88,88,0.5243275711742705,2024-02-08 23:38:23.270231,2024-02-09 00:43:20.427291,0 days 01:04:57.157060,layered,,,,,,,,,,,,,,,,,,,,,,,,,,,,,,,,,,,,,,,,,,,,,,,,,,,,,,,,,,,,,,,,,,,,,,,,,,,,,,,,,,,,,select_from_model_fs,,,,,,,,1024.0,,,,,,,,,,,,,,,,,,,,,,,,,,,,,,,,,,,,,,,,,,,,,,,,,,,,,,,,,,,,,,,,,,,,,,,,,8.0,,,,,,,1.0,,,,sklearn,,,,,,,,,,555.0,,,,,,,,,,,,,,,,,,,,,,,,,,,,,voting_regressor_model,,,,,,,,,,heavy_standardisation,custom_standardizer,,,,,,,,,,,,,,,,0.45190641263143944,0.09304835340867022,0.40202477959783844,0.7660631894263006,0.7216439762674397,,,,,COMPLETE
89,89,0.9838478600061871,2024-02-09 00:43:20.457318,2024-02-09 01:33:34.436800,0 days 00:50:13.979482,,,,,,,,,,,,,,,,,,,,,,,,,,,,,,,,,,,,,,,,,,,512.0,,,,,,,,,,,,,,,,,,,,,,,128.0,,,,,,,0.5,,,,,,,741.0,,,,,,,,,,,,,,,,,,,,,"[64, 64]",,,,,,,,,,,,,,,,,,,,,,,,,,,,,,,,,,,,,,,,,,,,,,,,,,,,,,,,,,,,,,,,True,,,,,,,,,,,,graph_conv_model,deepchem,,,,,,,,,,,,,,,,,,,,,,,,,,,,,,,,,,,,,,,,,,,,,,,,,,pass_through_standardizer,,,,,,,,,,False,,,,,,,,,,,,,,,COMPLETE
90,90,0.5988609421839909,2024-02-09 01:33:34.455308,2024-02-09 01:43:23.239968,0 days 00:09:48.784660,atom_pair,,,,,,,,,,,,,,,,,,,,,,,,,,,,,,,,,,,,,,,,,,,,,,,,,,,,,,,,,,,,,,,,,,,,,,,,,,,,,,,,,,,,,percentil_fs,,,,,,,,,,,,,,,,,,,,,,,,,,,,,,,,,,,,,,,,,,,,,,,,,,,,,,,,,,,,,,,,,,,,,,,,,,,,,,,,40.0,,,,,,,1.0,,,,,sklearn,1024.0,,,,,,,,,,,,,,,,,,,,,,,,,,,,,,,42.0,,,,,,,lasso_lars_cv_model,,,,,,,,,,simple_standardisation,custom_standardizer,,,,,,,,,,,,,,,,,,,,,,,,,COMPLETE
91,91,0.5120936873188733,2024-02-09 01:43:23.312958,2024-02-09 02:02:48.914631,0 days 00:19:25.601673,layered,,,,,,,,,,,,,,,,,,,,,,,,,,,,,,,,,,,,,,,,,,,,,,,,,,,,,,,,,,,,,,,,,,,,,,,,,,,,,,,,,,,,,percentil_fs,,,,,,,,2048.0,,,,,,,,,,,,,,,,,,,,,,,,,,,,,,,,,,,,,,,,,,,,,,,,,,,,,,,,,,,,,,,,,,,,,,,,,7.0,,,,,,,2.0,,,,sklearn,,,,,,,,,,,,,,,,,,,,,,,,,,,,,,,,70.0,,,,,,,voting_regressor_model,,,,,,,,,,heavy_standardisation,custom_standardizer,,,,,,,,,,,,,,,,0.3102066411274095,0.0017340587783690855,0.1450828225868692,0.6394427577856211,0.4730598419718375,,,,,COMPLETE
92,92,0.6994044792567867,2024-02-09 02:02:48.975387,2024-02-09 02:12:48.438021,0 days 00:09:59.462634,layered,,,,,,,,,,0.5989673846811021,0.933752913114121,,,,,,,,,,,,,,,,,,,,,,,,,,,,,,,,,,,,,,,,,,,,,,,,,,,,,,,,,,,,,,,,,,,,,,,,,,percentil_fs,,,,,,,,2048.0,,,,,,,,,,,,,,,,,,,,,,,,,,,,,,,,,,,,,,,,,,,,,,,,,,,1.3054620023154339e-08,,1.981681675432675e-08,,,,,,,,,,,,,,,,,,,,6.0,,,,,,,2.0,,,,sklearn,,,,,,,,,,,,,,,,,,,,,,,,,,,,,,,,71.0,,,,,,,ard_regression_model,,,,,,,,,,heavy_standardisation,custom_standardizer,,,,,,0.4998368880862192,,,,,,,,,,,,,,,,,,,COMPLETE
93,93,0.5131645192117428,2024-02-09 02:12:48.464833,2024-02-09 02:34:32.469497,0 days 00:21:44.004664,layered,,,,,,,,,,,,,,,,,,,,,,,,,,,,,,,,,,,,,,,,,,,,,,,,,,,,,,,,,,,,,,,,,,,,,,,,,,,,,,,,,,,,,percentil_fs,,,,,,,,2048.0,,,,,,,,,,,,,,,,,,,,,,,,,,,,,,,,,,,,,,,,,,,,,,,,,,,,,,,,,,,,,,,,,,,,,,,,,7.0,,,,,,,2.0,,,,sklearn,,,,,,,,,,,,,,,,,,,,,,,,,,,,,,,,54.0,,,,,,,voting_regressor_model,,,,,,,,,,heavy_standardisation,custom_standardizer,,,,,,,,,,,,,,,,0.3085772044901687,0.005386517644056855,0.1391422219162075,0.6313199989542132,0.5015067505558171,,,,,COMPLETE
94,94,0.5130683316177207,2024-02-09 02:34:32.497965,2024-02-09 03:03:09.677738,0 days 00:28:37.179773,layered,,,,,,,,,,,,,,,,,,,,,,,,,,,,,,,,,,,,,,,,,,,,,,,,,,,,,,,,,,,,,,,,,,,,,,,,,,,,,,,,,,,,,percentil_fs,,,,,,,,2048.0,,,,,,,,,,,,,,,,,,,,,,,,,,,,,,,,,,,,,,,,,,,,,,,,,,,,,,,,,,,,,,,,,,,,,,,,,7.0,,,,,,,2.0,,,,sklearn,,,,,,,,,,,,,,,,,,,,,,,,,,,,,,,,54.0,,,,,,,voting_regressor_model,,,,,,,,,,heavy_standardisation,custom_standardizer,,,,,,,,,,,,,,,,0.3064315885795674,0.08330892924976649,0.144238390854185,0.6386164731313257,0.4813217367139515,,,,,COMPLETE
95,95,1.889314836324281,2024-02-09 03:03:09.692520,2024-02-09 03:17:33.698783,0 days 00:14:24.006263,2d_descriptors,,,,,,,,,,,,,,,,,,,,,,,,,,,,,,,,,,,,linear,,,,,,,,,,,,,,,,,,,,,,,,,,,,,,,,,,,,,,,,,,,,,,,,,percentil_fs,,,,,,,,,,,,,,,,,,,,,,,,,,,,,,,,,,,,,,,,,,,,,,,,,,,,,,,,,,,,,,,,,,,,,,,,,,,,,,,,,,,,,,,,,,0.10757823065736605,,sklearn,,,,,,,,,,,,,,,,,,,,,,,,,,,,,,,,71.0,,,,,,,ransac_regressor_model,,,,,,,,,pass_through_transformer,heavy_standardisation,custom_standardizer,,,,,,,,,,,,,,,,,,,,,,,,,COMPLETE
96,96,0.5682661232499113,2024-02-09 03:17:33.726631,2024-02-09 03:31:04.029898,0 days 00:13:30.303267,maccs,,,,,,,,,,,,,,,,,,,,,,,,,,,,,,,,,,,,,,,,,,,,,False,,,,,,,,,,,,absolute_error,,,,,,,,,,,,,,,,,,,,,,,,,,,,percentil_fs,,,,,,,,,,,,,,,,,,,,,,,,,,,,,,,,,,,,,,,,,,,,,,,,,,,,,,,,,,,,,,,,,,,,,,,,,,,,,,,,,,log2,,,,,,,,,,sklearn,,,,,,,,,,,,,100.0,,,,,,,,,,,,,,,,,,,25.0,,,,,,,extra_trees_regressor_model,,,,,,,,,,heavy_standardisation,custom_standardizer,,,,,,,,,,,,,,,,,,,,,,,,,COMPLETE
97,97,0.5142628037563198,2024-02-09 03:31:04.048544,2024-02-09 03:43:09.091248,0 days 00:12:05.042704,layered,,,,,,,,,,,,,,,,,,,,,,,,,,,,,,,,,,,,,,,,,,,,,,,False,,,,,,,,,,,,,friedman_mse,,,,,,,,,,,,,,,,,,,,,,,,,percentil_fs,,,,,,,,2048.0,,,,,,,,,,,,,,,,,,,,,,,,,,,,,,,,,,,,,,,,,,,,,,,,,,,,,,,,,,,,,,,,,,,,,,,,,7.0,,,sqrt,,,,2.0,,,,sklearn,,,,,,,,,,,,,,,100.0,,,,,,,,,,,,,,,,,83.0,,,,,,,random_forest_regressor_model,,,,,,,,,,heavy_standardisation,custom_standardizer,,,,,,,,,,,,,,,,,,,,,,,,,COMPLETE
98,98,inf,2024-02-09 03:43:09.110716,2024-02-09 03:43:09.335548,0 days 00:00:00.224832,rdk,keras_tabular_transformer,,,,,,,,,,,,,,,,,,,,,,,,,,0.47660886839027794,0.49541567290352406,,,8.0,8.0,,,,,,,,,,,,,,,,,,,,,,,,,,,,,,,relu,0.2334801478095474,,40.0,,,,,,,,,,,128.0,,,,,,,,,1D,,,,,,,2048.0,,,,,,,,,,,,,,,,,,,,,,,,,,,,,,,,,,,,,,,,,,,,,,,,,,,,,,,,,,,,,,,,,,,,,,,,,,,,,,5.0,,,2.0,,,keras,,1.0,2.0,,,,,,,,,,,,,,,,,,,,,,,,,,,,,,,,,,,,,,,,,,,,,,,,,,,,,,,,,,,,,,,,,,,,,,,,COMPLETE
99,99,inf,2024-02-09 03:43:09.351898,2024-02-09 06:43:10.570196,0 days 03:00:01.218298,mol2vec,,,,,,,,,,,,,,,,,,,,,,,,,,,,,,,,,,,rfr,,,,,,,,,False,,True,,,,,,,,,,,,,,,,,,,,,,,,,,,,,,,,,,,,,,,low_variance_fs,,,,,,,,,,,,,,,,,,,,,,,,,,,,,,,,,,,,,,,,,,,,,,,,,,,,,,,,,,,,,,,,,,,,,,,,,,,,,,,,,,,,,,,,,,,,sklearn,,,,,,,,,,,,50.0,,,,,,,,,,,,,,,,,,,,,,,,,,,bagging_regressor_model,,,,,,,,,,heavy_standardisation,custom_standardizer,,,,,0.08014817882985828,,,,,,,,,,,,,,,,,,,,COMPLETE
