,number,value,datetime_start,datetime_complete,duration,params_1D_featurizer,params_1d_model,params_2d_model,params_C_linear_svr,params_C_nu_svr,params_C_passive_aggressive_regressor,params_C_svr,params_activation_mlp_regressor,params_algorithm_kneighbors_regressor,params_algorithm_radius_neighbors_regressor,params_alpha_1,params_alpha_2,params_alpha_bayesian_ridge,params_alpha_elastic_net,params_alpha_gamma_regressor,params_alpha_gaussian_process_regressor,params_alpha_huber_regressor,params_alpha_kernel_ridge,params_alpha_lasso,params_alpha_lasso_cv,params_alpha_mlp_regressor,params_alpha_poisson_regressor,params_alpha_quantile_regressor,params_alpha_ridge_cv,params_alpha_ridge_model,params_alpha_sgd_regressor,params_alpha_tweedie_regressor,params_attention_dropout_0,params_attention_dropout_1,params_attention_key_dim_0,params_attention_key_dim_1,params_base_estimator_bagging_regressor,params_base_estimator_ransac_regressor,params_base_filters,params_batch_normalization_0,params_batch_normalization_1,params_batch_normalization_2,params_batch_normalization_3,params_batch_normalization_4,params_batch_size_deepchem,params_batchnorm,params_bootstrap_bagging_regressor,params_bootstrap_extra_trees_regressor,params_bootstrap_features,params_bootstrap_random_forest_regressor,params_conv_activation_0,params_conv_activation_1,params_conv_batch_norm_0,params_conv_batch_norm_1,params_conv_dropout_0,params_conv_dropout_1,params_criterion_extra_trees_regressor,params_criterion_gradient_boosting_regressor,params_criterion_lasso_lars,params_criterion_random_forest_regressor,params_degree_nu_svr,params_degree_svr,params_dense_activation,params_dense_dropout,params_dense_units,params_depth_dmpnn,params_dropout,params_dropout_dag,params_dropout_gcn,params_dropout_pagtn,params_dropout_text_cnn,params_dropouts_dtnn,params_dropouts_weave,params_embed_dropout_p,params_embedding_output_dim,params_encoder_dropout_p,params_epochs_deepchem,params_epsilon_huber_regressor,params_epsilon_linear_svr,params_epsilon_sgd_regressor,params_f1,params_f2,params_feature_selector,params_featurizer_type,params_ff_dropout_p,params_filter_0,params_filter_1,params_fnn_dropout_p,params_fnn_layers,params_fpSize,params_g_noise,params_gamma_kernel_ridge,params_gamma_nu_svr,params_gamma_svr,params_gen_dropout_p,params_gen_n_layers,params_graph_conv_layers_gcn,params_gru_dropout_0,params_gru_dropout_1,params_gru_dropout_2,params_gru_units_0,params_gru_units_1,params_gru_units_2,params_hidden_activation_0,params_hidden_activation_1,params_hidden_activation_2,params_hidden_activation_3,params_hidden_activation_4,params_hidden_dropout_0,params_hidden_dropout_1,params_hidden_dropout_2,params_hidden_dropout_3,params_hidden_dropout_4,params_hidden_layer_sizes_mlp_regressor,params_hidden_layer_units_0,params_hidden_layer_units_1,params_hidden_layer_units_2,params_hidden_layer_units_3,params_hidden_layer_units_4,params_k,params_kernel_nu_svr,params_kernel_ridge,params_kernel_size_0,params_kernel_size_1,params_kernel_svr,params_l1_0,params_l1_1,params_l1_2,params_l1_3,params_l1_4,params_l1_ratio_elastic_net,params_l1_ratio_sgd_regressor,params_l2_0,params_l2_1,params_l2_2,params_l2_3,params_l2_4,params_lambda_1_ard_regression,params_lambda_1_bayesian_ridge,params_lambda_2_ard_regression,params_lambda_2_bayesian_ridge,params_layer_sizes_dag,params_layer_sizes_gather,params_leaf_size_kneighbors_regressor,params_leaf_size_radius_neighbors_regressor,params_learning_rate_ada_boost_regressor,params_learning_rate_gradient_boosting_regressor,params_learning_rate_hist_gradient_boosting_regressor,params_loss_ada_boost_regressor,params_loss_gradient_boosting_regressor,params_loss_hist_gradient_boosting_regressor,params_lstm_dropout_0,params_lstm_dropout_1,params_lstm_dropout_2,params_lstm_units_0,params_lstm_units_1,params_lstm_units_2,params_maxLength,params_maxPath,params_max_features_extra_trees_regressor,params_max_features_gradient_boosting_regressor,params_max_features_random_forest_regressor,params_max_length_pagtn,params_max_path,params_minLength,params_minPath,params_min_path,params_min_samples,params_model_steps,params_model_type,params_nBits,params_n_attention_heads,params_n_attention_layers,params_n_bits,params_n_components,params_n_conv_layers,params_n_embedding_dtnn,params_n_embedding_text_cnn,params_n_encoders,params_n_estimators,params_n_estimators_ada_boost_regressor,params_n_estimators_bagging_regressor,params_n_estimators_extra_trees_regressor,params_n_estimators_gradient_boosting_regressor,params_n_estimators_random_forest_regressor,params_n_graph_feat_dag,params_n_graph_feat_weave,params_n_gru_layers,params_n_hidden_dtnn,params_n_hidden_layers,params_n_hidden_weave,params_n_layers,params_n_lstm_layers,params_n_neighbors_kneighbors_regressor,params_n_quantiles,params_n_rnn_layers,params_nu_nu_svr,params_num_heads,params_num_layers_pagtn,params_output_distribution,params_p,params_penalty,params_percentile,params_power_tweedie_regressor,params_predictor_dropout_gcn,params_quantile,params_radius,params_radius_n_radius_neighbors_regressor,params_regression_model,params_rnn_dropouts_0,params_rnn_dropouts_1,params_rnn_dropouts_2,params_rnn_units_0,params_rnn_units_1,params_rnn_units_2,params_sa_dropout_p,params_scale,params_scaler,params_standardization_type,params_standardizer,params_stride_0,params_stride_1,params_support_weak,params_threshold,params_threshold_lambda,params_use_chirality_gcn,params_use_chirality_weave,params_use_edges_gcn,params_use_partial_charge_gcn,params_weight_gbr,params_weight_lr,params_weight_mlp,params_weight_rfr,params_weight_svr,params_weights_kneighbors_regressor,params_weights_radius_neighbors_regressor,state
0,0,-inf,2024-01-22 09:47:18.767900,2024-01-22 09:52:19.150233,0 days 00:05:00.382333,,,,,,,,,,,,,,,,,,,,,,,,,,,,,,,,,,,,,,,,8.0,,,,,,,,,,,,,,,,,,,,,,,,,,,,,0.25,,0.5,786.0,,,,,,,,0.25,,,,,,,,,,0.5,1.0,,,,,,,,,,,,,,,,,,,,,,,,,,,,,,,,,,,,,,,,,,,,,,,,,,,,,,,,,,,,,,,,,,,,,,,,,mat_model,deepchem,,,,,,,,,4.0,,,,,,,,,,,,,1.0,,,,,,,,,,,,,,,,,,,,,,,,0.25,,,,pass_through_standardizer,,,,,,,,,,,,,,,,,COMPLETE
1,1,-inf,2024-01-22 09:52:19.193455,2024-01-22 09:57:19.330230,0 days 00:05:00.136775,2d_descriptors,,,,,,,,,,,,,,,,,,,,,,,,,,,,,,,rfr,,,,,,,,,,False,,False,,,,,,,,,,,,,,,,,,,,,,,,,,,,,,,,,,low_variance_fs,,,,,,,,,,,,,,,,,,,,,,,,,,,,,,,,,,,,,,,,,,,,,,,,,,,,,,,,,,,,,,,,,,,,,,,,,,,,,,,,,,,,,,,sklearn,,,,,,,,,,,,500.0,,,,,,,,,,,,,,,,,,,,,,,,,,,bagging_regressor_model,,,,,,,,,pass_through_transformer,,basic_standardizer,,,,0.030571436672348715,,,,,,,,,,,,,COMPLETE
2,2,-inf,2024-01-22 09:57:19.384980,2024-01-22 09:57:19.558940,0 days 00:00:00.173960,layered,keras_tabular_transformer,,,,,,,,,,,,,,,,,,,,,,,,,,0.3952169288809593,0.23550573016739257,16.0,8.0,,,,,,,,,,,,,,,,,,,,,,,,,,,relu,0.11405455374646611,88.0,,,,,,,,,,128.0,,,,,,,,,1D,,,,,,1024.0,,,,,,,,,,,,,,,,,,,,,,,,,,,,,,,,,,,,,,,,,,,,,,,,,,,,,,,,,,,,,,,,,,,,,7.0,,,,,,,3.0,,,,keras,,4.0,2.0,,,,,,,,,,,,,,,,,,,,,,,,,,,,,,,,,,,,,,,,,,,,,,,,,,,,,,,,,,,,,,,,COMPLETE
3,3,-inf,2024-01-22 09:57:19.576338,2024-01-22 09:57:23.353255,0 days 00:00:03.776917,,,keras_rnn,,,,,,,,,,,,,,,,,,,,,,,,,,,,,,,,,,,,,,,,,,,,,,,,,,,,,,,relu,0.17505859119153822,16.0,,,,,,,,,,,,,,,,,,,2D,,,,,,,,,,,,,,0.3985329256476225,,,25.0,,,,,,,,,,,,,,,,,,,,,,,,,,,,,,,,,,,,,,,,,,,,,,,,,,,0.15802269987707418,0.02022911386522641,0.33539263601025365,166.0,86.0,194.0,,,,,,,,,,,,,keras,,,,,,,,,,,,,,,,,,1.0,,,,,3.0,,,,,,,,,,,,,,,,,,,,,,,,,,,,,,,,,,,,,,,,,,,,COMPLETE
4,4,-inf,2024-01-22 09:57:23.369656,2024-01-22 09:57:27.034761,0 days 00:00:03.665105,,,keras_simple_rnn,,,,,,,,,,,,,,,,,,,,,,,,,,,,,,,,,,,,,,,,,,,,,,,,,,,,,,,tanh,0.39480130847088785,160.0,,,,,,,,,,,,,,,,,,,2D,,,,,,,,,,,,,,,,,,,,,,,,,,,,,,,,,,,,,,,,,,,,,,,,,,,,,,,,,,,,,,,,,,,,,,,,,,,,,,,,,,,,,,keras,,,,,,,,,,,,,,,,,,,,,,,,,,1.0,,,,,,,,,,,,,,0.11212763664105085,,,193.0,,,,,,,,,,,,,,,,,,,,,,,,COMPLETE
5,5,-inf,2024-01-22 09:57:27.052785,2024-01-22 10:02:27.066303,0 days 00:05:00.013518,mixed,,,,,,,,,,,,,,,,,,,,,,,,,,,,,,,,,,,,,,,,,,,,,,,,,,,,,,,,,,,,,,,,,,,,,,,,,,,maccs,maccs,,1D,,,,,,,,,,,,,,,,,,,,,,,,,,,,,,,,,,,,,,,,,,,,,,,,,,,,,,,,,,,,,,,,,,,,,,,,,,,,,,,,,,,,,,keras,,,,,,,,,,,,,,,,,,,,,,,,,,,,,,,,,,,,,,,,,,,,,,,,,,,,,,,,,,,,,,,,,,,COMPLETE
6,6,0.5541426310084777,2024-01-22 10:02:27.094052,2024-01-22 10:05:42.491125,0 days 00:03:15.397073,layered,,,,,,,,,,,,,,,,,,,,,,,,,,,,,,,,,,,,,,,,,,,,True,,,,,,,,,,absolute_error,,,,,,,,,,,,,,,,,,,,,,,low_variance_fs,,,,,,,1024.0,,,,,,,,,,,,,,,,,,,,,,,,,,,,,,,,,,,,,,,,,,,,,,,,,,,,,,,,,,,,,,,,,,,,,5.0,,,sqrt,,,,2.0,,,,sklearn,,,,,,,,,,,,,,,700.0,,,,,,,,,,,,,,,,,,,,,,,,random_forest_regressor_model,,,,,,,,,,heavy_standardisation,custom_standardizer,,,,0.07951688017124386,,,,,,,,,,,,,COMPLETE
7,7,0.015870424034633228,2024-01-22 10:05:42.508232,2024-01-22 10:08:54.528113,0 days 00:03:12.019881,mol2vec,,,,,,,,brute,,,,,,,,,,,,,,,,,,,,,,,,,,,,,,,,,,,,,,,,,,,,,,,,,,,,,,,,,,,,,,,,,,,,,pass_through_transformer,,,,,,,,,,,,,,,,,,,,,,,,,,,,,,,,,,,,,,,,,,,,,,,,,,,,,,,,,,,,,7.0,,,,,,,,,,,,,,,,,,,,,,,,,,sklearn,,,,,,,,,,,,,,,,,,,,,,,,5.0,,,,,,,10.0,,,,,,,,kneighbors_regressor_model,,,,,,,,,,,basic_standardizer,,,,,,,,,,,,,,,distance,,COMPLETE
8,8,-inf,2024-01-22 10:08:54.543373,2024-01-22 10:09:44.901818,0 days 00:00:50.358445,,,,,,,,,,,,,,,,,,,,,,,,,,,,,,,,,,,,,,,,512.0,,,,,,,,,,,,,,,,,,,,,,,,,,,,,0.25,,0.25,905.0,,,,,,,,0.25,,,,,,,,,,0.0,1.0,,,,,,,,,,,,,,,,,,,,,,,,,,,,,,,,,,,,,,,,,,,,,,,,,,,,,,,,,,,,,,,,,,,,,,,,,mat_model,deepchem,,,,,,,,,4.0,,,,,,,,,,,,,1.0,,,,,,,,,,,,,,,,,,,,,,,,0.25,,,,chembl_standardizer,,,,,,,,,,,,,,,,,COMPLETE
9,9,-inf,2024-01-22 10:09:44.918778,2024-01-22 10:14:44.937619,0 days 00:05:00.018841,,,,,,,,,,,,,,,,,,,,,,,,,,,,,,,,,,,,,,,,256.0,,,,,,,,,,,,,,,,,,,,,,,,,,0.0,,,,,,510.0,,,,,,,,,,,,,,,,,,,,,,,,,,,,,,,,,,,,,,,,,,,,,,,,,,,,,,,,,,,,,,,,,,,,,,,,,,,,,,,,,,,,,,,,,,,,text_cnn_model,deepchem,,,,,,,,75.0,,,,,,,,,,,,,,,,,,,,,,,,,,,,,,,,,,,,,,,,,,pass_through_standardizer,,,,,,,,,,,,,,,,,COMPLETE
10,10,0.535810191243188,2024-01-22 10:14:45.023870,2024-01-22 10:19:33.696667,0 days 00:04:48.672797,layered,,,,,,,,,,,,,,,,,,,,,,,,,,,,,,,,,,,,,,,,,,,,True,,,,,,,,,,absolute_error,,,,,,,,,,,,,,,,,,,,,,,low_variance_fs,,,,,,,1024.0,,,,,,,,,,,,,,,,,,,,,,,,,,,,,,,,,,,,,,,,,,,,,,,,,,,,,,,,,,,,,,,,,,,,,5.0,,,sqrt,,,,1.0,,,,sklearn,,,,,,,,,,,,,,,800.0,,,,,,,,,,,,,,,,,,,,,,,,random_forest_regressor_model,,,,,,,,,,heavy_standardisation,custom_standardizer,,,,0.12042630182348957,,,,,,,,,,,,,COMPLETE
11,11,0.5518986811573561,2024-01-22 10:19:33.712664,2024-01-22 10:24:09.688850,0 days 00:04:35.976186,layered,,,,,,,,,,,,,,,,,,,,,,,,,,,,,,,,,,,,,,,,,,,,True,,,,,,,,,,absolute_error,,,,,,,,,,,,,,,,,,,,,,,low_variance_fs,,,,,,,1024.0,,,,,,,,,,,,,,,,,,,,,,,,,,,,,,,,,,,,,,,,,,,,,,,,,,,,,,,,,,,,,,,,,,,,,5.0,,,sqrt,,,,1.0,,,,sklearn,,,,,,,,,,,,,,,800.0,,,,,,,,,,,,,,,,,,,,,,,,random_forest_regressor_model,,,,,,,,,,heavy_standardisation,custom_standardizer,,,,0.12177645280578472,,,,,,,,,,,,,COMPLETE
12,12,0.6130663786447382,2024-01-22 10:24:09.705761,2024-01-22 10:27:56.592622,0 days 00:03:46.886861,maccs,,,,,,,,,,,,,,,,,,,,,,,,,,,,,,,,,,,,,,,,,,,,True,,,,,,,,,,absolute_error,,,,,,,,,,,,,,,,,,,,,,,low_variance_fs,,,,,,,,,,,,,,,,,,,,,,,,,,,,,,,,,,,,,,,,,,,,,,,,,,,,,,,,,,,,,,,,,,,,,,,,,,,,,,,sqrt,,,,,,,,sklearn,,,,,,,,,,,,,,,700.0,,,,,,,,,,,,,,,,,,,,,,,,random_forest_regressor_model,,,,,,,,,,heavy_standardisation,custom_standardizer,,,,0.10916310716719452,,,,,,,,,,,,,COMPLETE
13,13,,2024-01-22 10:27:56.613634,2024-01-22 10:31:49.932329,0 days 00:03:53.318695,maccs,,,,,,,,,ball_tree,,,,,,,,,,,,,,,,,,,,,,,,,,,,,,,,,,,,,,,,,,,,,,,,,,,,,,,,,,,,,,,,,,,,boruta_algorithm,,,,,,,,,,,,,,,,,,,,,,,,,,,,,,,,,,,,,,,,,,,,,,,,,,,,,,,,,,,,,,9.0,,,,,,,,,,,,,,,,,,,,,,,,,sklearn,,,,,,,,,,,,,,,,,,,,,,,,,,,,,,,2.0,,,,,,,5.964006654604299,radius_neighbors_regressor_model,,,,,,,,,,heavy_standardisation,custom_standardizer,,,True,,,,,,,,,,,,,distance,FAIL
14,14,-inf,2024-01-22 10:31:49.948333,2024-01-22 10:36:50.057958,0 days 00:05:00.109625,maccs,,,,,,,,,,,,,,,,,,,,,,,,,,,,,,,,,,,,,,,,,,,,,,,,,,,,,,,,,,,,,,,,,,,,,,,,,,,,,k_best,,,,,,,,,,,,,,,,,,,,,,,,,,,,,,,,,,,,,11.0,,,,,,,,,,,,,,,,,,,,,,,,,,,,0.820485248922545,,,squared_error,,,,,,,,,,,,,,,,,,,sklearn,,,,,,,,,,,,,,,,,,,,,,,,,,,,,,,,,,,,,,,hist_gradient_boosting_regressor_model,,,,,,,,,,heavy_standardisation,custom_standardizer,,,,,,,,,,,,,,,,,COMPLETE
15,15,0.16905884772111462,2024-01-22 10:36:50.151018,2024-01-22 10:40:22.538612,0 days 00:03:32.387594,morgan,,,,,2.1061841145793347,,,,,,,,,,,,,,,,,,,,,,,,,,,,,,,,,,,,,,,,,,,,,,,,,,,,,,,,,,,,,,,,,,,,,,,,percentil_fs,,,,,,,,,,,,,,,,,,,,,,,,,,,,,,,,,,,,,,,,,,,,,,,,,,,,,,,,,,,,,,,,,,,,,,,,,,,,,,,,,,,,,,,sklearn,,,,2048.0,,,,,,,,,,,,,,,,,,,,,,,,,,,,,4.0,,,,2.0,,passive_aggressive_regressor_model,,,,,,,,,,simple_standardisation,custom_standardizer,,,,,,,,,,,,,,,,,COMPLETE
16,16,0.4296037759630944,2024-01-22 10:40:22.573252,2024-01-22 10:48:15.116843,0 days 00:07:52.543591,atom_pair,,,,,,,,,,,,,,,,,,,,,,,,,,,,,,,,,,,,,,,,,,,,True,,,,,,,,,,friedman_mse,,,,,,,,,,,,,,,,,,,,,,,select_from_model_fs,,,,,,,,,,,,,,,,,,,,,,,,,,,,,,,,,,,,,,,,,,,,,,,,,,,,,,,,,,,,,,,,,,,,,,,,,,,30.0,,,,sqrt,,,2.0,,,,,sklearn,2048.0,,,,,,,,,356.0,,,,,400.0,,,,,,,,,,,,,,,,,,,,,,,,random_forest_regressor_model,,,,,,,,,,heavy_standardisation,custom_standardizer,,,,,,,,,,,,,,,,,COMPLETE
17,17,,2024-01-22 10:48:15.195384,2024-01-22 10:52:19.724264,0 days 00:04:04.528880,maccs,,,,,,,,,auto,,,,,,,,,,,,,,,,,,,,,,,,,,,,,,,,,,,,,,,,,,,,,,,,,,,,,,,,,,,,,,,,,,,,boruta_algorithm,,,,,,,,,,,,,,,,,,,,,,,,,,,,,,,,,,,,,,,,,,,,,,,,,,,,,,,,,,,,,,5.0,,,,,,,,,,,,,,,,,,,,,,,,,sklearn,,,,,,,,,,,,,,,,,,,,,,,,,,,,,,,2.0,,,,,,,5.215368108677232,radius_neighbors_regressor_model,,,,,,,,,,,chembl_standardizer,,,False,,,,,,,,,,,,,uniform,FAIL
18,18,-inf,2024-01-22 10:52:19.806766,2024-01-22 10:57:19.909077,0 days 00:05:00.102311,rdk,,,,,,,,,,,,,,,,,,,3.3512943697940853,,,,,,,,,,,,,,,,,,,,,,,,,,,,,,,,,,,,,,,,,,,,,,,,,,,,,,,,,,boruta_algorithm,,,,,,,2048.0,,,,,,,,,,,,,,,,,,,,,,,,,,,,,,,,,,,,,,,,,,,,,,,,,,,,,,,,,,,,,,,,,,,,,,,,,,10.0,,,1.0,,,sklearn,,,,,,,,,,,,,,,,,,,,,,,,,,,,,,,,,,,,,,,lasso_cv_model,,,,,,,,,,,chembl_standardizer,,,False,,,,,,,,,,,,,,COMPLETE
19,19,0.45328329509268783,2024-01-22 10:57:19.989048,2024-01-22 11:01:06.937756,0 days 00:03:46.948708,maccs,,,,,,,,,,,,9.07433112845733,,,,,,,,,,,,,,,,,,,,,,,,,,,,,,,,,,,,,,,,,,,,,,,,,,,,,,,,,,,,,,,,,low_variance_fs,,,,,,,,,,,,,,,,,,,,,,,,,,,,,,,,,,,,,,,,,,,,,,,,,,,,,,,,3.952694768539879,,1.5383460621002505,,,,,,,,,,,,,,,,,,,,,,,,,,,,,sklearn,,,,,,,,,,,,,,,,,,,,,,,,,,,,,,,,,,,,,,,bayesian_ridge_model,,,,,,,,,,heavy_standardisation,custom_standardizer,,,,0.07803692795278494,,,,,,,,,,,,,COMPLETE
20,20,0.42344556123220956,2024-01-22 11:01:06.954464,2024-01-22 11:04:56.900182,0 days 00:03:49.945718,maccs,,,,,,,,,,,,,,,,,,,,,,,,,,,,,,,,,,,,,,,,,,,,,,,,,,,,,,,,,,,,,,,,,,,,,,,,,,,,,low_variance_fs,,,,,,,,,,,,,,,,,,,,,,,,,,,,,,,,,,,,,,,,,,,,,,,,,,,,,,,,,,,,,,,,,,,,,,,,,,,,,,,,,,,,,,,sklearn,,,,,,,,,,,,,,,,,,,,,,,,,,,,,,,,,,,,,,,lasso_lars_cv_model,,,,,,,,,,simple_standardisation,custom_standardizer,,,,0.07814517734217451,,,,,,,,,,,,,COMPLETE
21,21,-inf,2024-01-22 11:04:56.955583,2024-01-22 11:09:57.018068,0 days 00:05:00.062485,,,,,,,,,,,,,,,,,,,,,,,,,,,,,,,,,,,,,,,,32.0,,,,,,,,,,,,,,,,,,,,,,,,,,,,0.25,,,,103.0,,,,,,,,,,,,,,,,,,,,,,,,,,,,,,,,,,,,,,,,,,,,,,,,,,,,,,,,,,,,,,,,,,,,,,,,,,,,,,,,,,,,,,,,,,,,weave_model,deepchem,,,,,,,,,,,,,,,,,256.0,,,,100.0,,,,,,,,,,,,,,,,,,,,,,,,,,,,heavy_standardisation,custom_standardizer,,,,,,,True,,,,,,,,,,COMPLETE
22,22,0.2191906695460096,2024-01-22 11:09:57.060202,2024-01-22 11:14:15.709751,0 days 00:04:18.649549,atom_pair,,,,,,,,,,,,,,0.4336543022833119,,,,,,,,,,,,,,,,,,,,,,,,,,,,,,,,,,,,,,,,,,,,,,,,,,,,,,,,,,,,,,,k_best,,,,,,,,,,,,,,,,,,,,,,,,,,,,,,,,,,,,,25.0,,,,,,,,,,,,,,,,,,,,,,,,,,,,,,,,,,,,,,50.0,,,,,,,1.0,,,,,sklearn,1024.0,,,,,,,,,,,,,,,,,,,,,,,,,,,,,,,,,,,,,,gamma_regressor_model,,,,,,,,,,,basic_standardizer,,,,,,,,,,,,,,,,,COMPLETE
23,23,-inf,2024-01-22 11:14:15.771274,2024-01-22 11:19:16.157393,0 days 00:05:00.386119,layered,,,,,,,,,,,,,,,,,,,,,,,,,,,,,,,,,,,,,,,,,,,,True,,,,,,,,,,absolute_error,,,,,,,,,,,,,,,,,,,,,,,low_variance_fs,,,,,,,1024.0,,,,,,,,,,,,,,,,,,,,,,,,,,,,,,,,,,,,,,,,,,,,,,,,,,,,,,,,,,,,,,,,,,,,,5.0,,,sqrt,,,,1.0,,,,sklearn,,,,,,,,,,,,,,,800.0,,,,,,,,,,,,,,,,,,,,,,,,random_forest_regressor_model,,,,,,,,,,heavy_standardisation,custom_standardizer,,,,0.12388596301314453,,,,,,,,,,,,,COMPLETE
24,24,0.019421528358144563,2024-01-22 11:19:16.209525,2024-01-22 11:24:27.171865,0 days 00:05:10.962340,layered,,,,,,,,,,,,,,,,,,,,,,,9.036277646938531,,,,,,,,,,,,,,,,,,,,,,,,,,,,,,,,,,,,,,,,,,,,,,,,,,,,,,low_variance_fs,,,,,,,1024.0,,,,,,,,,,,,,,,,,,,,,,,,,,,,,,,,,,,,,,,,,,,,,,,,,,,,,,,,,,,,,,,,,,,,,10.0,,,,,,,2.0,,,,sklearn,,,,,,,,,,,,,,,,,,,,,,,,,,,,,,,,,,,,,,,ridge_cv_model,,,,,,,,,,heavy_standardisation,custom_standardizer,,,,0.11260239983101679,,,,,,,,,,,,,COMPLETE
25,25,0.49103516872244624,2024-01-22 11:24:27.192762,2024-01-22 11:30:58.797738,0 days 00:06:31.604976,layered,,,,,,,,,,,,,,,,,,,,,,,,,,,,,,,,,,,,,,,,,,,,False,,,,,,,,,,absolute_error,,,,,,,,,,,,,,,,,,,,,,,low_variance_fs,,,,,,,2048.0,,,,,,,,,,,,,,,,,,,,,,,,,,,,,,,,,,,,,,,,,,,,,,,,,,,,,,,,,,,,,,,,,,,,,5.0,,,sqrt,,,,2.0,,,,sklearn,,,,,,,,,,,,,,,700.0,,,,,,,,,,,,,,,,,,,,,,,,random_forest_regressor_model,,,,,,,,,,heavy_standardisation,custom_standardizer,,,,0.14377228675891146,,,,,,,,,,,,,COMPLETE
26,26,-inf,2024-01-22 11:30:58.819544,2024-01-22 11:35:58.833915,0 days 00:05:00.014371,mixed,,,,,,,,,,,,,,,,,,,,,,,,,,,,,,,,,,,,,,,,,,,,,,,,,,,,,,,,,,,,,,,,,,,,,,,,,,,rdk,rdk,,,,,,,,,,,,,,,,,,,,,,,,,,,,,,,,,,,,,,,,,,,,,,,,,,,,,,,,,,,,,,,,,,,,,,,,,,,,,,,,,,,,,,,,sklearn,,,,,,,,,,,,,,,,,,,,,,,,,,,,,,,,,,,,,,,,,,,,,,,,,,,,,,,,,,,,,,,,,,,COMPLETE
27,27,-inf,2024-01-22 11:35:58.927379,2024-01-22 11:40:59.484234,0 days 00:05:00.556855,mol2vec,,,,,,,,,,,,,,,,,0.7020990476147979,,,,,,,,,,,,,,,,,,,,,,,,,,,,,,,,,,,,,,,,,,,,,,,,,,,,,,,,,,,,boruta_algorithm,,,,,,,,,0.1817587536871722,,,,,,,,,,,,,,,,,,,,,,,,,,,,,,poly,,,,,,,,,,,,,,,,,,,,,,,,,,,,,,,,,,,,,,,,,,,,,,,,sklearn,,,,,,,,,,,,,,,,,,,,,,,,,,,,,,,,,,,,,,,kernel_ridge_regressor_model,,,,,,,,,,,chembl_standardizer,,,True,,,,,,,,,,,,,,COMPLETE
28,28,0.4883046603070774,2024-01-22 11:40:59.533781,2024-01-22 11:44:10.792481,0 days 00:03:11.258700,rdk,,,,,,,,,,,,,,,,,,,,,0.9107006685998507,,,,,,,,,,,,,,,,,,,,,,,,,,,,,,,,,,,,,,,,,,,,,,,,,,,,,,,,percentil_fs,,,,,,,1024.0,,,,,,,,,,,,,,,,,,,,,,,,,,,,,,,,,,,,,,,,,,,,,,,,,,,,,,,,,,,,,,,,,,,,,,,,,,5.0,,,3.0,,,sklearn,,,,,,,,,,,,,,,,,,,,,,,,,,,,,,,,,98.0,,,,,,poisson_regressor_model,,,,,,,,,,,pass_through_standardizer,,,,,,,,,,,,,,,,,COMPLETE
29,29,-inf,2024-01-22 11:44:10.814911,2024-01-22 11:49:10.977418,0 days 00:05:00.162507,morgan,,,,,,,,,,,,,,,,,,,,,,,,,,,,,,,,,,,,,,,,,,,,,,,,,,,,,,,,,,,,,,,,,,,,,,,,,,,,,select_from_model_fs,,,,,,,,,,,,,,,,,,,,,,,,,,,,,,,,,,,,,,,,,,,,,,,,,,,,,,,,,,,,,,,,,,,,,,,,,,,,,,,,,,,,,,,sklearn,,,,1024.0,,,,,,985.0,,,,,,,,,,,,,,,,,,,,,,,,,,,6.0,,voting_regressor_model,,,,,,,,,,heavy_standardisation,custom_standardizer,,,,,,,,,,0.15231229988759742,0.9592238313058313,0.9409332279948309,0.26278450017162097,0.25746314726223485,,,COMPLETE
30,30,-inf,2024-01-22 11:49:11.060005,2024-01-22 11:49:20.630935,0 days 00:00:09.570930,,,keras_bidirectional_rnn,,,,,,,,,,,,,,,,,,,,,,,,,,,,,,,,,,,,,,,,,,,,,,,,,,,,,,,tanh,0.002727527864866408,256.0,,,,,,,,,,,,,,,,,,,2D,,,,,,,,,,,,,,0.01250633452567329,0.37740103679330245,0.39896950539721426,246.0,75.0,201.0,,,,,,,,,,,,,,,,,,,,,,,,,,,,,,,,,,,,,,,,,,,,,,,,,0.4757727160461714,,,25.0,,,,,,,,,,,,,,,keras,,,,,,,,,,,,,,,,,,3.0,,,,,1.0,,,,,,,,,,,,,,,,,,,,,,,,,,,,,,,,,,,,,,,,,,,,COMPLETE
31,31,-inf,2024-01-22 11:49:20.649414,2024-01-22 11:50:33.577753,0 days 00:01:12.928339,,,,,,,,,,,,,,,,,,,,,,,,,,,,,,,,,,,,,,,,64.0,,,,,,,,,,,,,,,,,,,,,,,0.5,,,,,,,,,145.0,,,,,,,,,,,,,,,,,,,,,,,,,,,,,,,,,,,,,,,,,,,,,,,,,,,,,,,,,,,,,,,,,[500],[50],,,,,,,,,,,,,,,,,,,,,,,,,,dag_model,deepchem,,,,,,,,,,,,,,,,30.0,,,,,,,,,,,,,,,,,,,,,,,,,,,,,,,,,heavy_standardisation,custom_standardizer,,,,,,,,,,,,,,,,,COMPLETE
32,32,-inf,2024-01-22 11:50:33.661495,2024-01-22 11:55:34.462376,0 days 00:05:00.800881,,,,,,,,,,,,,,,,,,,,,,,,,,,,,,,,,,,,,,,,16.0,,,,,,,,,,,,,,,,,,,,,,,,,,,0.5,,,,,474.0,,,,,,,,,,,,,,,,,,,,,,,,,,,,,,,,,,,,,,,,,,,,,,,,,,,,,,,,,,,,,,,,,,,,,,,,,,,,,,,,,,,,,,,,,,,,dtnn_model,deepchem,,,,,,,50.0,,,,,,,,,,,,50.0,,,,,,,,,,,,,,,,,,,,,,,,,,,,,,simple_standardisation,custom_standardizer,,,,,,,,,,,,,,,,,COMPLETE
33,33,0.536287501198071,2024-01-22 11:55:34.548754,2024-01-22 12:01:45.899267,0 days 00:06:11.350513,layered,,,,,,,,,,,,,,,,,,,,,,,,,,,,,,,,,,,,,,,,,,,,True,,,,,,,,,,absolute_error,,,,,,,,,,,,,,,,,,,,,,,low_variance_fs,,,,,,,1024.0,,,,,,,,,,,,,,,,,,,,,,,,,,,,,,,,,,,,,,,,,,,,,,,,,,,,,,,,,,,,,,,,,,,,,5.0,,,sqrt,,,,1.0,,,,sklearn,,,,,,,,,,,,,,,800.0,,,,,,,,,,,,,,,,,,,,,,,,random_forest_regressor_model,,,,,,,,,,heavy_standardisation,custom_standardizer,,,,0.1124645358564368,,,,,,,,,,,,,COMPLETE
34,34,0.24269675138181523,2024-01-22 12:01:45.935055,2024-01-22 12:07:05.046316,0 days 00:05:19.111261,layered,,,,,,,,,,,,,,,,,,,,,,,,,0.117315844549441,,,,,,,,,,,,,,,,,,,,,,,,,,,,,,,,,,,,,,,,,,,,,,,,,0.045455313795051744,,,low_variance_fs,,,,,,,1024.0,,,,,,,,,,,,,,,,,,,,,,,,,,,,,,,,,,,,,,,,,,0.8027876960304651,,,,,,,,,,,,,,,,,,,,,,,,,,,6.0,,,,,,,1.0,,,,sklearn,,,,,,,,,,,,,,,,,,,,,,,,,,,,,,,,elasticnet,,,,,,,sgd_regressor_model,,,,,,,,,,heavy_standardisation,custom_standardizer,,,,0.09931240964271264,,,,,,,,,,,,,COMPLETE
35,35,-inf,2024-01-22 12:07:05.088976,2024-01-22 12:12:05.192784,0 days 00:05:00.103808,layered,,,,,,,,,,,,,,,,,,,,,,,,,,,,,,,,,,,,,,,,,,,,True,,,,,,,,,,absolute_error,,,,,,,,,,,,,,,,,,,,,,,low_variance_fs,,,,,,,1024.0,,,,,,,,,,,,,,,,,,,,,,,,,,,,,,,,,,,,,,,,,,,,,,,,,,,,,,,,,,,,,,,,,,,,,6.0,,,sqrt,,,,1.0,,,,sklearn,,,,,,,,,,,,,,,700.0,,,,,,,,,,,,,,,,,,,,,,,,random_forest_regressor_model,,,,,,,,,,heavy_standardisation,custom_standardizer,,,,0.10096389473230408,,,,,,,,,,,,,COMPLETE
36,36,-inf,2024-01-22 12:12:05.285009,2024-01-22 12:17:05.963247,0 days 00:05:00.678238,2d_descriptors,,,,,,,,,,,,,2.2562170728413813,,,,,,,,,,,,,,,,,,,,,,,,,,,,,,,,,,,,,,,,,,,,,,,,,,,,,,,,,,,,,,,,pass_through_transformer,,,,,,,,,,,,,,,,,,,,,,,,,,,,,,,,,,,,,,,,,,,,,,,,0.6950655989695044,,,,,,,,,,,,,,,,,,,,,,,,,,,,,,,,,,,,,,,sklearn,,,,,,,,,,,,,,,,,,,,,,,,,,,,,,,,,,,,,,,elastic_net_model,,,,,,,,,binarizer,heavy_standardisation,custom_standardizer,,,,,,,,,,,,,,,,,COMPLETE
37,37,-inf,2024-01-22 12:17:05.992405,2024-01-22 12:17:06.132741,0 days 00:00:00.140336,maccs,keras_dense,,,,,,,,,,,,,,,,,,,,,,,,,,,,,,,,,False,,,,,,,,,,,,,,,,,,,,,,,,,,,,,,,,,,,,,,,,,,,,1D,,,,,,,,,,,,,,,,,,,,relu,,,,,0.1835465457517117,,,,,,52.0,,,,,,,,,,,0.0001458131008597065,,,,,,,1.8229654936796956e-05,,,,,,,,,,,,,,,,,,,,,,,,,,,,,,,,,,,,,keras,,,,,,,,,,,,,,,,,,,,1.0,,,,,,,,,,,,,,,,,,,,,,,,,,,,,,,,,,,,,,,,,,,,,,,COMPLETE
38,38,0.2479627802133268,2024-01-22 12:17:06.149497,2024-01-22 12:21:59.691287,0 days 00:04:53.541790,layered,,,,,,,,,,,,,,,,,,,,,,,,,,,,,,,,,,,,,,,,,,,,,,,,,,,,,,,,,,,,,,,,,,,,,,,,,,,,,low_variance_fs,,,,,,,1024.0,,,,,,,,,,,,,,,,,,,,,,,,,,,,,,,,,,,,,,,,,,,,,,,,,,,,,,,,,,,,,,,,,,,,,5.0,,,,,,,2.0,,,,sklearn,,,,,,,,,,,,,,,,,,,,,,,,,,,,,,,,,,,,,,,linear_regression_model,,,,,,,,,,heavy_standardisation,custom_standardizer,,,,0.14160503959718743,,,,,,,,,,,,,COMPLETE
39,39,-inf,2024-01-22 12:21:59.739612,2024-01-22 12:22:00.020659,0 days 00:00:00.281047,layered,keras_1d_cnn,,,,,,,,,,,,,,,,,,,,,,,,,,,,,,,,,,,,,,,,,,,,relu,relu,True,True,0.5939941378069482,0.5097927884729182,,,,,,,relu,,256.0,,0.15890252742430155,,,,,,,,,,,,,,,,,1D,,25.0,29.0,,,2048.0,0.03702182988323298,,,,,,,,,,,,,,,,,,,,,,,,,,,,,,,,54.0,62.0,,,,,,,,,,,,,,,,,,,,,,,,,,,,,,,,,,,9.0,,,,,,,3.0,,,,keras,,,,,,2.0,,,,,,,,,,,,,,,,,,,,,,,,,,,,,,,,,,,,,,,,,,,,,1.0,2.0,,,,,,,,,,,,,,,COMPLETE
40,40,0.5368194044064485,2024-01-22 12:22:00.038964,2024-01-22 12:24:31.975344,0 days 00:02:31.936380,maccs,,,5.821663380354513,,,,,,,,,,,,,,,,,,,,,,,,,,,,,,,,,,,,,,,,,,,,,,,,,,,,,,,,,,,,,,,,,,,,,,0.18965659892368913,,,,low_variance_fs,,,,,,,,,,,,,,,,,,,,,,,,,,,,,,,,,,,,,,,,,,,,,,,,,,,,,,,,,,,,,,,,,,,,,,,,,,,,,,,,,,,,,,,sklearn,,,,,,,,,,,,,,,,,,,,,,,,,,,,,,,,,,,,,,,linear_svr_model,,,,,,,,,,,pass_through_standardizer,,,,0.10209383759359492,,,,,,,,,,,,,COMPLETE
41,41,0.5262710645510238,2024-01-22 12:24:31.998723,2024-01-22 12:26:50.435352,0 days 00:02:18.436629,maccs,,,5.844584616705508,,,,,,,,,,,,,,,,,,,,,,,,,,,,,,,,,,,,,,,,,,,,,,,,,,,,,,,,,,,,,,,,,,,,,,0.09968638165073507,,,,low_variance_fs,,,,,,,,,,,,,,,,,,,,,,,,,,,,,,,,,,,,,,,,,,,,,,,,,,,,,,,,,,,,,,,,,,,,,,,,,,,,,,,,,,,,,,,sklearn,,,,,,,,,,,,,,,,,,,,,,,,,,,,,,,,,,,,,,,linear_svr_model,,,,,,,,,,,pass_through_standardizer,,,,0.09010913478929243,,,,,,,,,,,,,COMPLETE
42,42,-inf,2024-01-22 12:26:50.514241,2024-01-22 12:27:01.290999,0 days 00:00:10.776758,,,keras_bidirectional_rnn,,,,,,,,,,,,,,,,,,,,,,,,,,,,,,,,,,,,,,,,,,,,,,,,,,,,,,,tanh,0.4899462009210245,160.0,,,,,,,,,,,,,,,,,,,2D,,,,,,,,,,,,,,0.4839268736171631,0.0017262855409326816,0.05368811018684744,131.0,249.0,27.0,,,,,,,,,,,,,,,,,,,,,,,,,,,,,,,,,,,,,,,,,,,,,,,,,0.028733741906203425,,,243.0,,,,,,,,,,,,,,,keras,,,,,,,,,,,,,,,,,,3.0,,,,,1.0,,,,,,,,,,,,,,,,,,,,,,,,,,,,,,,,,,,,,,,,,,,,COMPLETE
43,43,0.4588405823677212,2024-01-22 12:27:01.306953,2024-01-22 12:31:12.609137,0 days 00:04:11.302184,2d_descriptors,,,1.4933809319655955,,,,,,,,,,,,,,,,,,,,,,,,,,,,,,,,,,,,,,,,,,,,,,,,,,,,,,,,,,,,,,,,,,,,,,0.9788996383973678,,,,low_variance_fs,,,,,,,,,,,,,,,,,,,,,,,,,,,,,,,,,,,,,,,,,,,,,,,,,,,,,,,,,,,,,,,,,,,,,,,,,,,,,,,,,,,,,,,sklearn,,,,,,,,,,,,,,,,,,,,,,,,,116.0,,,,,normal,,,,,,,,,linear_svr_model,,,,,,,,,quantile_transformer,,pass_through_standardizer,,,,0.10517040820634543,,,,,,,,,,,,,COMPLETE
44,44,0.41349104580220886,2024-01-22 12:31:12.624372,2024-01-22 12:37:30.457520,0 days 00:06:17.833148,maccs,,,,,,,,,,,,,,,,,,,,,,,,,,,,,,,,,,,,,,,,,,,,,,,,,,,,,,,,,,,,,,,,,,,,,,,,,,,,,low_variance_fs,,,,,,,,,,,,,,,,,,,,,,,,,,,,,,,,,,,,,,,,,,,,,,,,,,,,,,,,,,,,,,,,,,,,,,,,,,,,,,,,,,,,,,,sklearn,,,,,,,,,,,,,,,,,,,,,,,,,,,,,,,,,,,,,,,theil_sen_regressor_model,,,,,,,,,,,pass_through_standardizer,,,,0.11998943514627348,,,,,,,,,,,,,COMPLETE
45,45,0.3119731320341535,2024-01-22 12:37:30.487965,2024-01-22 12:42:41.595646,0 days 00:05:11.107681,maccs,,,,,,,relu,,,,,,,,,,,,,0.0004472496643668421,,,,,,,,,,,,,,,,,,,,,,,,,,,,,,,,,,,,,,,,,,,,,,,,,,,,,,,,,low_variance_fs,,,,,,,,,,,,,,,,,,,,,,,,,,,,,,,"(50,)",,,,,,,,,,,,,,,,,,,,,,,,,,,,,,,,,,,,,,,,,,,,,,,,,,,,,,,,sklearn,,,,,,,,,,,,,,,,,,,,,,,,,,,,,,,,,,,,,,,mlp_regressor_model,,,,,,,,,,,basic_standardizer,,,,0.09398813737245049,,,,,,,,,,,,,COMPLETE
46,46,0.45692025017039306,2024-01-22 12:42:41.620336,2024-01-22 12:45:07.984721,0 days 00:02:26.364385,layered,,,,,,,,,,,,,,,,0.8335126668507633,,,,,,,,,,,,,,,,,,,,,,,,,,,,,,,,,,,,,,,,,,,,,,,,,,,,,,,,1.392519032515949,,,,,low_variance_fs,,,,,,,1024.0,,,,,,,,,,,,,,,,,,,,,,,,,,,,,,,,,,,,,,,,,,,,,,,,,,,,,,,,,,,,,,,,,,,,,6.0,,,,,,,1.0,,,,sklearn,,,,,,,,,,,,,,,,,,,,,,,,,,,,,,,,,,,,,,,huber_regressor_model,,,,,,,,,,,pass_through_standardizer,,,,0.06313879925774213,,,,,,,,,,,,,COMPLETE
47,47,-inf,2024-01-22 12:45:08.054604,2024-01-22 12:50:08.070071,0 days 00:05:00.015467,mixed,,,,,,,,,,,,,,,,,,,,,,,,,,,,,,,,,,,,,,,,,,,,,,,,,,,,,,,,,,,,,,,,,,,,,,,,,,,layered,layered,,,,,,,,,,,,,,,,,,,,,,,,,,,,,,,,,,,,,,,,,,,,,,,,,,,,,,,,,,,,,,,,,,,,,,,,,,,,,,,,,,,,,,,,sklearn,,,,,,,,,,,,,,,,,,,,,,,,,,,,,,,,,,,,,,,,,,,,,,,,,,,,,,,,,,,,,,,,,,,COMPLETE
48,48,-inf,2024-01-22 12:50:08.163797,2024-01-22 12:55:08.326317,0 days 00:05:00.162520,,,,,,,,,,,,,,,,,,,,,,,,,,,,,,,,,,,,,,,,128.0,,,,,,,,,,,,,,,,,,,,,3.0,,,,,,,,,,,655.0,,,,,,,,,,,0.0,2.0,,,,,,,,,,,,,,,,,,,,,,,,,,,,,,,,,,,,,,,,,,,,,,,,,,,,,,,,,,,,,,,,,,,,,,,,,,,,,,,,dmpnn_model,deepchem,,,,,,,,,,,,,,,,,,,,,,,,,,,,,,,,,,,,,,,,,,,,,,,,,,chembl_standardizer,,,,,,,,,,,,,,,,,COMPLETE
49,49,-inf,2024-01-22 12:55:08.429877,2024-01-22 13:00:08.976868,0 days 00:05:00.546991,mol2vec,,,,,,,,,ball_tree,,,,,,,,,,,,,,,,,,,,,,,,,,,,,,,,,,,,,,,,,,,,,,,,,,,,,,,,,,,,,,,,,,,,low_variance_fs,,,,,,,,,,,,,,,,,,,,,,,,,,,,,,,,,,,,,,,,,,,,,,,,,,,,,,,,,,,,,,8.0,,,,,,,,,,,,,,,,,,,,,,,,,sklearn,,,,,,,,,,,,,,,,,,,,,,,,,,,,,,,2.0,,,,,,,3.9407379971732137,radius_neighbors_regressor_model,,,,,,,,,,,basic_standardizer,,,,0.12882655191419823,,,,,,,,,,,,distance,COMPLETE
50,50,0.391419401625952,2024-01-22 13:00:09.020818,2024-01-22 13:03:21.450597,0 days 00:03:12.429779,layered,,,,,,,,,,,,,,,,,,,,,,,,,,,,,,,,,,,,,,,,,,,,,,,,,,,,,,,,,,,,,,,,,,,,,,,,,,,,,low_variance_fs,,,,,,,1024.0,,,,,,,,,,,,,,,,,,,,,,,,,,,,,,,,,,,,,,,,,,,,,,,,,,,,,,,,,,,,,,,,,,,,,7.0,,,,,,,2.0,,,,sklearn,,,,,2.0,,,,,,,,,,,,,,,,,,,,,,,,,,,,,,,,,,pls_regression_model,,,,,,,,True,,,pass_through_standardizer,,,,0.10918600578150833,,,,,,,,,,,,,COMPLETE
51,51,,2024-01-22 13:03:21.489310,2024-01-22 13:08:01.434047,0 days 00:04:39.944737,maccs,,,,,,,,,,,,,,,,,,9.659839780220569,,,,,,,,,,,,,,,,,,,,,,,,,,,,,,,,,,,,,,,,,,,,,,,,,,,,,,,,,,,k_best,,,,,,,,,,,,,,,,,,,,,,,,,,,,,,,,,,,,,4.0,,,,,,,,,,,,,,,,,,,,,,,,,,,,,,,,,,,,,,,,,,,,,,,,,,sklearn,,,,,,,,,,,,,,,,,,,,,,,,,,,,,,,,,,,,,,,lasso_model,,,,,,,,,,heavy_standardisation,custom_standardizer,,,,,,,,,,,,,,,,,FAIL
52,52,-inf,2024-01-22 13:08:01.455111,2024-01-22 13:13:01.987859,0 days 00:05:00.532748,maccs,,,,,,,,,,,,,,,,,,,,,,,,,,,,,,,,lasso,,,,,,,,,,,,,,,,,,,,,,,,,,,,,,,,,,,,,,,,,,,,,k_best,,,,,,,,,,,,,,,,,,,,,,,,,,,,,,,,,,,,,1.0,,,,,,,,,,,,,,,,,,,,,,,,,,,,,,,,,,,,,,,,,,,,,,,,0.43005434090699823,,sklearn,,,,,,,,,,,,,,,,,,,,,,,,,,,,,,,,,,,,,,,ransac_regressor_model,,,,,,,,,,heavy_standardisation,custom_standardizer,,,,,,,,,,,,,,,,,COMPLETE
53,53,-inf,2024-01-22 13:13:02.023336,2024-01-22 13:13:16.739328,0 days 00:00:14.715992,morgan,,,,,,,,,,,,,,,,,,,,,,,,,,,,,,,,,,,,,,,,,,,,,,,,,,,,squared_error,,,,,,,,,,,,,,,,,,,,,,,,,pass_through_transformer,,,,,,,,,,,,,,,,,,,,,,,,,,,,,,,,,,,,,,,,,,,,,,,,,,,,,,,,,,,,,,,,0.7292750839073502,,,ls,,,,,,,,,,,log2,,,,,,,,,sklearn,,,,1024.0,,,,,,,,,,450.0,,,,,,,,,,,,,,,,,,,,,,,2.0,,gradient_boosting_regressor_model,,,,,,,,,,,pass_through_standardizer,,,,,,,,,,,,,,,,,COMPLETE
54,54,0.5521179348283276,2024-01-22 13:13:16.772020,2024-01-22 13:22:06.747208,0 days 00:08:49.975188,layered,,,,,,,,,,,,,,,,,,,,,,,,,,,,,,,,,,,,,,,,,,,,True,,,,,,,,,,absolute_error,,,,,,,,,,,,,,,,,,,,,,,low_variance_fs,,,,,,,1024.0,,,,,,,,,,,,,,,,,,,,,,,,,,,,,,,,,,,,,,,,,,,,,,,,,,,,,,,,,,,,,,,,,,,,,5.0,,,sqrt,,,,1.0,,,,sklearn,,,,,,,,,,,,,,,900.0,,,,,,,,,,,,,,,,,,,,,,,,random_forest_regressor_model,,,,,,,,,,heavy_standardisation,custom_standardizer,,,,0.12097472066902065,,,,,,,,,,,,,COMPLETE
55,55,0.5571096136428646,2024-01-22 13:22:06.847080,2024-01-22 13:30:05.118840,0 days 00:07:58.271760,layered,,,,,,,,,,,,,,,,,,,,,,,,,,,,,,,,,,,,,,,,,,,,True,,,,,,,,,,absolute_error,,,,,,,,,,,,,,,,,,,,,,,low_variance_fs,,,,,,,1024.0,,,,,,,,,,,,,,,,,,,,,,,,,,,,,,,,,,,,,,,,,,,,,,,,,,,,,,,,,,,,,,,,,,,,,5.0,,,log2,,,,1.0,,,,sklearn,,,,,,,,,,,,,,,1000.0,,,,,,,,,,,,,,,,,,,,,,,,random_forest_regressor_model,,,,,,,,,,heavy_standardisation,custom_standardizer,,,,0.12905397994048126,,,,,,,,,,,,,COMPLETE
56,56,0.16704921711260323,2024-01-22 13:30:05.199617,2024-01-22 13:36:51.846764,0 days 00:06:46.647147,layered,,,,,,,,,,,,,,,,,,,,,,,,1.6233704746350983,,,,,,,,,,,,,,,,,,,,,,,,,,,,,,,,,,,,,,,,,,,,,,,,,,,,,low_variance_fs,,,,,,,1024.0,,,,,,,,,,,,,,,,,,,,,,,,,,,,,,,,,,,,,,,,,,,,,,,,,,,,,,,,,,,,,,,,,,,,,6.0,,,,,,,1.0,,,,sklearn,,,,,,,,,,,,,,,,,,,,,,,,,,,,,,,,,,,,,,,ridge_model,,,,,,,,,,heavy_standardisation,custom_standardizer,,,,0.13140065675504237,,,,,,,,,,,,,COMPLETE
57,57,0.2238028606108738,2024-01-22 13:36:51.876311,2024-01-22 13:44:59.061552,0 days 00:08:07.185241,atom_pair,,,,,,5.576014687453759,,,,,,,,,,,,,,,,,,,,,,,,,,,,,,,,,,,,,,,,,,,,,,,,,,4.0,,,,,,,,,,,,,,,,,,,,,percentil_fs,,,,,,,,,,,0.6897925683372687,,,,,,,,,,,,,,,,,,,,,,,,,,,,,,,linear,,,,,,,,,,,,,,,,,,,,,,,,,,,,,,,,,20.0,,,,,,,3.0,,,,,sklearn,1024.0,,,,,,,,,,,,,,,,,,,,,,,,,,,,,,,,54.0,,,,,,svr_model,,,,,,,,,,heavy_standardisation,custom_standardizer,,,,,,,,,,,,,,,,,COMPLETE
58,58,,2024-01-22 13:44:59.095948,2024-01-22 13:53:36.791036,0 days 00:08:37.695088,rdk,,,,,,,,,,,,,,,,,,,,,,,,,,,,,,,,,,,,,,,,,,,,,,,,,,,,,aic,,,,,,,,,,,,,,,,,,,,,,,,select_from_model_fs,,,,,,,1024.0,,,,,,,,,,,,,,,,,,,,,,,,,,,,,,,,,,,,,,,,,,,,,,,,,,,,,,,,,,,,,,,,,,,,,,,,,,7.0,,,1.0,,,sklearn,,,,,,,,,,40.0,,,,,,,,,,,,,,,,,,,,,,,,,,,,,lasso_lars_ic_model,,,,,,,,,,simple_standardisation,custom_standardizer,,,,,,,,,,,,,,,,,FAIL
59,59,0.3670085858755431,2024-01-22 13:53:36.862454,2024-01-22 14:03:24.987150,0 days 00:09:48.124696,rdk,,,,,,,,,,,,,,,,,,,,,,,,,,0.8440393240665056,,,,,,,,,,,,,,,,,,,,,,,,,,,,,,,,,,,,,,,,,,,,,,,,,,,select_from_model_fs,,,,,,,1024.0,,,,,,,,,,,,,,,,,,,,,,,,,,,,,,,,,,,,,,,,,,,,,,,,,,,,,,,,,,,,,,,,,,,,,,,,,,7.0,,,1.0,,,sklearn,,,,,,,,,,106.0,,,,,,,,,,,,,,,,,,,,,,,,0.45635574717249183,,,,,tweedie_regressor_model,,,,,,,,,,simple_standardisation,custom_standardizer,,,,,,,,,,,,,,,,,COMPLETE
60,60,0.3537447100446536,2024-01-22 14:03:25.029652,2024-01-22 14:21:54.373985,0 days 00:18:29.344333,layered,,,,,,,,,,,,,,,,,,,,,,,,,,,,,,,,,,,,,,,,,,,,,,,,,,,,,,,,,,,,,,,,,,,,,,,,,,,,,boruta_algorithm,,,,,,,1024.0,,,,,,,,,,,,,,,,,,,,,,,,,,,,,,,,,,,,,,,,,,,,,,,,,,,,,,,,,,,,,,,,,,,,,5.0,,,,,,,1.0,,,,sklearn,,,,,,,,,,,,,,,,,,,,,,,,,,,,,,,,,,,,,,,stacking_regressor_model,,,,,,,,,,,chembl_standardizer,,,False,,,,,,,,,,,,,,COMPLETE
61,61,-inf,2024-01-22 14:21:54.409848,2024-01-22 14:26:55.467880,0 days 00:05:01.058032,,,,,,,,,,,,,,,,,,,,,,,,,,,,,,,,,,32.0,,,,,,256.0,,,,,,,,,,,,,,,,,,,,,,,,,,,,,,,,314.0,,,,,,,,,,,,,,,,,,,,,,,,,,,,,,,,,,,,,,,,,,,,,,,,,,,,,,,,,,,,,,,,,,,,,,,,,,,,,,,,,,,,,,,,,,,,chem_ception_model,deepchem,,,,,,,,,,,,,,,,,,,,,,,,,,,,,,,,,,,,,,,,,,,,,,,,,heavy_standardisation,custom_standardizer,,,,,,,,,,,,,,,,,COMPLETE
62,62,0.4055840050047559,2024-01-22 14:26:55.486463,2024-01-22 14:34:49.493123,0 days 00:07:54.006660,maccs,,,,,,,,,,,,,,,,,,0.6198528878688121,,,,,,,,,,,,,,,,,,,,,,,,,,,,,,,,,,,,,,,,,,,,,,,,,,,,,,,,,,,low_variance_fs,,,,,,,,,,,,,,,,,,,,,,,,,,,,,,,,,,,,,,,,,,,,,,,,,,,,,,,,,,,,,,,,,,,,,,,,,,,,,,,,,,,,,,,sklearn,,,,,,,,,,,,,,,,,,,,,,,,,,,,,,,,,,,,,,,lasso_model,,,,,,,,,,,basic_standardizer,,,,0.1283607722320983,,,,,,,,,,,,,COMPLETE
63,63,-inf,2024-01-22 14:34:49.509393,2024-01-22 14:39:49.696745,0 days 00:05:00.187352,layered,,,,,,,,,,,,,,,,,,,,,,,,,,,,,,,,,,,,,,,,,,,,,,,,,,,,,,,,,,,,,,,,,,,,,,,,,,,,,low_variance_fs,,,,,,,1024.0,,,,,,,,,,,,,,,,,,,,,,,,,,,,,,,,,,,,,,,,,,,,,,,,,,,,,,,,,,,,,,,,,,,,,6.0,,,,,,,1.0,,,,sklearn,,,,,,,,,,,,,,,,,,,,,,,,,,,,,,,,,,,,,,,ortogonal_matching_pursuit_model,,,,,,,,,,heavy_standardisation,custom_standardizer,,,,0.1359686737092889,,,,,,,,,,,,,COMPLETE
64,64,-inf,2024-01-22 14:39:49.746167,2024-01-22 14:40:05.054342,0 days 00:00:15.308175,,,keras_simple_rnn,,,,,,,,,,,,,,,,,,,,,,,,,,,,,,,,,,,,,,,,,,,,,,,,,,,,,,,tanh,0.2994028748927359,32.0,,,,,,,,,,,,,,,,,,,2D,,,,,,,,,,,,,,,,,,,,,,,,,,,,,,,,,,,,,,,,,,,,,,,,,,,,,,,,,,,,,,,,,,,,,,,,,,,,,,,,,,,,,,keras,,,,,,,,,,,,,,,,,,,,,,,,,,3.0,,,,,,,,,,,,,,0.4877790491764979,0.27184865888773213,0.3946115507630786,48.0,174.0,233.0,,,,,,,,,,,,,,,,,,,,,,COMPLETE
65,65,0.5515535381732543,2024-01-22 14:40:05.069938,2024-01-22 14:50:02.150372,0 days 00:09:57.080434,layered,,,,,,,,,,,,,,,,,,,,,,,,,,,,,,,,,,,,,,,,,,,,True,,,,,,,,,,absolute_error,,,,,,,,,,,,,,,,,,,,,,,low_variance_fs,,,,,,,1024.0,,,,,,,,,,,,,,,,,,,,,,,,,,,,,,,,,,,,,,,,,,,,,,,,,,,,,,,,,,,,,,,,,,,,,5.0,,,log2,,,,1.0,,,,sklearn,,,,,,,,,,,,,,,1000.0,,,,,,,,,,,,,,,,,,,,,,,,random_forest_regressor_model,,,,,,,,,,heavy_standardisation,custom_standardizer,,,,0.11612757822104626,,,,,,,,,,,,,COMPLETE
66,66,0.5375057320602644,2024-01-22 14:50:02.165752,2024-01-22 14:59:24.695883,0 days 00:09:22.530131,layered,,,,,,,,,,,,,,,,,,,,,,,,,,,,,,,,,,,,,,,,,,,,True,,,,,,,,,,absolute_error,,,,,,,,,,,,,,,,,,,,,,,low_variance_fs,,,,,,,1024.0,,,,,,,,,,,,,,,,,,,,,,,,,,,,,,,,,,,,,,,,,,,,,,,,,,,,,,,,,,,,,,,,,,,,,5.0,,,log2,,,,1.0,,,,sklearn,,,,,,,,,,,,,,,1000.0,,,,,,,,,,,,,,,,,,,,,,,,random_forest_regressor_model,,,,,,,,,,heavy_standardisation,custom_standardizer,,,,0.11640121174191236,,,,,,,,,,,,,COMPLETE
67,67,0.5360435649487251,2024-01-22 14:59:24.711567,2024-01-22 15:08:27.507746,0 days 00:09:02.796179,layered,,,,,,,,,,,,,,,,,,,,,,,,,,,,,,,,,,,,,,,,,,,,True,,,,,,,,,,absolute_error,,,,,,,,,,,,,,,,,,,,,,,low_variance_fs,,,,,,,1024.0,,,,,,,,,,,,,,,,,,,,,,,,,,,,,,,,,,,,,,,,,,,,,,,,,,,,,,,,,,,,,,,,,,,,,5.0,,,log2,,,,1.0,,,,sklearn,,,,,,,,,,,,,,,1000.0,,,,,,,,,,,,,,,,,,,,,,,,random_forest_regressor_model,,,,,,,,,,heavy_standardisation,custom_standardizer,,,,0.1491723155875149,,,,,,,,,,,,,COMPLETE
68,68,0.29241002997772964,2024-01-22 15:08:27.588113,2024-01-22 15:17:56.697816,0 days 00:09:29.109703,layered,,,,,,,,,,,,,,,,,,,,,,,,,,,,,,,,,,,,,,,,,,,,True,,,,,,,,,,absolute_error,,,,,,,,,,,,,,,,,,,,,,,k_best,,,,,,,1024.0,,,,,,,,,,,,,,,,,,,,,,,,,,,,,,25.0,,,,,,,,,,,,,,,,,,,,,,,,,,,,,,,,,,,,,,,5.0,,,log2,,,,1.0,,,,sklearn,,,,,,,,,,,,,,,1000.0,,,,,,,,,,,,,,,,,,,,,,,,random_forest_regressor_model,,,,,,,,,,heavy_standardisation,custom_standardizer,,,,,,,,,,,,,,,,,COMPLETE
69,69,0.2911546601193061,2024-01-22 15:17:56.730409,2024-01-22 15:27:24.007437,0 days 00:09:27.277028,layered,,,,,,,,,,,,,,,,,,,,,,,,,,,,,,,,,,,,,,,,,,,,,,,,,,,,,,,,,,,,,,,,,,,,,,,,,,,,,low_variance_fs,,,,,,,1024.0,,,,,,,,,,,,,,,,,,,,,,,,,,,,,,,,,,,,,,,,,,,,,,,,,,,,,,,,0.8470748373979022,,,square,,,,,,,,,,5.0,,,,,,,1.0,,,,sklearn,,,,,,,,,,,350.0,,,,,,,,,,,,,,,,,,,,,,,,,,,,ada_boost_regressor_model,,,,,,,,,,heavy_standardisation,custom_standardizer,,,,0.11806923512548467,,,,,,,,,,,,,COMPLETE
70,70,0.4333781248450445,2024-01-22 15:27:24.038716,2024-01-22 15:36:33.512049,0 days 00:09:09.473333,layered,,,,,,,,,,,,,,,,,,,,,,,,,,,,,,,,,,,,,,,,,,,,,,,,,,,,,,,,,,,,,,,,,,,,,,,,,,,,,pass_through_transformer,,,,,,,1024.0,,,,,,,,,,,,,,,,,,,,,,,,,,,,,,,,,,,,,,,,,,,,,,,,,,,,,,,,,,,,,,,,,,,,,5.0,,,,,,,1.0,,,,sklearn,,,,,,,,,,,,,,,,,,,,,,,,,,,,,,,,,,,,,,,decision_tree_regressor_model,,,,,,,,,,heavy_standardisation,custom_standardizer,,,,,,,,,,,,,,,,,COMPLETE
71,71,0.5063382788298758,2024-01-22 15:36:33.532443,2024-01-22 15:44:51.524312,0 days 00:08:17.991869,layered,,,,,,,,,,,,,,,,,,,,,,,,,,,,,,,,,,,,,,,,,,False,,,,,,,,,squared_error,,,,,,,,,,,,,,,,,,,,,,,,,,low_variance_fs,,,,,,,1024.0,,,,,,,,,,,,,,,,,,,,,,,,,,,,,,,,,,,,,,,,,,,,,,,,,,,,,,,,,,,,,,,,,,,,,6.0,log2,,,,,,1.0,,,,sklearn,,,,,,,,,,,,,500.0,,,,,,,,,,,,,,,,,,,,,,,,,,extra_trees_regressor_model,,,,,,,,,,heavy_standardisation,custom_standardizer,,,,0.12118514776013387,,,,,,,,,,,,,COMPLETE
72,72,-inf,2024-01-22 15:44:51.545623,2024-01-22 15:49:51.715298,0 days 00:05:00.169675,,,,,,,,,,,,,,,,,,,,,,,,,,,,,,,,,,,,,,,,16.0,,,,,,,,,,,,,,,,,,,,,,,,,0.0,,,,,,,987.0,,,,,,,,,,,,,,,,,,,,,,,,,,,,,,,,,,,,,,,,,,,,,,,,,,,,,,,,,,,,,,,,,,,,,,,,,,,,,,,,,,,,,,12.0,,,,,,pagtn_model,deepchem,,,,,,,,,,,,,,,,,,,,,,,,,,,,2.0,3.0,,,,,,,,,,,,,,,,,,,,heavy_standardisation,custom_standardizer,,,,,,,,,,,,,,,,,COMPLETE
73,73,0.20208373289494425,2024-01-22 15:49:51.749940,2024-01-22 15:59:18.861874,0 days 00:09:27.111934,atom_pair,,,,,,,,,,,,,,,,,,,,,,,,,,,,,,,,,,,,,,,,,,,,,,,,,,,,,aic,,,,,,,,,,,,,,,,,,,,,,,,percentil_fs,,,,,,,,,,,,,,,,,,,,,,,,,,,,,,,,,,,,,,,,,,,,,,,,,,,,,,,,,,,,,,,,,,,,,,,,,,,50.0,,,,,,,1.0,,,,,sklearn,2048.0,,,,,,,,,,,,,,,,,,,,,,,,,,,,,,,,9.0,,,,,,lasso_lars_ic_model,,,,,,,,,,heavy_standardisation,custom_standardizer,,,,,,,,,,,,,,,,,COMPLETE
74,74,-inf,2024-01-22 15:59:18.883763,2024-01-22 16:04:19.097159,0 days 00:05:00.213396,mixed,,,,0.7464517232675032,,,,,,,,,,,,,,,,,,,,,,,,,,,,,,,,,,,,,,,,,,,,,,,,,,,5.0,,,,,,,,,,,,,,,,,,,,morgan,2d_descriptors,boruta_algorithm,,,,,,,,,,0.33840962527117785,,,,,,,,,,,,,,,,,,,,,,,,,,,,rbf,,,,,,,,,,,,,,,,,,,,,,,,,,,,,,,,,,,,,,,,,,,,,,,,,sklearn,,,,,,,,,,,,,,,,,,,,,,,,,,,0.997129543752756,,,,,,,,,,,,nu_svr_model,,,,,,,,,,heavy_standardisation,custom_standardizer,,,True,,,,,,,,,,,,,,COMPLETE
75,75,0.04498637616331981,2024-01-22 16:04:19.128663,2024-01-22 16:13:44.327927,0 days 00:09:25.199264,layered,,,,,,,,,,,,,,,0.17769391860323647,,,,,,,,,,,,,,,,,,,,,,,,,,,,,,,,,,,,,,,,,,,,,,,,,,,,,,,,,,,,,,low_variance_fs,,,,,,,1024.0,,,,,,,,,,,,,,,,,,,,,,,,,,,,,,,,,,,,,,,,,,,,,,,,,,,,,,,,,,,,,,,,,,,,,5.0,,,,,,,2.0,,,,sklearn,,,,,,,,,,,,,,,,,,,,,,,,,,,,,,,,,,,,,,,gaussian_process_regressor_model,,,,,,,,,,simple_standardisation,custom_standardizer,,,,0.111229487865575,,,,,,,,,,,,,COMPLETE
76,76,0.13939217835763612,2024-01-22 16:13:44.360430,2024-01-22 16:29:22.332925,0 days 00:15:37.972495,mol2vec,,,,,,,,,,,,,,,,,,,,,,,,,,,,,,,,,,,,,,,,,,,,True,,,,,,,,,,absolute_error,,,,,,,,,,,,,,,,,,,,,,,low_variance_fs,,,,,,,,,,,,,,,,,,,,,,,,,,,,,,,,,,,,,,,,,,,,,,,,,,,,,,,,,,,,,,,,,,,,,,,,,,,,,,,log2,,,,,,,,sklearn,,,,,,,,,,,,,,,1000.0,,,,,,,,,,,,,,,,,,,,,,,,random_forest_regressor_model,,,,,,,,,,heavy_standardisation,custom_standardizer,,,,0.12682196618059235,,,,,,,,,,,,,COMPLETE
77,77,0.5677785438378287,2024-01-22 16:29:22.399922,2024-01-22 16:40:23.660377,0 days 00:11:01.260455,maccs,,,,,,,,,,,,,,,,,,,,,,,,,,,,,,,,,,,,,,,,,,,,True,,,,,,,,,,poisson,,,,,,,,,,,,,,,,,,,,,,,low_variance_fs,,,,,,,,,,,,,,,,,,,,,,,,,,,,,,,,,,,,,,,,,,,,,,,,,,,,,,,,,,,,,,,,,,,,,,,,,,,,,,,log2,,,,,,,,sklearn,,,,,,,,,,,,,,,1000.0,,,,,,,,,,,,,,,,,,,,,,,,random_forest_regressor_model,,,,,,,,,,,chembl_standardizer,,,,0.10855234591742334,,,,,,,,,,,,,COMPLETE
78,78,-inf,2024-01-22 16:40:23.689864,2024-01-22 16:41:38.493190,0 days 00:01:14.803326,2d_descriptors,,,,,,,,,,,,,,,,,,,,,,,,,,,,,,,,,,,,,,,,,,,,True,,,,,,,,,,poisson,,,,,,,,,,,,,,,,,,,,,,,low_variance_fs,,,,,,,,,,,,,,,,,,,,,,,,,,,,,,,,,,,,,,,,,,,,,,,,,,,,,,,,,,,,,,,,,,,,,,,,,,,,,,,log2,,,,,,,,sklearn,,,,,,,,,,,,,,,1000.0,,,,,,,,,,,,,,,,,,,,,,,,random_forest_regressor_model,,,,,,,,,min_max_scaler,,chembl_standardizer,,,,0.13218959053024093,,,,,,,,,,,,,COMPLETE
79,79,-inf,2024-01-22 16:41:38.518729,2024-01-22 16:46:45.941245,0 days 00:05:07.422516,morgan,,,,,,,,,,0.0026138363596176326,6.110467644057042e-08,,,,,,,,,,,,,,,,,,,,,,,,,,,,,,,,,,,,,,,,,,,,,,,,,,,,,,,,,,,,,,,,,,select_from_model_fs,,,,,,,,,,,,,,,,,,,,,,,,,,,,,,,,,,,,,,,,,,,,,,,,,,,,,,,1.5627986341513659e-06,,0.024755204973270634,,,,,,,,,,,,,,,,,,,,,,,,,,,,,,sklearn,,,,2048.0,,,,,,992.0,,,,,,,,,,,,,,,,,,,,,,,,,,,6.0,,ard_regression_model,,,,,,,,,,,chembl_standardizer,,,,,0.18316924452644706,,,,,,,,,,,,COMPLETE
80,80,-inf,2024-01-22 16:46:46.206133,2024-01-22 16:46:46.682407,0 days 00:00:00.476274,layered,keras_dense,,,,,,,,,,,,,,,,,,,,,,,,,,,,,,,,,True,True,False,False,True,,,,,,,,,,,,,,,,,,,,,,,,,,,,,,,,,,,,,,,,1D,,,,,,1024.0,,,,,,,,,,,,,,tanh,relu,tanh,tanh,relu,0.7326217029676829,0.026129664644133854,0.7996728375702656,0.20300248355931916,0.5784377468986289,,8.0,18.0,62.0,45.0,24.0,,,,,,,1.9860577779312034e-06,1.573363481411513e-06,9.875436589879124e-05,6.221397909492564e-05,0.0009154725693692229,,,0.009659017375473769,2.825160800136257e-05,3.046304046163111e-06,5.6794400951346525e-05,0.00812405879359594,,,,,,,,,,,,,,,,,,,,,,5.0,,,,,,,1.0,,,,keras,,,,,,,,,,,,,,,,,,,,5.0,,,,,,,,,,,,,,,,,,,,,,,,,,,,,,,,,,,,,,,,,,,,,,,COMPLETE
81,81,0.11686685328602257,2024-01-22 16:46:46.705402,2024-01-22 16:57:37.900656,0 days 00:10:51.195254,rdk,,,,,,,,,,,,,,,,,,,,,,,,,,,,,,,svr,,,,,,,,,,True,,True,,,,,,,,,,,,,,,,,,,,,,,,,,,,,,,,,,low_variance_fs,,,,,,,1024.0,,,,,,,,,,,,,,,,,,,,,,,,,,,,,,,,,,,,,,,,,,,,,,,,,,,,,,,,,,,,,,,,,,,,,,,,,,10.0,,,3.0,,,sklearn,,,,,,,,,,,,100.0,,,,,,,,,,,,,,,,,,,,,,,,,,,bagging_regressor_model,,,,,,,,,,,chembl_standardizer,,,,0.11650787809000174,,,,,,,,,,,,,COMPLETE
82,82,-inf,2024-01-22 16:57:37.926852,2024-01-22 17:02:46.070987,0 days 00:05:08.144135,layered,,,,,,,,,,,,,,,,,,,,,,0.03606408994366883,,,,,,,,,,,,,,,,,,,,,,,,,,,,,,,,,,,,,,,,,,,,,,,,,,,,,,,low_variance_fs,,,,,,,1024.0,,,,,,,,,,,,,,,,,,,,,,,,,,,,,,,,,,,,,,,,,,,,,,,,,,,,,,,,,,,,,,,,,,,,,6.0,,,,,,,2.0,,,,sklearn,,,,,,,,,,,,,,,,,,,,,,,,,,,,,,,,,,,,0.19918215846719506,,,quantile_regressor_model,,,,,,,,,,,chembl_standardizer,,,,0.11911364764317382,,,,,,,,,,,,,COMPLETE
83,83,0.5808321343448366,2024-01-22 17:02:46.114980,2024-01-22 17:13:01.591745,0 days 00:10:15.476765,maccs,,,,,,,,,,,,,,,,,,,,,,,,,,,,,,,,,,,,,,,,,,,,True,,,,,,,,,,poisson,,,,,,,,,,,,,,,,,,,,,,,low_variance_fs,,,,,,,,,,,,,,,,,,,,,,,,,,,,,,,,,,,,,,,,,,,,,,,,,,,,,,,,,,,,,,,,,,,,,,,,,,,,,,,log2,,,,,,,,sklearn,,,,,,,,,,,,,,,900.0,,,,,,,,,,,,,,,,,,,,,,,,random_forest_regressor_model,,,,,,,,,,heavy_standardisation,custom_standardizer,,,,0.10828457607276741,,,,,,,,,,,,,COMPLETE
84,84,0.5803867526727549,2024-01-22 17:13:01.614484,2024-01-22 17:23:22.466672,0 days 00:10:20.852188,maccs,,,,,,,,kd_tree,,,,,,,,,,,,,,,,,,,,,,,,,,,,,,,,,,,,,,,,,,,,,,,,,,,,,,,,,,,,,,,,,,,,,low_variance_fs,,,,,,,,,,,,,,,,,,,,,,,,,,,,,,,,,,,,,,,,,,,,,,,,,,,,,,,,,,,,,2.0,,,,,,,,,,,,,,,,,,,,,,,,,,sklearn,,,,,,,,,,,,,,,,,,,,,,,,10.0,,,,,,,6.0,,,,,,,,kneighbors_regressor_model,,,,,,,,,,heavy_standardisation,custom_standardizer,,,,0.10750702422134592,,,,,,,,,,,uniform,,COMPLETE
85,85,-inf,2024-01-22 17:23:22.487004,2024-01-22 17:28:22.716441,0 days 00:05:00.229437,maccs,,,,,,,,,,,,,,,,,,,,,,,,,,,,,,,,,,,,,,,,,,,,,,,,,,,,,,,,,,,,,,,,,,,,,,,,,,,,,low_variance_fs,,,,,,,,,,,,,,,,,,,,,,,,,,,,,,,,,,,,,,,,,,,,,,,,,,,,,,,,,,,,,,,,,0.011719141206703976,,,poisson,,,,,,,,,,,,,,,,,,,sklearn,,,,,,,,,,,,,,,,,,,,,,,,,,,,,,,,,,,,,,,hist_gradient_boosting_regressor_model,,,,,,,,,,heavy_standardisation,custom_standardizer,,,,0.10605507580051102,,,,,,,,,,,,,COMPLETE
86,86,0.5809547025189007,2024-01-22 17:28:22.967788,2024-01-22 17:39:07.705128,0 days 00:10:44.737340,maccs,,,,,,,,kd_tree,,,,,,,,,,,,,,,,,,,,,,,,,,,,,,,,,,,,,,,,,,,,,,,,,,,,,,,,,,,,,,,,,,,,,low_variance_fs,,,,,,,,,,,,,,,,,,,,,,,,,,,,,,,,,,,,,,,,,,,,,,,,,,,,,,,,,,,,,2.0,,,,,,,,,,,,,,,,,,,,,,,,,,sklearn,,,,,,,,,,,,,,,,,,,,,,,,10.0,,,,,,,6.0,,,,,,,,kneighbors_regressor_model,,,,,,,,,,heavy_standardisation,custom_standardizer,,,,0.10901824718729658,,,,,,,,,,,uniform,,COMPLETE
87,87,0.5980698305207366,2024-01-22 17:39:07.728171,2024-01-22 17:50:19.955172,0 days 00:11:12.227001,maccs,,,,,,,,kd_tree,,,,,,,,,,,,,,,,,,,,,,,,,,,,,,,,,,,,,,,,,,,,,,,,,,,,,,,,,,,,,,,,,,,,,low_variance_fs,,,,,,,,,,,,,,,,,,,,,,,,,,,,,,,,,,,,,,,,,,,,,,,,,,,,,,,,,,,,,2.0,,,,,,,,,,,,,,,,,,,,,,,,,,sklearn,,,,,,,,,,,,,,,,,,,,,,,,10.0,,,,,,,6.0,,,,,,,,kneighbors_regressor_model,,,,,,,,,,heavy_standardisation,custom_standardizer,,,,0.0930281377765041,,,,,,,,,,,uniform,,COMPLETE
88,88,0.5804293440447352,2024-01-22 17:50:19.983620,2024-01-22 18:01:43.823668,0 days 00:11:23.840048,maccs,,,,,,,,kd_tree,,,,,,,,,,,,,,,,,,,,,,,,,,,,,,,,,,,,,,,,,,,,,,,,,,,,,,,,,,,,,,,,,,,,,low_variance_fs,,,,,,,,,,,,,,,,,,,,,,,,,,,,,,,,,,,,,,,,,,,,,,,,,,,,,,,,,,,,,2.0,,,,,,,,,,,,,,,,,,,,,,,,,,sklearn,,,,,,,,,,,,,,,,,,,,,,,,10.0,,,,,,,6.0,,,,,,,,kneighbors_regressor_model,,,,,,,,,,heavy_standardisation,custom_standardizer,,,,0.08716574718716619,,,,,,,,,,,uniform,,COMPLETE
89,89,0.5753433560884277,2024-01-22 18:01:43.847499,2024-01-22 18:12:13.426894,0 days 00:10:29.579395,maccs,,,,,,,,kd_tree,,,,,,,,,,,,,,,,,,,,,,,,,,,,,,,,,,,,,,,,,,,,,,,,,,,,,,,,,,,,,,,,,,,,,low_variance_fs,,,,,,,,,,,,,,,,,,,,,,,,,,,,,,,,,,,,,,,,,,,,,,,,,,,,,,,,,,,,,2.0,,,,,,,,,,,,,,,,,,,,,,,,,,sklearn,,,,,,,,,,,,,,,,,,,,,,,,10.0,,,,,,,6.0,,,,,,,,kneighbors_regressor_model,,,,,,,,,,heavy_standardisation,custom_standardizer,,,,0.08660074273526455,,,,,,,,,,,uniform,,COMPLETE
90,90,0.5868741389855127,2024-01-22 18:12:13.448426,2024-01-22 18:22:28.159039,0 days 00:10:14.710613,maccs,,,,,,,,kd_tree,,,,,,,,,,,,,,,,,,,,,,,,,,,,,,,,,,,,,,,,,,,,,,,,,,,,,,,,,,,,,,,,,,,,,low_variance_fs,,,,,,,,,,,,,,,,,,,,,,,,,,,,,,,,,,,,,,,,,,,,,,,,,,,,,,,,,,,,,2.0,,,,,,,,,,,,,,,,,,,,,,,,,,sklearn,,,,,,,,,,,,,,,,,,,,,,,,10.0,,,,,,,6.0,,,,,,,,kneighbors_regressor_model,,,,,,,,,,heavy_standardisation,custom_standardizer,,,,0.08549391329098467,,,,,,,,,,,uniform,,COMPLETE
91,91,0.5804293440447352,2024-01-22 18:22:28.182008,2024-01-22 18:33:23.346835,0 days 00:10:55.164827,maccs,,,,,,,,kd_tree,,,,,,,,,,,,,,,,,,,,,,,,,,,,,,,,,,,,,,,,,,,,,,,,,,,,,,,,,,,,,,,,,,,,,low_variance_fs,,,,,,,,,,,,,,,,,,,,,,,,,,,,,,,,,,,,,,,,,,,,,,,,,,,,,,,,,,,,,2.0,,,,,,,,,,,,,,,,,,,,,,,,,,sklearn,,,,,,,,,,,,,,,,,,,,,,,,10.0,,,,,,,6.0,,,,,,,,kneighbors_regressor_model,,,,,,,,,,heavy_standardisation,custom_standardizer,,,,0.08753271144127384,,,,,,,,,,,uniform,,COMPLETE
92,92,-inf,2024-01-22 18:33:23.365454,2024-01-22 18:38:23.624652,0 days 00:05:00.259198,,,,,,,,,,,,,,,,,,,,,,,,,,,,,,,,,,,,,,,,128.0,False,,,,,,,,,,,,,,,,,,,,,,,0.25,,,,,,,,362.0,,,,,,,,,,,,,,,,,,,,"[64, 128]",,,,,,,,,,,,,,,,,,,,,,,,,,,,,,,,,,,,,,,,,,,,,,,,,,,,,,,,,,,,,,,,,,,,,,,,gcn_model,deepchem,,,,,,,,,,,,,,,,,,,,,,,,,,,,,,,,,,,0.5,,,,,,,,,,,,,,heavy_standardisation,custom_standardizer,,,,,,True,,True,True,,,,,,,,COMPLETE
93,93,0.5753433560884277,2024-01-22 18:38:23.644758,2024-01-22 18:45:02.423100,0 days 00:06:38.778342,maccs,,,,,,,,kd_tree,,,,,,,,,,,,,,,,,,,,,,,,,,,,,,,,,,,,,,,,,,,,,,,,,,,,,,,,,,,,,,,,,,,,,low_variance_fs,,,,,,,,,,,,,,,,,,,,,,,,,,,,,,,,,,,,,,,,,,,,,,,,,,,,,,,,,,,,,2.0,,,,,,,,,,,,,,,,,,,,,,,,,,sklearn,,,,,,,,,,,,,,,,,,,,,,,,10.0,,,,,,,6.0,,,,,,,,kneighbors_regressor_model,,,,,,,,,,heavy_standardisation,custom_standardizer,,,,0.08647146136800116,,,,,,,,,,,uniform,,COMPLETE
94,94,0.5772949399421992,2024-01-22 18:45:02.448101,2024-01-22 18:51:47.654993,0 days 00:06:45.206892,maccs,,,,,,,,kd_tree,,,,,,,,,,,,,,,,,,,,,,,,,,,,,,,,,,,,,,,,,,,,,,,,,,,,,,,,,,,,,,,,,,,,,low_variance_fs,,,,,,,,,,,,,,,,,,,,,,,,,,,,,,,,,,,,,,,,,,,,,,,,,,,,,,,,,,,,,2.0,,,,,,,,,,,,,,,,,,,,,,,,,,sklearn,,,,,,,,,,,,,,,,,,,,,,,,10.0,,,,,,,6.0,,,,,,,,kneighbors_regressor_model,,,,,,,,,,heavy_standardisation,custom_standardizer,,,,0.08246186629487831,,,,,,,,,,,uniform,,COMPLETE
95,95,0.5868741389855127,2024-01-22 18:51:47.674569,2024-01-22 18:58:19.962280,0 days 00:06:32.287711,maccs,,,,,,,,kd_tree,,,,,,,,,,,,,,,,,,,,,,,,,,,,,,,,,,,,,,,,,,,,,,,,,,,,,,,,,,,,,,,,,,,,,low_variance_fs,,,,,,,,,,,,,,,,,,,,,,,,,,,,,,,,,,,,,,,,,,,,,,,,,,,,,,,,,,,,,2.0,,,,,,,,,,,,,,,,,,,,,,,,,,sklearn,,,,,,,,,,,,,,,,,,,,,,,,10.0,,,,,,,6.0,,,,,,,,kneighbors_regressor_model,,,,,,,,,,heavy_standardisation,custom_standardizer,,,,0.08274808370692431,,,,,,,,,,,uniform,,COMPLETE
96,96,0.5772949399421992,2024-01-22 18:58:19.977817,2024-01-22 19:04:56.956191,0 days 00:06:36.978374,maccs,,,,,,,,kd_tree,,,,,,,,,,,,,,,,,,,,,,,,,,,,,,,,,,,,,,,,,,,,,,,,,,,,,,,,,,,,,,,,,,,,,low_variance_fs,,,,,,,,,,,,,,,,,,,,,,,,,,,,,,,,,,,,,,,,,,,,,,,,,,,,,,,,,,,,,2.0,,,,,,,,,,,,,,,,,,,,,,,,,,sklearn,,,,,,,,,,,,,,,,,,,,,,,,10.0,,,,,,,6.0,,,,,,,,kneighbors_regressor_model,,,,,,,,,,heavy_standardisation,custom_standardizer,,,,0.08080969509087413,,,,,,,,,,,uniform,,COMPLETE
97,97,0.41273147611308525,2024-01-22 19:04:56.975878,2024-01-22 19:11:37.694756,0 days 00:06:40.718878,maccs,,,,,,,,kd_tree,,,,,,,,,,,,,,,,,,,,,,,,,,,,,,,,,,,,,,,,,,,,,,,,,,,,,,,,,,,,,,,,,,,,,k_best,,,,,,,,,,,,,,,,,,,,,,,,,,,,,,,,,,,,,13.0,,,,,,,,,,,,,,,,,,,,,,,,2.0,,,,,,,,,,,,,,,,,,,,,,,,,,sklearn,,,,,,,,,,,,,,,,,,,,,,,,10.0,,,,,,,6.0,,,,,,,,kneighbors_regressor_model,,,,,,,,,,heavy_standardisation,custom_standardizer,,,,,,,,,,,,,,,uniform,,COMPLETE
98,98,0.5931876916369376,2024-01-22 19:11:37.713776,2024-01-22 19:19:36.363386,0 days 00:07:58.649610,maccs,,,,,,,,kd_tree,,,,,,,,,,,,,,,,,,,,,,,,,,,,,,,,,,,,,,,,,,,,,,,,,,,,,,,,,,,,,,,,,,,,,low_variance_fs,,,,,,,,,,,,,,,,,,,,,,,,,,,,,,,,,,,,,,,,,,,,,,,,,,,,,,,,,,,,,2.0,,,,,,,,,,,,,,,,,,,,,,,,,,sklearn,,,,,,,,,,,,,,,,,,,,,,,,10.0,,,,,,,6.0,,,,,,,,kneighbors_regressor_model,,,,,,,,,,heavy_standardisation,custom_standardizer,,,,0.09511144962910374,,,,,,,,,,,uniform,,COMPLETE
99,99,0.5950726865084351,2024-01-22 19:19:36.378466,2024-01-22 19:27:12.772185,0 days 00:07:36.393719,maccs,,,,,,,,kd_tree,,,,,,,,,,,,,,,,,,,,,,,,,,,,,,,,,,,,,,,,,,,,,,,,,,,,,,,,,,,,,,,,,,,,,low_variance_fs,,,,,,,,,,,,,,,,,,,,,,,,,,,,,,,,,,,,,,,,,,,,,,,,,,,,,,,,,,,,,2.0,,,,,,,,,,,,,,,,,,,,,,,,,,sklearn,,,,,,,,,,,,,,,,,,,,,,,,10.0,,,,,,,6.0,,,,,,,,kneighbors_regressor_model,,,,,,,,,,heavy_standardisation,custom_standardizer,,,,0.09412652618016773,,,,,,,,,,,uniform,,COMPLETE
