,number,value,datetime_start,datetime_complete,duration,params_1D_featurizer,params_1d_model,params_2d_model,params_C_linear_svr,params_C_nu_svr,params_C_svr,params_algorithm_kneighbors_regressor,params_algorithm_radius_neighbors_regressor,params_alpha_1,params_alpha_2,params_alpha_bayesian_ridge,params_alpha_gamma_regressor,params_alpha_gaussian_process_regressor,params_alpha_quantile_regressor,params_alpha_ridge_cv,params_alpha_ridge_model,params_alpha_tweedie_regressor,params_attention_dropout_0,params_attention_dropout_1,params_attention_dropout_2,params_attention_dropout_3,params_attention_key_dim_0,params_attention_key_dim_1,params_attention_key_dim_2,params_attention_key_dim_3,params_base_estimator_bagging_regressor,params_batch_normalization_0,params_batch_normalization_1,params_batch_normalization_2,params_batch_normalization_3,params_batch_normalization_4,params_batch_size_1d_conv,params_batch_size_bi_rnn,params_batch_size_deepchem,params_batch_size_fcnn,params_batch_size_rnn,params_batch_size_simple_rnn,params_batch_size_tabular_transformer,params_bootstrap_bagging_regressor,params_bootstrap_features,params_bootstrap_random_forest_regressor,params_conv_activation_0,params_conv_activation_1,params_conv_activation_2,params_conv_batch_norm_0,params_conv_batch_norm_1,params_conv_batch_norm_2,params_conv_dropout_0,params_conv_dropout_1,params_conv_dropout_2,params_criterion_random_forest_regressor,params_degree_nu_svr,params_degree_svr,params_dense_activation,params_dense_dropout,params_dense_layer_size,params_dense_units,params_depth_dmpnn,params_dropout,params_dropout_attentive_fp,params_dropout_dag,params_dropout_graph_conv,params_dropout_pagtn,params_dropout_text_cnn,params_dropouts_weave,params_embed_dropout_p,params_embedding_output_dim,params_encoder_dropout_p,params_epochs_1d_conv,params_epochs_bi_rnn,params_epochs_deepchem,params_epochs_fcnn,params_epochs_rnn,params_epochs_simple_rnn,params_epochs_tabular_transformer,params_epsilon_linear_svr,params_f1,params_f2,params_feature_selector,params_featurizer_type,params_ff_dropout_p,params_filter_0,params_filter_1,params_filter_2,params_fnn_dropout_p,params_fnn_layers,params_fpSize,params_g_noise,params_gamma_nu_svr,params_gamma_svr,params_gen_dropout_p,params_gen_n_layers,params_graph_conv_layers_conv_model,params_graph_feat_size_attentive_fp,params_gru_dropout_0,params_gru_dropout_1,params_gru_dropout_2,params_gru_units_0,params_gru_units_1,params_gru_units_2,params_hidden_activation_0,params_hidden_activation_1,params_hidden_activation_2,params_hidden_activation_3,params_hidden_activation_4,params_hidden_dropout_0,params_hidden_dropout_1,params_hidden_dropout_2,params_hidden_dropout_3,params_hidden_dropout_4,params_hidden_layer_units_0,params_hidden_layer_units_1,params_hidden_layer_units_2,params_hidden_layer_units_3,params_hidden_layer_units_4,params_k,params_kernel_nu_svr,params_kernel_size_0,params_kernel_size_1,params_kernel_size_2,params_kernel_svr,params_l1_0,params_l1_1,params_l1_2,params_l1_3,params_l1_4,params_l2_0,params_l2_1,params_l2_2,params_l2_3,params_l2_4,params_lambda_1_ard_regression,params_lambda_1_bayesian_ridge,params_lambda_2_ard_regression,params_lambda_2_bayesian_ridge,params_layer_sizes_dag,params_layer_sizes_gather,params_leaf_size_kneighbors_regressor,params_leaf_size_radius_neighbors_regressor,params_learning_rate_ada_boost_regressor,params_learning_rate_hist_gradient_boosting_regressor,params_loss_ada_boost_regressor,params_loss_hist_gradient_boosting_regressor,params_lstm_dropout_0,params_lstm_dropout_1,params_lstm_dropout_2,params_lstm_units_0,params_lstm_units_1,params_lstm_units_2,params_master_atom,params_maxLength,params_maxPath,params_max_features_random_forest_regressor,params_max_length_pagtn,params_max_path,params_method,params_minLength,params_minPath,params_min_path,params_model_steps,params_model_type,params_nBits,params_n_attention_heads,params_n_attention_layers,params_n_bits,params_n_conv_layers,params_n_embedding_text_cnn,params_n_encoders,params_n_estimators,params_n_estimators_ada_boost_regressor,params_n_estimators_bagging_regressor,params_n_estimators_random_forest_regressor,params_n_graph_feat_dag,params_n_graph_feat_weave,params_n_gru_layers,params_n_hidden_layers,params_n_hidden_weave,params_n_layers,params_n_lstm_layers,params_n_neighbors_kneighbors_regressor,params_n_quantiles,params_n_rnn_layers,params_norm,params_nu_nu_svr,params_num_heads,params_num_layers_attentive_fp,params_num_layers_pagtn,params_output_distribution,params_p,params_percentile,params_power_tweedie_regressor,params_quantile,params_quantile_range,params_radius,params_radius_n_radius_neighbors_regressor,params_regression_model,params_rnn_dropouts_0,params_rnn_dropouts_1,params_rnn_dropouts_2,params_rnn_units_0,params_rnn_units_1,params_rnn_units_2,params_sa_dropout_p,params_scaler,params_standardization_type,params_standardize,params_standardizer,params_stride_0,params_stride_1,params_stride_2,params_support_weak,params_threshold,params_threshold_lambda,params_use_chirality_attentive_fp,params_use_chirality_gat,params_use_chirality_graph_conv,params_use_chirality_weave,params_use_edges_gat,params_use_partial_charge_attentive_fp,params_use_partial_charge_gat,params_weights_kneighbors_regressor,params_weights_radius_neighbors_regressor,params_with_centering,params_with_mean,params_with_scaling,params_with_std,state
0,0,-inf,2023-12-28 20:10:59.625349,2023-12-28 21:10:59.676354,0 days 01:00:00.051005,,,,,,,,,,,,,,,,,,,,,,,,,,,,,,,,,,8.0,,,,,,,,,,,,,,,,,,,,,,,,,,,,,,,,0.25,,0.5,,,786.0,,,,,,,,,,0.25,,,,,,,,,,0.5,1.0,,,,,,,,,,,,,,,,,,,,,,,,,,,,,,,,,,,,,,,,,,,,,,,,,,,,,,,,,,,,,,,,,,,,mat_model,deepchem,,,,,,,4.0,,,,,,,,,,1.0,,,,,,,,,,,,,,,,,,,,,,,,,0.25,,,,pass_through_standardizer,,,,,,,,,,,,,,,,,,,,COMPLETE
1,1,-inf,2023-12-28 21:10:59.763913,2023-12-28 22:11:00.081212,0 days 01:00:00.317299,2d_descriptors,,,,,,,,,,,,,,,,,,,,,,,,,rfr,,,,,,,,,,,,,False,False,,,,,,,,,,,,,,,,,,,,,,,,,,,,,,,,,,,,,,,low_variance_fs,,,,,,,,,,,,,,,,,,,,,,,,,,,,,,,,,,,,,,,,,,,,,,,,,,,,,,,,,,,,,,,,,,,,,,,,,,,,,,,,,,sklearn,,,,,,,,,,500.0,,,,,,,,,,,,,,,,,,,,,,,,,bagging_regressor_model,,,,,,,,pass_through_transformer,,,basic_standardizer,,,,,0.030571436672348715,,,,,,,,,,,,,,,COMPLETE
2,2,,2023-12-28 22:11:00.241501,2023-12-28 22:33:20.422092,0 days 00:22:20.180591,layered,keras_tabular_transformer,,,,,,,,,,,,,,,,0.3952169288809593,0.23550573016739257,,,16.0,8.0,,,,,,,,,,,,,,,16.0,,,,,,,,,,,,,,,,relu,0.11405455374646611,,88.0,,,,,,,,,,128.0,,,,,,,,150.0,,,,,1D,,,,,,,1024.0,,,,,,,,,,,,,,,,,,,,,,,,,,,,,,,,,,,,,,,,,,,,,,,,,,,,,,,,,,,,,,,,,7.0,,,,,,3.0,,,keras,,4.0,2.0,,,,,,,,,,,,,,,,,,,,,,,,,,,,,,,,,,,,,,,,,simple_standardisation,,custom_standardizer,,,,,,,,,,,,,,,,,,,,FAIL
3,3,0.22400242724890282,2023-12-28 22:33:20.442664,2023-12-28 22:40:42.552548,0 days 00:07:22.109884,maccs,,,,,,,,,,,,,,,,0.1433480124916091,,,,,,,,,,,,,,,,,,,,,,,,,,,,,,,,,,,,,,,,,,,,,,,,,,,,,,,,,,,,,,boruta_algorithm,,,,,,,,,,,,,,,,,,,,,,,,,,,,,,,,,,,,,,,,,,,,,,,,,,,,,,,,,,,,,,,,,,,,,,,,,,,,,,,,,,sklearn,,,,,,,,,,,,,,,,,,,,,,,,,,,,,,0.5421314285436029,,,,,tweedie_regressor_model,,,,,,,,,simple_standardisation,,custom_standardizer,,,,False,,,,,,,,,,,,,,,,COMPLETE
4,4,,2023-12-28 22:40:42.574245,2023-12-28 23:23:01.816934,0 days 00:42:19.242689,,,keras_rnn,,,,,,,,,,,,,,,,,,,,,,,,,,,,,,,,,16.0,,,,,,,,,,,,,,,,,,tanh,0.22886921948266142,,128.0,,,,,,,,,,,,,,,,1000.0,,,,,,,2D,,,,,,,,,,,,,,,0.07774799179475528,,,102.0,,,,,,,,,,,,,,,,,,,,,,,,,,,,,,,,,,,,,,,,,,,,,,0.13197605164748455,,,117.0,,,,,,,,,,,,,,keras,,,,,,,,,,,,,,1.0,,,,1.0,,,,,,,,,,,,,,,,,,,,,,,,,,,,chembl_standardizer,,,,,,,,,,,,,,,,,,,,FAIL
5,5,0.1018072476691784,2023-12-28 23:23:01.874289,2023-12-28 23:42:22.065059,0 days 00:19:20.190770,mixed,,,,,,,,,,,,,,,,,,,,,,,,,,,,,,,,,,,,,,,,,,,,,,,,,,,,,,,,,,,,,,,,,,,,,,,,,,,,rdk,morgan,boruta_algorithm,,,,,,,,,,,,,,,,,,,,,,,,,,,,,,,,,,,,,,,,,,,,,,,,,,,,,,,,,,,,,,,,,,,,,,,,,,,,,,,,,,sklearn,,,,,,,,,,,,,,,,,,,,,,,,,,,,,,,,,,,decision_tree_regressor_model,,,,,,,,,,,basic_standardizer,,,,True,,,,,,,,,,,,,,,,COMPLETE
6,6,-inf,2023-12-28 23:42:22.086153,2023-12-28 23:43:14.705200,0 days 00:00:52.619047,layered,keras_tabular_transformer,,,,,,,,,,,,,,,,0.27109407179872197,0.3914786862641064,0.14100849378972696,,2.0,4.0,8.0,,,,,,,,,,,,,,256.0,,,,,,,,,,,,,,,,tanh,0.1359681703777061,,32.0,,,,,,,,,,64.0,,,,,,,,300.0,,,,,1D,,,,,,,2048.0,,,,,,,,,,,,,,,,,,,,,,,,,,,,,,,,,,,,,,,,,,,,,,,,,,,,,,,,,,,,,,,,,9.0,,,,,,2.0,,,keras,,4.0,3.0,,,,,,,,,,,,,,,,,,,,,,,,,,,,,,,,,,,,,,,,,heavy_standardisation,,custom_standardizer,,,,,,,,,,,,,,,,,,,,COMPLETE
7,7,-inf,2023-12-28 23:43:14.727214,2023-12-28 23:43:41.647622,0 days 00:00:26.920408,,,,,,,,,,,,,,,,,,,,,,,,,,,,,,,,,,32.0,,,,,,,,,,,,,,,,,,,,,,,,,,,,,,,,0.5,,0.0,,,803.0,,,,,,,,,,0.0,,,,,,,,,,0.0,3.0,,,,,,,,,,,,,,,,,,,,,,,,,,,,,,,,,,,,,,,,,,,,,,,,,,,,,,,,,,,,,,,,,,,,mat_model,deepchem,,,,,,,6.0,,,,,,,,,,1.0,,,,,,,,,,,,,,,,,,,,,,,,,0.25,,heavy_standardisation,,custom_standardizer,,,,,,,,,,,,,,,,,,,,COMPLETE
8,8,0.14367206823439252,2023-12-28 23:43:41.679414,2023-12-28 23:53:03.583434,0 days 00:09:21.904020,,,,,,,,,,,,,,,,,,,,,,,,,,,,,,,,,,128.0,,,,,,,,,,,,,,,,,,,,,,,,2.0,,,,,,,,,,,,,102.0,,,,,,,,,,,,,,0.25,1.0,,,,,,,,,,,,,,,,,,,,,,,,,,,,,,,,,,,,,,,,,,,,,,,,,,,,,,,,,,,,,,,,,,,,,,,,,,dmpnn_model,deepchem,,,,,,,,,,,,,,,,,,,,,,,,,,,,,,,,,,,,,,,,,,,,,,basic_standardizer,,,,,,,,,,,,,,,,,,,,COMPLETE
9,9,-inf,2023-12-28 23:53:03.602082,2023-12-29 00:53:04.564189,0 days 01:00:00.962107,,,,,,,,,,,,,,,,,,,,,,,,,,,,,,,,,,64.0,,,,,,,,,,,,,,,,,,,,,,,,,,0.25,,,,,,,,,,,860.0,,,,,,,,,,,,,,,,,,,,,,,200.0,,,,,,,,,,,,,,,,,,,,,,,,,,,,,,,,,,,,,,,,,,,,,,,,,,,,,,,,,,,,,,,,,,attentive_fp_model,deepchem,,,,,,,,,,,,,,,,,,,,,,,,,4.0,,,,,,,,,,,,,,,,,,,,,basic_standardizer,,,,,,,True,,,,,True,,,,,,,,COMPLETE
10,10,,2023-12-29 00:53:04.597149,2023-12-29 01:02:46.052172,0 days 00:09:41.455023,,,keras_rnn,,,,,,,,,,,,,,,,,,,,,,,,,,,,,,,,,64.0,,,,,,,,,,,,,,,,,,tanh,0.1906638063796427,,80.0,,,,,,,,,,,,,,,,50.0,,,,,,,2D,,,,,,,,,,,,,,,0.22313526026892472,0.1238525692075454,,178.0,108.0,,,,,,,,,,,,,,,,,,,,,,,,,,,,,,,,,,,,,,,,,,,,,0.08536251769696035,0.3134405982908508,,31.0,229.0,,,,,,,,,,,,,keras,,,,,,,,,,,,,,2.0,,,,2.0,,,,,,,,,,,,,,,,,,,,,,,,,,,,pass_through_standardizer,,,,,,,,,,,,,,,,,,,,FAIL
11,11,0.3197882904770789,2023-12-29 01:02:46.076921,2023-12-29 01:11:26.901456,0 days 00:08:40.824535,layered,keras_1d_cnn,,,,,,,,,,,,,,,,,,,,,,,,,,,,,,256.0,,,,,,,,,,tanh,relu,tanh,False,True,True,0.20558822610315286,0.6669832666346952,0.1117841547385174,,,,tanh,,,96.0,,0.5646910041721365,,,,,,,,,,150.0,,,,,,,,,,,1D,,30.0,30.0,24.0,,,1024.0,0.09227948982620447,,,,,,,,,,,,,,,,,,,,,,,,,,,,,,35.0,59.0,49.0,,,,,,,,,,,,,,,,,,,,,,,,,,,,,,,,5.0,,,,,,3.0,,,keras,,,,,3.0,,,,,,,,,,,,,,,,,,,,,,,,,,,,,,,,,,,,,,,,,pass_through_standardizer,2.0,2.0,1.0,,,,,,,,,,,,,,,,,COMPLETE
12,12,0.16935575630142224,2023-12-29 01:11:26.935538,2023-12-29 01:18:36.633732,0 days 00:07:09.698194,2d_descriptors,,,,,,,,,,,,0.7384850936236831,,,,,,,,,,,,,,,,,,,,,,,,,,,,,,,,,,,,,,,,,,,,,,,,,,,,,,,,,,,,,,,,,,k_best,,,,,,,,,,,,,,,,,,,,,,,,,,,,,,,,,,,,,19.0,,,,,,,,,,,,,,,,,,,,,,,,,,,,,,,,,,,,,,,,,,,,,sklearn,,,,,,,,,,,,,,,,,,,,,,,,,,,,,,,,,,,gaussian_process_regressor_model,,,,,,,,binarizer,,,chembl_standardizer,,,,,,,,,,,,,,,,,,,,COMPLETE
13,13,0.28009776413717413,2023-12-29 01:18:36.654168,2023-12-29 01:24:39.013741,0 days 00:06:02.359573,atom_pair,keras_1d_cnn,,,,,,,,,,,,,,,,,,,,,,,,,,,,,,256.0,,,,,,,,,,tanh,relu,tanh,False,True,True,0.1829046331706239,0.7076032902941888,0.051312142402931804,,,,tanh,,,160.0,,0.5915814855049766,,,,,,,,,,150.0,,,,,,,,,,,1D,,31.0,30.0,24.0,,,,0.09983788087995404,,,,,,,,,,,,,,,,,,,,,,,,,,,,,,37.0,63.0,50.0,,,,,,,,,,,,,,,,,,,,,,,,,,,,,,,20.0,,,,,,3.0,,,,keras,1024.0,,,,3.0,,,,,,,,,,,,,,,,,,,,,,,,,,,,,,,,,,,,,,,,,pass_through_standardizer,2.0,2.0,1.0,,,,,,,,,,,,,,,,,COMPLETE
14,14,0.2930408474356406,2023-12-29 01:24:39.106334,2023-12-29 01:30:54.211329,0 days 00:06:15.104995,atom_pair,keras_1d_cnn,,,,,,,,,,,,,,,,,,,,,,,,,,,,,,256.0,,,,,,,,,,tanh,relu,tanh,False,True,True,0.18198545399382604,0.7033418140373927,0.03998685034472273,,,,tanh,,,160.0,,0.5744053146189234,,,,,,,,,,150.0,,,,,,,,,,,1D,,32.0,31.0,24.0,,,,0.09982763906686994,,,,,,,,,,,,,,,,,,,,,,,,,,,,,,36.0,64.0,50.0,,,,,,,,,,,,,,,,,,,,,,,,,,,,,,,20.0,,,,,,3.0,,,,keras,1024.0,,,,3.0,,,,,,,,,,,,,,,,,,,,,,,,,,,,,,,,,,,,,,,,,pass_through_standardizer,2.0,2.0,1.0,,,,,,,,,,,,,,,,,COMPLETE
15,15,0.30545876156280444,2023-12-29 01:30:54.233099,2023-12-29 01:37:12.718429,0 days 00:06:18.485330,atom_pair,keras_1d_cnn,,,,,,,,,,,,,,,,,,,,,,,,,,,,,,256.0,,,,,,,,,,tanh,relu,tanh,False,True,True,0.19879880914545547,0.6943609458053969,0.06511711241326885,,,,tanh,,,128.0,,0.5583808913737242,,,,,,,,,,150.0,,,,,,,,,,,1D,,32.0,32.0,25.0,,,,0.0975346257728254,,,,,,,,,,,,,,,,,,,,,,,,,,,,,,34.0,64.0,49.0,,,,,,,,,,,,,,,,,,,,,,,,,,,,,,,50.0,,,,,,2.0,,,,keras,1024.0,,,,3.0,,,,,,,,,,,,,,,,,,,,,,,,,,,,,,,,,,,,,,,,,pass_through_standardizer,2.0,2.0,1.0,,,,,,,,,,,,,,,,,COMPLETE
16,16,0.059123984636507046,2023-12-29 01:37:12.738955,2023-12-29 01:44:56.998133,0 days 00:07:44.259178,,,keras_rnn,,,,,,,,,,,,,,,,,,,,,,,,,,,,,,,,,32.0,,,,,,,,,,,,,,,,,,relu,0.49242372888893676,,64.0,,,,,,,,,,,,,,,,50.0,,,,,,,2D,,,,,,,,,,,,,,,0.09344029222099887,,,162.0,,,,,,,,,,,,,,,,,,,,,,,,,,,,,,,,,,,,,,,,,,,,,,0.34735432544982964,,,96.0,,,,,,,,,,,,,,keras,,,,,,,,,,,,,,1.0,,,,1.0,,,,,,,,,,,,,,,,,,,,,,,,,,,,pass_through_standardizer,,,,,,,,,,,,,,,,,,,,COMPLETE
17,17,0.13195703250931634,2023-12-29 01:44:57.018346,2023-12-29 01:53:27.158838,0 days 00:08:30.140492,rdk,keras_1d_cnn,,,,,,,,,,,,,,,,,,,,,,,,,,,,,,16.0,,,,,,,,,,tanh,relu,tanh,False,True,True,0.3962028783402178,0.4822418282670547,0.31611009650101785,,,,tanh,,,256.0,,0.32188921782266644,,,,,,,,,,150.0,,,,,,,,,,,1D,,25.0,32.0,32.0,,,1024.0,0.06861272530461263,,,,,,,,,,,,,,,,,,,,,,,,,,,,,,17.0,49.0,32.0,,,,,,,,,,,,,,,,,,,,,,,,,,,,,,,,,,,6.0,,,,1.0,,keras,,,,,3.0,,,,,,,,,,,,,,,,,,,,,,,,,,,,,,,,,,,,,,,,,pass_through_standardizer,1.0,2.0,1.0,,,,,,,,,,,,,,,,,COMPLETE
18,18,0.18065960115027505,2023-12-29 01:53:27.179837,2023-12-29 02:05:39.278094,0 days 00:12:12.098257,layered,keras_dense,,,,,,,,,,,,,,,,,,,,,,,,,False,True,True,True,,,,,16.0,,,,,,,,,,,,,,,,,,,,,,,,,,,,,,,,,,,,,50.0,,,,,,,,1D,,,,,,,1024.0,,,,,,,,,,,,,,relu,tanh,relu,relu,,0.48810557113898256,0.03929271178943783,0.2606042232439001,0.585542374597358,,46.0,49.0,44.0,62.0,,,,,,,,9.484842362360435e-05,0.00012517037953677833,1.0871722082977365e-05,0.0013636728444446208,,0.0034210389426470823,0.0011213803780998428,2.8371165704428916e-06,0.00018143470011368053,,,,,,,,,,,,,,,,,,,,,,5.0,,,,,,3.0,,,keras,,,,,,,,,,,,,,,4.0,,,,,,,,,,,,,,,,,,,,,,,,,,,,,,,chembl_standardizer,,,,,,,,,,,,,,,,,,,,COMPLETE
19,19,0.09209595708991465,2023-12-29 02:05:39.342379,2023-12-29 02:14:20.114020,0 days 00:08:40.771641,,,keras_simple_rnn,,,,,,,,,,,,,,,,,,,,,,,,,,,,,,,,,,256.0,,,,,,,,,,,,,,,,,tanh,0.018235255513882942,,96.0,,,,,,,,,,,,,,,,,50.0,,,,,,2D,,,,,,,,,,,,,,,,,,,,,,,,,,,,,,,,,,,,,,,,,,,,,,,,,,,,,,,,,,,,,,,,,,,,,,,,,,,,,,,,,keras,,,,,,,,,,,,,,,,,,,,,3.0,,,,,,,,,,,,,,,0.23222696527154615,0.35104952380739896,0.23054211934678626,149.0,212.0,174.0,,,,,pass_through_standardizer,,,,,,,,,,,,,,,,,,,,COMPLETE
20,20,0.1369762488548805,2023-12-29 02:14:20.134069,2023-12-29 02:22:00.144286,0 days 00:07:40.010217,mol2vec,keras_1d_cnn,,,,,,,,,,,,,,,,,,,,,,,,,,,,,,32.0,,,,,,,,,,relu,,,True,,,0.017202233137318557,,,,,,relu,,,128.0,,0.7791166505355778,,,,,,,,,,50.0,,,,,,,,,,,1D,,9.0,,,,,,0.01389113850234134,,,,,,,,,,,,,,,,,,,,,,,,,,,,,,36.0,,,,,,,,,,,,,,,,,,,,,,,,,,,,,,,,,,,,,,,,,,,keras,,,,,1.0,,,,,,,,,,,,,,,,,,,,,,,,,,,,,,,,,,,,,,,,,pass_through_standardizer,2.0,,,,,,,,,,,,,,,,,,,COMPLETE
21,21,0.27973615335181695,2023-12-29 02:22:00.212315,2023-12-29 02:30:49.681970,0 days 00:08:49.469655,morgan,keras_1d_cnn,,,,,,,,,,,,,,,,,,,,,,,,,,,,,,64.0,,,,,,,,,,tanh,tanh,,False,False,,0.7842117426965463,0.20898226000992298,,,,,tanh,,,192.0,,0.0968638459308725,,,,,,,,,,300.0,,,,,,,,,,,1D,,21.0,13.0,,,,,0.07885946102243843,,,,,,,,,,,,,,,,,,,,,,,,,,,,,,58.0,25.0,,,,,,,,,,,,,,,,,,,,,,,,,,,,,,,,,,,,,,,,,,keras,,,,1024.0,2.0,,,,,,,,,,,,,,,,,,,,,,,,,,,,6.0,,,,,,,,,,,,,pass_through_standardizer,2.0,1.0,,,,,,,,,,,,,,,,,,COMPLETE
22,22,,2023-12-29 02:30:49.749402,2023-12-29 02:52:42.321881,0 days 00:21:52.572479,,,keras_bidirectional_rnn,,,,,,,,,,,,,,,,,,,,,,,,,,,,,,64.0,,,,,,,,,,,,,,,,,,,,,tanh,0.3403874263692491,,96.0,,,,,,,,,,,,,100.0,,,,,,,,,,2D,,,,,,,,,,,,,,,0.4864131258971161,0.33544918413120517,0.3379519941346819,24.0,251.0,106.0,,,,,,,,,,,,,,,,,,,,,,,,,,,,,,,,,,,,,,,,,,,,0.006461783936206167,0.030448395800729167,0.019884300815950606,239.0,131.0,175.0,,,,,,,,,,,,keras,,,,,,,,,,,,,,3.0,,,,3.0,,,,,,,,,,,,,,,,,,,,,,,,,,,,chembl_standardizer,,,,,,,,,,,,,,,,,,,,FAIL
23,23,,2023-12-29 02:52:42.459376,2023-12-29 03:20:45.078240,0 days 00:28:02.618864,,,keras_bidirectional_rnn,,,,,,,,,,,,,,,,,,,,,,,,,,,,,,64.0,,,,,,,,,,,,,,,,,,,,,tanh,0.32329167543503823,,96.0,,,,,,,,,,,,,150.0,,,,,,,,,,2D,,,,,,,,,,,,,,,0.4939122273898486,0.08395474395390073,0.3494233524611743,23.0,209.0,26.0,,,,,,,,,,,,,,,,,,,,,,,,,,,,,,,,,,,,,,,,,,,,0.008196673189977521,0.25553877249761286,0.27350891865311533,252.0,124.0,150.0,,,,,,,,,,,,keras,,,,,,,,,,,,,,3.0,,,,3.0,,,,,,,,,,,,,,,,,,,,,,,,,,,,chembl_standardizer,,,,,,,,,,,,,,,,,,,,FAIL
24,24,-inf,2023-12-29 03:20:45.096167,2023-12-29 04:20:45.137791,0 days 01:00:00.041624,,,keras_bidirectional_rnn,,,,,,,,,,,,,,,,,,,,,,,,,,,,,,16.0,,,,,,,,,,,,,,,,,,,,,tanh,0.3348211657860196,,96.0,,,,,,,,,,,,,500.0,,,,,,,,,,2D,,,,,,,,,,,,,,,0.423645242535457,0.17362597036574032,0.09441625231331657,21.0,70.0,183.0,,,,,,,,,,,,,,,,,,,,,,,,,,,,,,,,,,,,,,,,,,,,0.03671527085347337,0.33077771793450983,0.30834989085220654,250.0,26.0,211.0,,,,,,,,,,,,keras,,,,,,,,,,,,,,3.0,,,,3.0,,,,,,,,,,,,,,,,,,,,,,,,,,,,chembl_standardizer,,,,,,,,,,,,,,,,,,,,COMPLETE
25,25,0.03611283251197363,2023-12-29 04:20:45.163065,2023-12-29 04:54:53.876013,0 days 00:34:08.712948,layered,keras_tabular_transformer,,,,,,,,,,,,,,,,0.028907424783972346,0.0029843446260860995,,,4.0,16.0,,,,,,,,,,,,,,,32.0,,,,,,,,,,,,,,,,relu,0.27009519999534154,,88.0,,,,,,,,,,16.0,,,,,,,,100.0,,,,,1D,,,,,,,1024.0,,,,,,,,,,,,,,,,,,,,,,,,,,,,,,,,,,,,,,,,,,,,,,,,,,,,,,,,,,,,,,,,,5.0,,,,,,3.0,,,keras,,8.0,2.0,,,,,,,,,,,,,,,,,,,,,,,,,,,,,,,,,,,,,,,,,,,pass_through_standardizer,,,,,,,,,,,,,,,,,,,,COMPLETE
26,26,0.35397939786962784,2023-12-29 04:54:53.908607,2023-12-29 05:14:51.859137,0 days 00:19:57.950530,atom_pair,keras_1d_cnn,,,,,,,,,,,,,,,,,,,,,,,,,,,,,,256.0,,,,,,,,,,tanh,relu,tanh,False,True,True,0.2146829035641065,0.7419378903094193,0.012680937372392235,,,,tanh,,,160.0,,0.5666130486507431,,,,,,,,,,150.0,,,,,,,,,,,1D,,32.0,30.0,21.0,,,,0.09923685071029253,,,,,,,,,,,,,,,,,,,,,,,,,,,,,,32.0,58.0,53.0,,,,,,,,,,,,,,,,,,,,,,,,,,,,,,,50.0,,,,,,2.0,,,,keras,1024.0,,,,3.0,,,,,,,,,,,,,,,,,,,,,,,,,,,,,,,,,,,,,,,,,pass_through_standardizer,2.0,2.0,1.0,,,,,,,,,,,,,,,,,COMPLETE
27,27,0.20566638102351914,2023-12-29 05:14:51.892278,2023-12-29 05:35:22.853380,0 days 00:20:30.961102,atom_pair,keras_1d_cnn,,,,,,,,,,,,,,,,,,,,,,,,,,,,,,256.0,,,,,,,,,,tanh,relu,relu,False,True,True,0.24659537614550478,0.7989830314534411,0.04211548202199453,,,,tanh,,,192.0,,0.5279987488796338,,,,,,,,,,150.0,,,,,,,,,,,1D,,32.0,22.0,19.0,,,,0.09911431982877054,,,,,,,,,,,,,,,,,,,,,,,,,,,,,,25.0,54.0,60.0,,,,,,,,,,,,,,,,,,,,,,,,,,,,,,,50.0,,,,,,1.0,,,,keras,2048.0,,,,3.0,,,,,,,,,,,,,,,,,,,,,,,,,,,,,,,,,,,,,,,,,pass_through_standardizer,2.0,2.0,1.0,,,,,,,,,,,,,,,,,COMPLETE
28,28,0.22048755855056673,2023-12-29 05:35:22.875965,2023-12-29 06:01:58.679643,0 days 00:26:35.803678,atom_pair,keras_1d_cnn,,,,,,,,,,,,,,,,,,,,,,,,,,,,,,128.0,,,,,,,,,,tanh,relu,,False,True,,0.24238376441328718,0.5899975776461003,,,,,tanh,,,128.0,,0.49443044772456196,,,,,,,,,,1000.0,,,,,,,,,,,1D,,26.0,23.0,,,,,0.08240906936893383,,,,,,,,,,,,,,,,,,,,,,,,,,,,,,28.0,55.0,,,,,,,,,,,,,,,,,,,,,,,,,,,,,,,,50.0,,,,,,2.0,,,,keras,1024.0,,,,2.0,,,,,,,,,,,,,,,,,,,,,,,,,,,,,,,,,,,,,,,,,pass_through_standardizer,1.0,2.0,,,,,,,,,,,,,,,,,,COMPLETE
29,29,0.24640341442721697,2023-12-29 06:01:58.703607,2023-12-29 06:21:13.257596,0 days 00:19:14.553989,atom_pair,keras_dense,,,,,,,,,,,,,,,,,,,,,,,,,True,,,,,,,,128.0,,,,,,,,,,,,,,,,,,,,,,,,,,,,,,,,,,,,,500.0,,,,,,,,1D,,,,,,,,,,,,,,,,,,,,,tanh,,,,,0.022745844704254836,,,,,14.0,,,,,,,,,,,0.008770902901841491,,,,,1.373809742813863e-06,,,,,,,,,,,,,,,,,,,,,,,,40.0,,,,,,2.0,,,,keras,1024.0,,,,,,,,,,,,,,1.0,,,,,,,,,,,,,,,,,,,,,,,,,,,,,,,pass_through_standardizer,,,,,,,,,,,,,,,,,,,,COMPLETE
30,30,,2023-12-29 06:21:13.281548,2023-12-29 06:36:01.394660,0 days 00:14:48.113112,mixed,keras_1d_cnn,,,,,,,,,,,,,,,,,,,,,,,,,,,,,,256.0,,,,,,,,,,relu,relu,tanh,False,True,False,0.06317225486176142,0.5765829594339382,0.007488401284416191,,,,tanh,,,192.0,,0.6936237693913608,,,,,,,,,,100.0,,,,,,,,2d_descriptors,rdk,,1D,,27.0,27.0,24.0,,,,0.08685109786135037,,,,,,,,,,,,,,,,,,,,,,,,,,,,,,45.0,39.0,47.0,,,,,,,,,,,,,,,,,,,,,,,,,,,,,,,,,,,,,,,,,keras,,,,,3.0,,,,,,,,,,,,,,,,,,,,,,,,,,,,,,,,,,,,,,,,,pass_through_standardizer,2.0,1.0,2.0,,,,,,,,,,,,,,,,,FAIL
31,31,-inf,2023-12-29 06:36:01.409720,2023-12-29 07:36:01.423956,0 days 01:00:00.014236,mixed,,,,,,,,,,,,,,,,,,,,,,,,,,,,,,,,,,,,,,,,,,,,,,,,,,,,,,,,,,,,,,,,,,,,,,,,,,,,maccs,maccs,,1D,,,,,,,,,,,,,,,,,,,,,,,,,,,,,,,,,,,,,,,,,,,,,,,,,,,,,,,,,,,,,,,,,,,,,,,,,,,,,,,,,keras,,,,,,,,,,,,,,,,,,,,,,,,,,,,,,,,,,,,,,,,,,,,,,,,,,,,,,,,,,,,,,,,,,COMPLETE
32,32,0.21352635896451688,2023-12-29 07:36:01.455436,2023-12-29 07:53:30.303927,0 days 00:17:28.848491,morgan,keras_1d_cnn,,,,,,,,,,,,,,,,,,,,,,,,,,,,,,256.0,,,,,,,,,,tanh,relu,tanh,False,True,False,0.05901644331660555,0.5948527285674705,0.7712886527778215,,,,tanh,,,192.0,,0.6433253412238806,,,,,,,,,,500.0,,,,,,,,,,,1D,,26.0,27.0,6.0,,,,0.08541303483227379,,,,,,,,,,,,,,,,,,,,,,,,,,,,,,48.0,39.0,47.0,,,,,,,,,,,,,,,,,,,,,,,,,,,,,,,,,,,,,,,,,keras,,,,2048.0,3.0,,,,,,,,,,,,,,,,,,,,,,,,,,,,2.0,,,,,,,,,,,,,pass_through_standardizer,2.0,1.0,2.0,,,,,,,,,,,,,,,,,COMPLETE
33,33,,2023-12-29 07:53:30.328457,2023-12-29 08:16:23.805111,0 days 00:22:53.476654,,,keras_bidirectional_rnn,,,,,,,,,,,,,,,,,,,,,,,,,,,,,,64.0,,,,,,,,,,,,,,,,,,,,,tanh,0.49413766367200057,,144.0,,,,,,,,,,,,,100.0,,,,,,,,,,2D,,,,,,,,,,,,,,,0.0036172522769037374,0.4805584238508283,0.4526616964298456,249.0,251.0,22.0,,,,,,,,,,,,,,,,,,,,,,,,,,,,,,,,,,,,,,,,,,,,0.4945587659799742,,,34.0,,,,,,,,,,,,,,keras,,,,,,,,,,,,,,3.0,,,,1.0,,,,,,,,,,,,,,,,,,,,,,,,,,,,pass_through_standardizer,,,,,,,,,,,,,,,,,,,,FAIL
34,34,,2023-12-29 08:16:23.817296,2023-12-29 08:38:04.804786,0 days 00:21:40.987490,,,keras_rnn,,,,,,,,,,,,,,,,,,,,,,,,,,,,,,,,,64.0,,,,,,,,,,,,,,,,,,tanh,0.04238431844328866,,144.0,,,,,,,,,,,,,,,,150.0,,,,,,,2D,,,,,,,,,,,,,,,0.001860332810328047,0.49599802913019236,0.4362458841735596,256.0,252.0,28.0,,,,,,,,,,,,,,,,,,,,,,,,,,,,,,,,,,,,,,,,,,,,0.46711835529030227,,,21.0,,,,,,,,,,,,,,keras,,,,,,,,,,,,,,3.0,,,,1.0,,,,,,,,,,,,,,,,,,,,,,,,,,,,pass_through_standardizer,,,,,,,,,,,,,,,,,,,,FAIL
35,35,,2023-12-29 08:38:04.852508,2023-12-29 08:59:47.178346,0 days 00:21:42.325838,,,keras_bidirectional_rnn,,,,,,,,,,,,,,,,,,,,,,,,,,,,,,32.0,,,,,,,,,,,,,,,,,,,,,tanh,0.018474601215077824,,144.0,,,,,,,,,,,,,100.0,,,,,,,,,,2D,,,,,,,,,,,,,,,0.009603393921655656,,,221.0,,,,,,,,,,,,,,,,,,,,,,,,,,,,,,,,,,,,,,,,,,,,,,0.46431620690751263,,,16.0,,,,,,,,,,,,,,keras,,,,,,,,,,,,,,1.0,,,,1.0,,,,,,,,,,,,,,,,,,,,,,,,,,,,pass_through_standardizer,,,,,,,,,,,,,,,,,,,,FAIL
36,36,0.10688439989378955,2023-12-29 08:59:47.189766,2023-12-29 09:22:07.086749,0 days 00:22:19.896983,,,keras_simple_rnn,,,,,,,,,,,,,,,,,,,,,,,,,,,,,,,,,,128.0,,,,,,,,,,,,,,,,,tanh,0.018422044672877502,,128.0,,,,,,,,,,,,,,,,,300.0,,,,,,2D,,,,,,,,,,,,,,,,,,,,,,,,,,,,,,,,,,,,,,,,,,,,,,,,,,,,,,,,,,,,,,,,,,,,,,,,,,,,,,,,,keras,,,,,,,,,,,,,,,,,,,,,1.0,,,,,,,,,,,,,,,0.456315005479307,,,36.0,,,,,,,pass_through_standardizer,,,,,,,,,,,,,,,,,,,,COMPLETE
37,37,0.1430133955043305,2023-12-29 09:22:07.107059,2023-12-29 09:50:38.599802,0 days 00:28:31.492743,maccs,,,,,,,,,,,,,,1.0963141140768382,,,,,,,,,,,,,,,,,,,,,,,,,,,,,,,,,,,,,,,,,,,,,,,,,,,,,,,,,,,,,,,,pass_through_transformer,,,,,,,,,,,,,,,,,,,,,,,,,,,,,,,,,,,,,,,,,,,,,,,,,,,,,,,,,,,,,,,,,,,,,,,,,,,,,,,,,,sklearn,,,,,,,,,,,,,,,,,,,,,,,,,,,,,,,,,,,ridge_cv_model,,,,,,,,,simple_standardisation,,custom_standardizer,,,,,,,,,,,,,,,,,,,,COMPLETE
38,38,0.12580983027504009,2023-12-29 09:50:38.640202,2023-12-29 11:38:14.596201,0 days 01:47:35.955999,,,,,,,,,,,,,,,,,,,,,,,,,,,,,,,,,,16.0,,,,,,,,,,,,,,,,,,,,,,,,,,,0.0,,,,,,,,,,309.0,,,,,,,,,,,,,,,,,,,,,,,,,,,,,,,,,,,,,,,,,,,,,,,,,,,,,,,,,,,,,,,,,[100],[100],,,,,,,,,,,,,,,,,,,,,,,dag_model,deepchem,,,,,,,,,,,,256.0,,,,,,,,,,,,,,,,,,,,,,,,,,,,,,,,,,chembl_standardizer,,,,,,,,,,,,,,,,,,,,COMPLETE
39,39,-inf,2023-12-29 11:38:14.654451,2023-12-29 11:40:30.887554,0 days 00:02:16.233103,,,,,,,,,,,,,,,,,,,,,,,,,,,,,,,,,,256.0,,,,,,,,,,,,,,,,,,,,,,,,,,,,,,0.25,,,,,,,504.0,,,,,,,,,,,,,,,,,,,,,,,,,,,,,,,,,,,,,,,,,,,,,,,,,,,,,,,,,,,,,,,,,,,,,,,,,,,,,,,,,,,,,,,,,text_cnn_model,deepchem,,,,,,100.0,,,,,,,,,,,,,,,,,,,,,,,,,,,,,,,,,,,,,,,,pass_through_standardizer,,,,,,,,,,,,,,,,,,,,COMPLETE
40,40,0.26489869398302296,2023-12-29 11:40:30.992730,2023-12-29 12:02:17.785121,0 days 00:21:46.792391,atom_pair,keras_1d_cnn,,,,,,,,,,,,,,,,,,,,,,,,,,,,,,256.0,,,,,,,,,,tanh,relu,tanh,False,True,True,0.21834192789589435,0.7461734617230079,0.009030664713287749,,,,tanh,,,160.0,,0.6165193680932736,,,,,,,,,,150.0,,,,,,,,,,,1D,,32.0,32.0,24.0,,,,0.09941264154702806,,,,,,,,,,,,,,,,,,,,,,,,,,,,,,34.0,64.0,51.0,,,,,,,,,,,,,,,,,,,,,,,,,,,,,,,20.0,,,,,,3.0,,,,keras,1024.0,,,,3.0,,,,,,,,,,,,,,,,,,,,,,,,,,,,,,,,,,,,,,,,,pass_through_standardizer,2.0,2.0,1.0,,,,,,,,,,,,,,,,,COMPLETE
41,41,0.3389111145564368,2023-12-29 12:02:17.809994,2023-12-29 12:24:43.287337,0 days 00:22:25.477343,atom_pair,keras_1d_cnn,,,,,,,,,,,,,,,,,,,,,,,,,,,,,,256.0,,,,,,,,,,tanh,relu,tanh,False,True,True,0.1382691952056303,0.6645866856293121,0.039042128218774425,,,,tanh,,,160.0,,0.47088279144465073,,,,,,,,,,30.0,,,,,,,,,,,1D,,32.0,27.0,24.0,,,,0.0999721998010122,,,,,,,,,,,,,,,,,,,,,,,,,,,,,,44.0,64.0,53.0,,,,,,,,,,,,,,,,,,,,,,,,,,,,,,,40.0,,,,,,2.0,,,,keras,1024.0,,,,3.0,,,,,,,,,,,,,,,,,,,,,,,,,,,,,,,,,,,,,,,,,pass_through_standardizer,2.0,2.0,1.0,,,,,,,,,,,,,,,,,COMPLETE
42,42,0.3072889241540375,2023-12-29 12:24:43.325957,2023-12-29 12:48:45.435285,0 days 00:24:02.109328,atom_pair,keras_1d_cnn,,,,,,,,,,,,,,,,,,,,,,,,,,,,,,256.0,,,,,,,,,,relu,relu,tanh,True,True,True,0.13023349460485997,0.6205704873763217,0.18024674226821003,,,,tanh,,,128.0,,0.3909598787550559,,,,,,,,,,30.0,,,,,,,,,,,1D,,28.0,26.0,23.0,,,,0.08751535430964222,,,,,,,,,,,,,,,,,,,,,,,,,,,,,,46.0,57.0,59.0,,,,,,,,,,,,,,,,,,,,,,,,,,,,,,,40.0,,,,,,2.0,,,,keras,2048.0,,,,3.0,,,,,,,,,,,,,,,,,,,,,,,,,,,,,,,,,,,,,,,,,pass_through_standardizer,2.0,2.0,1.0,,,,,,,,,,,,,,,,,COMPLETE
43,43,-0.06988611948937809,2023-12-29 12:48:45.463654,2023-12-29 13:12:34.838938,0 days 00:23:49.375284,rdk,,,,,,,,,,,,,,,,,,,,,,,,,,,,,,,,,,,,,,,,,,,,,,,,,,,,,,,,,,,,,,,,,,,,,,,,,,,,,,select_from_model_fs,,,,,,,,2048.0,,,,,,,,,,,,,,,,,,,,,,,,,,,,,,,,,,,,,,,,,,,,,,,,,,,,,,,,,,,,,,,,,,,,10.0,,,,3.0,,sklearn,,,,,,,,628.0,,,,,,,,,,,,,,,,,,,,,,,,,,,ortogonal_matching_pursuit_model,,,,,,,,,,,pass_through_standardizer,,,,,,,,,,,,,,,,,,,,COMPLETE
44,44,0.13876402097001353,2023-12-29 13:12:34.865685,2023-12-29 14:07:39.826810,0 days 00:55:04.961125,mol2vec,keras_1d_cnn,,,,,,,,,,,,,,,,,,,,,,,,,,,,,,256.0,,,,,,,,,,relu,tanh,,True,False,,0.09171127209461061,0.5891832520340965,,,,,tanh,,,224.0,,0.3829523590892132,,,,,,,,,,30.0,,,,,,,,,,,1D,,27.0,24.0,,,,,0.08101009967646698,,,,,,,,,,,,,,,,,,,,,,,,,,,,,,47.0,54.0,,,,,,,,,,,,,,,,,,,,,,,,,,,,,,,,,,,,,,,,,,keras,,,,,2.0,,,,,,,,,,,,,,,,,,,,,,,,,,,,,,,,,,,,,,,,,basic_standardizer,2.0,2.0,,,,,,,,,,,,,,,,,,COMPLETE
45,45,0.29026886389363193,2023-12-29 14:07:39.847051,2023-12-29 14:36:28.094017,0 days 00:28:48.246966,layered,keras_1d_cnn,,,,,,,,,,,,,,,,,,,,,,,,,,,,,,256.0,,,,,,,,,,relu,relu,tanh,True,True,True,0.09053651157268294,0.6238930750696897,0.21191527613284872,,,,tanh,,,160.0,,0.4311880573986209,,,,,,,,,,30.0,,,,,,,,,,,1D,,28.0,26.0,18.0,,,1024.0,0.08749676648814073,,,,,,,,,,,,,,,,,,,,,,,,,,,,,,47.0,55.0,63.0,,,,,,,,,,,,,,,,,,,,,,,,,,,,,,,,7.0,,,,,,1.0,,,keras,,,,,3.0,,,,,,,,,,,,,,,,,,,,,,,,,,,,,,,,,,,,,,,,,pass_through_standardizer,2.0,2.0,1.0,,,,,,,,,,,,,,,,,COMPLETE
46,46,-inf,2023-12-29 14:36:28.142995,2023-12-29 15:56:07.794304,0 days 01:19:39.651309,atom_pair,,,,4.429766004753652,,,,,,,,,,,,,,,,,,,,,,,,,,,,,,,,,,,,,,,,,,,,,,,3.0,,,,,,,,,,,,,,,,,,,,,,,,,,,percentil_fs,,,,,,,,,,0.7369586880358225,,,,,,,,,,,,,,,,,,,,,,,,,,,,poly,,,,,,,,,,,,,,,,,,,,,,,,,,,,,,,,,,40.0,,,,,,1.0,,,,sklearn,2048.0,,,,,,,,,,,,,,,,,,,,,,0.658677661022756,,,,,,47.0,,,,,,nu_svr_model,,,,,,,,,simple_standardisation,,custom_standardizer,,,,,,,,,,,,,,,,,,,,COMPLETE
47,47,,2023-12-29 15:56:07.827319,2023-12-29 16:18:51.437445,0 days 00:22:43.610126,atom_pair,keras_tabular_transformer,,,,,,,,,,,,,,,,0.49575007223307027,,,,8.0,,,,,,,,,,,,,,,,16.0,,,,,,,,,,,,,,,,tanh,0.4720274930751897,,112.0,,,,,,,,,,8.0,,,,,,,,30.0,,,,,1D,,,,,,,,,,,,,,,,,,,,,,,,,,,,,,,,,,,,,,,,,,,,,,,,,,,,,,,,,,,,,,,,,,,,,,,40.0,,,,,,2.0,,,,keras,2048.0,2.0,1.0,,,,,,,,,,,,,,,,,,,,,,,,,,,,,,,,,,,,,,,,,,,pass_through_standardizer,,,,,,,,,,,,,,,,,,,,FAIL
48,48,-inf,2023-12-29 16:18:51.451574,2023-12-29 17:18:51.547209,0 days 01:00:00.095635,atom_pair,keras_tabular_transformer,,,,,,,,,,,,,,,,0.499724368297636,,,,8.0,,,,,,,,,,,,,,,,16.0,,,,,,,,,,,,,,,,tanh,0.4835263324344087,,112.0,,,,,,,,,,8.0,,,,,,,,500.0,,,,,1D,,,,,,,,,,,,,,,,,,,,,,,,,,,,,,,,,,,,,,,,,,,,,,,,,,,,,,,,,,,,,,,,,,,,,,,40.0,,,,,,2.0,,,,keras,2048.0,2.0,1.0,,,,,,,,,,,,,,,,,,,,,,,,,,,,,,,,,,,,,,,,,,,pass_through_standardizer,,,,,,,,,,,,,,,,,,,,COMPLETE
49,49,0.031088374253305472,2023-12-29 17:18:51.582951,2023-12-29 18:17:39.547841,0 days 00:58:47.964890,,,,,,,,,,,,,,,,,,,,,,,,,,,,,,,,,,512.0,,,,,,,,,,,,,,,,,,,,,,512.0,,,,,,0.5,,,,,,,,,998.0,,,,,,,,,,,,,,,,,,,,,,"[128, 64]",,,,,,,,,,,,,,,,,,,,,,,,,,,,,,,,,,,,,,,,,,,,,,,,,,,,,,,,,True,,,,,,,,,,graph_conv_model,deepchem,,,,,,,,,,,,,,,,,,,,,,,,,,,,,,,,,,,,,,,,,,,,,,basic_standardizer,,,,,,,,,True,,,,,,,,,,,COMPLETE
50,50,0.1683471521573669,2023-12-29 18:17:39.567965,2023-12-29 19:06:15.098918,0 days 00:48:35.530953,layered,keras_dense,,,,,,,,,,,,,,,,,,,,,,,,,True,False,False,False,True,,,,64.0,,,,,,,,,,,,,,,,,,,,,,,,,,,,,,,,,,,,,200.0,,,,,,,,1D,,,,,,,2048.0,,,,,,,,,,,,,,tanh,relu,tanh,tanh,relu,0.7738547626436996,0.7556341505992962,0.7859294896612279,0.006688183727959707,0.04136942908213148,62.0,14.0,12.0,8.0,25.0,,,,,,,1.2896276369005042e-06,1.6079659700813538e-06,0.006000794867847462,1.4054832386560985e-06,2.3283484144646245e-06,0.006973276704753459,1.0272656401953258e-06,0.0015141426892386271,2.9022654646435814e-06,0.0025523909452436254,,,,,,,,,,,,,,,,,,,,,7.0,,,,,,3.0,,,keras,,,,,,,,,,,,,,,5.0,,,,,,,,,,,,,,,,,,,,,,,,,,,,,heavy_standardisation,,custom_standardizer,,,,,,,,,,,,,,,,,,,,COMPLETE
51,51,0.32319666790560725,2023-12-29 19:06:15.124311,2023-12-29 19:31:10.101677,0 days 00:24:54.977366,atom_pair,keras_1d_cnn,,,,,,,,,,,,,,,,,,,,,,,,,,,,,,256.0,,,,,,,,,,tanh,relu,tanh,False,True,True,0.14862409512485875,0.6910454297000205,0.15451420274894606,,,,tanh,,,128.0,,0.4383523925384074,,,,,,,,,,100.0,,,,,,,,,,,1D,,30.0,28.0,23.0,,,,0.0918107000776472,,,,,,,,,,,,,,,,,,,,,,,,,,,,,,44.0,60.0,55.0,,,,,,,,,,,,,,,,,,,,,,,,,,,,,,,50.0,,,,,,2.0,,,,keras,1024.0,,,,3.0,,,,,,,,,,,,,,,,,,,,,,,,,,,,,,,,,,,,,,,,,pass_through_standardizer,2.0,2.0,1.0,,,,,,,,,,,,,,,,,COMPLETE
52,52,0.38384388481582643,2023-12-29 19:31:10.128711,2023-12-29 20:00:12.715395,0 days 00:29:02.586684,2d_descriptors,keras_1d_cnn,,,,,,,,,,,,,,,,,,,,,,,,,,,,,,256.0,,,,,,,,,,relu,relu,tanh,True,True,True,0.12168576866184648,0.7869897776764093,0.1730585555575236,,,,tanh,,,64.0,,0.4300992767359774,,,,,,,,,,100.0,,,,,,,,,,,1D,,29.0,27.0,21.0,,,,0.08994866890900233,,,,,,,,,,,,,,,,,,,,,,,,,,,,,,44.0,58.0,58.0,,,,,,,,,,,,,,,,,,,,,,,,,,,,,,,,,,,,,,,,,keras,,,,,3.0,,,,,,,,,,,,,,,561.0,,,,,,,normal,,,,,,,,,,,,,,,,quantile_transformer,,,pass_through_standardizer,2.0,2.0,1.0,,,,,,,,,,,,,,,,,COMPLETE
53,53,0.4178951883209033,2023-12-29 20:00:12.752769,2023-12-29 20:29:50.281456,0 days 00:29:37.528687,2d_descriptors,keras_1d_cnn,,,,,,,,,,,,,,,,,,,,,,,,,,,,,,256.0,,,,,,,,,,tanh,relu,tanh,False,True,True,0.00010475438267121273,0.7468830539308235,0.17108600219830233,,,,tanh,,,64.0,,0.4658996734736076,,,,,,,,,,100.0,,,,,,,,,,,1D,,15.0,28.0,19.0,,,,0.09038248004253077,,,,,,,,,,,,,,,,,,,,,,,,,,,,,,42.0,59.0,55.0,,,,,,,,,,,,,,,,,,,,,,,,,,,,,,,,,,,,,,,,,keras,,,,,3.0,,,,,,,,,,,,,,,570.0,,,,,,,normal,,,,,,,,,,,,,,,,quantile_transformer,,,pass_through_standardizer,2.0,2.0,1.0,,,,,,,,,,,,,,,,,COMPLETE
54,54,-0.029524706348977404,2023-12-29 20:29:50.302206,2023-12-29 20:56:24.944599,0 days 00:26:34.642393,2d_descriptors,keras_1d_cnn,,,,,,,,,,,,,,,,,,,,,,,,,,,,,,256.0,,,,,,,,,,tanh,relu,tanh,False,True,True,0.0005404056253454351,0.7986534283040774,0.18762844691425026,,,,relu,,,32.0,,0.4254710720826624,,,,,,,,,,100.0,,,,,,,,,,,1D,,14.0,19.0,17.0,,,,0.08998304456935471,,,,,,,,,,,,,,,,,,,,,,,,,,,,,,43.0,46.0,57.0,,,,,,,,,,,,,,,,,,,,,,,,,,,,,,,,,,,,,,,,,keras,,,,,3.0,,,,,,,,,,,,,,,566.0,,,,,,,normal,,,,,,,,,,,,,,,,quantile_transformer,,,pass_through_standardizer,2.0,2.0,2.0,,,,,,,,,,,,,,,,,COMPLETE
55,55,0.35012994801287606,2023-12-29 20:56:24.971148,2023-12-29 22:16:34.701468,0 days 01:20:09.730320,2d_descriptors,,,,,,,,,,,,,,,,,,,,,,,,,,,,,,,,,,,,,,,,,,,,,,,,,,,,,,,,,,,,,,,,,,,,,,,,,,,,,,pass_through_transformer,,,,,,,,,,,,,,,,,,,,,,,,,,,,,,,,,,,,,,,,,,,,,,,,,,,,,,,,,,,,,,0.4158551325537463,,poisson,,,,,,,,,,,,,,,,,,sklearn,,,,,,,,,,,,,,,,,,,,573.0,,,,,,,normal,,,,,,,,hist_gradient_boosting_regressor_model,,,,,,,,quantile_transformer,,,pass_through_standardizer,,,,,,,,,,,,,,,,,,,,COMPLETE
56,56,-inf,2023-12-29 22:16:34.734903,2023-12-29 23:16:34.889284,0 days 01:00:00.154381,2d_descriptors,,,,,,,,,,,,,,,,,,,,,,,,,,,,,,,,,,,,,,,,,,,,,,,,,,,,,,,,,,,,,,,,,,,,,,,,,,,,,,pass_through_transformer,,,,,,,,,,,,,,,,,,,,,,,,,,,,,,,,,,,,,,,,,,,,,,,,,,,,,,,,,,,,,,0.3980568853764153,,poisson,,,,,,,,,,,,,,,,,,sklearn,,,,,,,,,,,,,,,,,,,,565.0,,,,,,,normal,,,,,,,,hist_gradient_boosting_regressor_model,,,,,,,,quantile_transformer,,,basic_standardizer,,,,,,,,,,,,,,,,,,,,COMPLETE
57,57,,2023-12-29 23:16:34.966704,2023-12-29 23:44:55.102481,0 days 00:28:20.135777,2d_descriptors,,,,,,,ball_tree,,,,,,,,,,,,,,,,,,,,,,,,,,,,,,,,,,,,,,,,,,,,,,,,,,,,,,,,,,,,,,,,,,,,,,,pass_through_transformer,,,,,,,,,,,,,,,,,,,,,,,,,,,,,,,,,,,,,,,,,,,,,,,,,,,,,,,,,,,,10.0,,,,,,,,,,,,,,,,,,,,,,sklearn,,,,,,,,,,,,,,,,,,,,558.0,,,,,,,normal,9.0,,,,,,4.015563992446437,radius_neighbors_regressor_model,,,,,,,,quantile_transformer,,,pass_through_standardizer,,,,,,,,,,,,,,,distance,,,,,FAIL
58,58,0.23969450136713225,2023-12-29 23:44:55.132075,2023-12-30 00:12:55.939745,0 days 00:28:00.807670,2d_descriptors,,,,,,auto,,,,,,,,,,,,,,,,,,,,,,,,,,,,,,,,,,,,,,,,,,,,,,,,,,,,,,,,,,,,,,,,,,,,,,,,pass_through_transformer,,,,,,,,,,,,,,,,,,,,,,,,,,,,,,,,,,,,,,,,,,,,,,,,,,,,,,,,,,,5.0,,,,,,,,,,,,,,,,,,,,,,,sklearn,,,,,,,,,,,,,,,,,,,3.0,578.0,,,,,,,normal,8.0,,,,,,,kneighbors_regressor_model,,,,,,,,quantile_transformer,,,pass_through_standardizer,,,,,,,,,,,,,,distance,,,,,,COMPLETE
59,59,0.1368745936107427,2023-12-30 00:12:55.962453,2023-12-30 01:01:01.969969,0 days 00:48:06.007516,2d_descriptors,,,6.031392799683899,,,,,,,,,,,,,,,,,,,,,,,,,,,,,,,,,,,,,,,,,,,,,,,,,,,,,,,,,,,,,,,,,,,,,,,,0.07560307418866763,,,k_best,,,,,,,,,,,,,,,,,,,,,,,,,,,,,,,,,,,,,2.0,,,,,,,,,,,,,,,,,,,,,,,,,,,,,,,,,,,,,,,,,,,,,sklearn,,,,,,,,,,,,,,,,,,,,246.0,,,,,,,uniform,,,,,,,,linear_svr_model,,,,,,,,quantile_transformer,,,chembl_standardizer,,,,,,,,,,,,,,,,,,,,COMPLETE
60,60,-inf,2023-12-30 01:01:02.004989,2023-12-30 01:02:48.532456,0 days 00:01:46.527467,2d_descriptors,,,,,,,,,,,,,,,,,,,,,,,,,,,,,,,,,,,,,,,,,,,,,,,,,,,,,,,,,,,,,,,,,,,,,,,,,,,,,,low_variance_fs,,,,,,,,,,,,,,,,,,,,,,,,,,,,,,,,,,,,,,,,,,,,,,,,,,,,,,,,,,,,,,0.8120455472662985,,poisson,,,,,,,,,,,,,,,,,,sklearn,,,,,,,,,,,,,,,,,,,,,,l2,,,,,,,,,,,,,hist_gradient_boosting_regressor_model,,,,,,,,normalizer,,,pass_through_standardizer,,,,,0.149814859933378,,,,,,,,,,,,,,,COMPLETE
61,61,0.31288478066369474,2023-12-30 01:02:48.573679,2023-12-30 01:28:35.998848,0 days 00:25:47.425169,2d_descriptors,,,,,,,,,,,,,,,,,,,,,,,,,,,,,,,,,,,,,,,,True,,,,,,,,,,absolute_error,,,,,,,,,,,,,,,,,,,,,,,,,,,,select_from_model_fs,,,,,,,,,,,,,,,,,,,,,,,,,,,,,,,,,,,,,,,,,,,,,,,,,,,,,,,,,,,,,,,,,,,,,,,,,,sqrt,,,,,,,,sklearn,,,,,,,,103.0,,,500.0,,,,,,,,,,,,,,,,,,,,,,,,random_forest_regressor_model,,,,,,,,max_abs_scaler,,,pass_through_standardizer,,,,,,,,,,,,,,,,,,,,COMPLETE
62,62,0.3440742780711082,2023-12-30 01:28:36.039667,2023-12-30 01:59:21.666778,0 days 00:30:45.627111,2d_descriptors,keras_1d_cnn,,,,,,,,,,,,,,,,,,,,,,,,,,,,,,64.0,,,,,,,,,,relu,relu,relu,True,True,False,0.10179846587360655,0.7917323232524959,0.15887890597132337,,,,tanh,,,64.0,,0.46728880458379496,,,,,,,,,,100.0,,,,,,,,,,,1D,,15.0,5.0,20.0,,,,0.07403781564222495,,,,,,,,,,,,,,,,,,,,,,,,,,,,,,55.0,59.0,55.0,,,,,,,,,,,,,,,,,,,,,,,,,,,,,,,,,,,,,,,,,keras,,,,,3.0,,,,,,,,,,,,,,,,,,,,,,,,,,,,,,,,,,,,,,min_max_scaler,,,pass_through_standardizer,2.0,2.0,1.0,,,,,,,,,,,,,,,,,COMPLETE
63,63,0.29966355186893195,2023-12-30 01:59:21.701220,2023-12-30 02:28:25.620532,0 days 00:29:03.919312,2d_descriptors,keras_1d_cnn,,,,,,,,,,,,,,,,,,,,,,,,,,,,,,64.0,,,,,,,,,,relu,relu,,True,True,,0.00024309854931736652,0.7910938876869547,,,,,tanh,,,64.0,,0.4845771706674249,,,,,,,,,,100.0,,,,,,,,,,,1D,,16.0,4.0,,,,,0.07522879763659425,,,,,,,,,,,,,,,,,,,,,,,,,,,,,,55.0,48.0,,,,,,,,,,,,,,,,,,,,,,,,,,,,,,,,,,,,,,,,,,keras,,,,,2.0,,,,,,,,,,,,,,,,,,,,,,,,,,,,,,,,,,,,,,min_max_scaler,,,pass_through_standardizer,2.0,2.0,,,,,,,,,,,,,,,,,,COMPLETE
64,64,,2023-12-30 02:28:25.644333,2023-12-30 03:13:55.159197,0 days 00:45:29.514864,,,,,,,,,,,,,,,,,,,,,,,,,,,,,,,,,,64.0,,,,,,,,,,,,,,,,,,,,,,,,,,,,,,,0.5,,,,,,536.0,,,,,,,,,,,,,,,,,,,,,,,,,,,,,,,,,,,,,,,,,,,,,,,,,,,,,,,,,,,,,,,,,,,,,,,,,,,,,,,,,,,,,,,,,weave_model,deepchem,,,,,,,,,,,,,64.0,,,50.0,,,,,,,,,,,,,,,,,,,,,,,,,,,,,,pass_through_standardizer,,,,,,,,,,False,,,,,,,,,,FAIL
65,65,-inf,2023-12-30 03:13:55.171725,2023-12-30 04:13:55.401467,0 days 01:00:00.229742,,,,,,,,,,,,,,,,,,,,,,,,,,,,,,,,,,8.0,,,,,,,,,,,,,,,,,,,,,,,,,,,,,0.25,,,,,,,,521.0,,,,,,,,,,,,,,,,,,,,,,,,,,,,,,,,,,,,,,,,,,,,,,,,,,,,,,,,,,,,,,,,,,,,,,,,,,,,,,,,,,,11.0,,,,,,pagtn_model,deepchem,,,,,,,,,,,,,,,,,,,,,,,,1.0,,5.0,,,,,,,,,,,,,,,,,,,,pass_through_standardizer,,,,,,,,,,,,,,,,,,,,COMPLETE
66,66,,2023-12-30 04:13:55.463127,2023-12-30 04:46:38.507572,0 days 00:32:43.044445,,,keras_bidirectional_rnn,,,,,,,,,,,,,,,,,,,,,,,,,,,,,,128.0,,,,,,,,,,,,,,,,,,,,,tanh,0.16942378431807648,,64.0,,,,,,,,,,,,,100.0,,,,,,,,,,2D,,,,,,,,,,,,,,,0.013386025285621606,,,249.0,,,,,,,,,,,,,,,,,,,,,,,,,,,,,,,,,,,,,,,,,,,,,,0.4685780695237098,0.003909616872624533,0.016439826594760065,25.0,228.0,59.0,,,,,,,,,,,,keras,,,,,,,,,,,,,,1.0,,,,3.0,,,,,,,,,,,,,,,,,,,,,,,,,,,,pass_through_standardizer,,,,,,,,,,,,,,,,,,,,FAIL
67,67,,2023-12-30 04:46:38.520999,2023-12-30 05:34:58.339019,0 days 00:48:19.818020,,,keras_bidirectional_rnn,,,,,,,,,,,,,,,,,,,,,,,,,,,,,,32.0,,,,,,,,,,,,,,,,,,,,,tanh,0.17626541511010765,,64.0,,,,,,,,,,,,,200.0,,,,,,,,,,2D,,,,,,,,,,,,,,,0.0068921146141555645,0.4988178616054857,0.47275444546317313,255.0,222.0,42.0,,,,,,,,,,,,,,,,,,,,,,,,,,,,,,,,,,,,,,,,,,,,0.49938193270205355,0.026671683887003694,0.011302277363953006,231.0,254.0,29.0,,,,,,,,,,,,keras,,,,,,,,,,,,,,3.0,,,,3.0,,,,,,,,,,,,,,,,,,,,,,,,,,,,pass_through_standardizer,,,,,,,,,,,,,,,,,,,,FAIL
68,68,,2023-12-30 05:34:58.353796,2023-12-30 06:51:26.405762,0 days 01:16:28.051966,,,keras_bidirectional_rnn,,,,,,,,,,,,,,,,,,,,,,,,,,,,,,128.0,,,,,,,,,,,,,,,,,,,,,tanh,0.16976229671764903,,64.0,,,,,,,,,,,,,1000.0,,,,,,,,,,2D,,,,,,,,,,,,,,,0.008341916788551118,0.4972655576131485,0.4381927986599367,255.0,241.0,20.0,,,,,,,,,,,,,,,,,,,,,,,,,,,,,,,,,,,,,,,,,,,,0.499834395342981,,,30.0,,,,,,,,,,,,,,keras,,,,,,,,,,,,,,3.0,,,,1.0,,,,,,,,,,,,,,,,,,,,,,,,,,,,pass_through_standardizer,,,,,,,,,,,,,,,,,,,,FAIL
69,69,,2023-12-30 06:51:26.420910,2023-12-30 07:41:56.469133,0 days 00:50:30.048223,,,keras_bidirectional_rnn,,,,,,,,,,,,,,,,,,,,,,,,,,,,,,128.0,,,,,,,,,,,,,,,,,,,,,tanh,0.18140167998686704,,64.0,,,,,,,,,,,,,50.0,,,,,,,,,,2D,,,,,,,,,,,,,,,0.004697520575289216,,,238.0,,,,,,,,,,,,,,,,,,,,,,,,,,,,,,,,,,,,,,,,,,,,,,0.47399243384581796,,,17.0,,,,,,,,,,,,,,keras,,,,,,,,,,,,,,1.0,,,,1.0,,,,,,,,,,,,,,,,,,,,,,,,,,,,pass_through_standardizer,,,,,,,,,,,,,,,,,,,,FAIL
70,70,,2023-12-30 07:41:56.486972,2023-12-30 08:33:13.260875,0 days 00:51:16.773903,,,keras_bidirectional_rnn,,,,,,,,,,,,,,,,,,,,,,,,,,,,,,64.0,,,,,,,,,,,,,,,,,,,,,tanh,0.1574590961424356,,64.0,,,,,,,,,,,,,50.0,,,,,,,,,,2D,,,,,,,,,,,,,,,0.007564214018017046,,,254.0,,,,,,,,,,,,,,,,,,,,,,,,,,,,,,,,,,,,,,,,,,,,,,0.4305436379174985,,,39.0,,,,,,,,,,,,,,keras,,,,,,,,,,,,,,1.0,,,,1.0,,,,,,,,,,,,,,,,,,,,,,,,,,,,pass_through_standardizer,,,,,,,,,,,,,,,,,,,,FAIL
71,71,-inf,2023-12-30 08:33:13.285712,2023-12-30 09:33:13.328034,0 days 01:00:00.042322,,,keras_rnn,,,,,,,,,,,,,,,,,,,,,,,,,,,,,,,,,16.0,,,,,,,,,,,,,,,,,,tanh,0.15954254958767383,,48.0,,,,,,,,,,,,,,,,100.0,,,,,,,2D,,,,,,,,,,,,,,,0.48438614010272607,0.4525921124934179,0.43862772388364674,247.0,254.0,16.0,,,,,,,,,,,,,,,,,,,,,,,,,,,,,,,,,,,,,,,,,,,,0.4795089355724674,0.00552757797853809,0.03344217880365974,40.0,228.0,57.0,,,,,,,,,,,,keras,,,,,,,,,,,,,,3.0,,,,3.0,,,,,,,,,,,,,,,,,,,,,,,,,,,,pass_through_standardizer,,,,,,,,,,,,,,,,,,,,COMPLETE
72,72,0.2923412392098952,2023-12-30 09:33:13.374129,2023-12-30 10:09:44.546026,0 days 00:36:31.171897,2d_descriptors,keras_1d_cnn,,,,,,,,,,,,,,,,,,,,,,,,,,,,,,64.0,,,,,,,,,,relu,tanh,relu,True,False,False,0.08768950041156504,0.7951083283118421,0.2580111001040742,,,,tanh,,,64.0,,0.3184537580688709,,,,,,,,,,200.0,,,,,,,,,,,1D,,12.0,11.0,19.0,,,,0.07340971145356283,,,,,,,,,,,,,,,,,,,,,,,,,,,,,,53.0,59.0,39.0,,,,,,,,,,,,,,,,,,,,,,,,,,,,,,,,,,,,,,,,,keras,,,,,3.0,,,,,,,,,,,,,,,,,,,,,,,,,,,,,,,,,,,,,,min_max_scaler,,,pass_through_standardizer,1.0,2.0,1.0,,,,,,,,,,,,,,,,,COMPLETE
73,73,0.4251772992523266,2023-12-30 10:09:44.609880,2023-12-30 11:19:45.945274,0 days 01:10:01.335394,2d_descriptors,keras_1d_cnn,,,,,,,,,,,,,,,,,,,,,,,,,,,,,,128.0,,,,,,,,,,relu,,,True,,,0.08651545755461953,,,,,,tanh,,,32.0,,0.49350961003729893,,,,,,,,,,100.0,,,,,,,,,,,1D,,20.0,,,,,,0.06717788147646689,,,,,,,,,,,,,,,,,,,,,,,,,,,,,,64.0,,,,,,,,,,,,,,,,,,,,,,,,,,,,,,,,,,,,,,yeo-johnson,,,,,keras,,,,,1.0,,,,,,,,,,,,,,,,,,,,,,,,,,,,,,,,,,,,,,power_transformer,simple_standardisation,False,custom_standardizer,2.0,,,,,,,,,,,,,,,,,,,COMPLETE
74,74,0.44201412986658734,2023-12-30 11:19:45.998297,2023-12-30 13:12:04.499442,0 days 01:52:18.501145,2d_descriptors,keras_1d_cnn,,,,,,,,,,,,,,,,,,,,,,,,,,,,,,128.0,,,,,,,,,,relu,,,True,,,0.0644267907758208,,,,,,tanh,,,32.0,,0.4936219110588204,,,,,,,,,,100.0,,,,,,,,,,,1D,,20.0,,,,,,0.06422593149275467,,,,,,,,,,,,,,,,,,,,,,,,,,,,,,64.0,,,,,,,,,,,,,,,,,,,,,,,,,,,,,,,,,,,,,,yeo-johnson,,,,,keras,,,,,1.0,,,,,,,,,,,,,,,,,,,,,,,,,,,,,,,,,,,,,,power_transformer,simple_standardisation,False,custom_standardizer,2.0,,,,,,,,,,,,,,,,,,,COMPLETE
75,75,0.36180802328065875,2023-12-30 13:12:04.534387,2023-12-30 14:19:01.104660,0 days 01:06:56.570273,2d_descriptors,,,,,,,,,,,0.11851986981638807,,,,,,,,,,,,,,,,,,,,,,,,,,,,,,,,,,,,,,,,,,,,,,,,,,,,,,,,,,,,,,,,,,,percentil_fs,,,,,,,,,,,,,,,,,,,,,,,,,,,,,,,,,,,,,,,,,,,,,,,,,,,,,,,,,,,,,,,,,,,,,,,,,,,,,yeo-johnson,,,,,sklearn,,,,,,,,,,,,,,,,,,,,,,,,,,,,,100.0,,,,,,gamma_regressor_model,,,,,,,,power_transformer,simple_standardisation,False,custom_standardizer,,,,,,,,,,,,,,,,,,,,COMPLETE
76,76,-inf,2023-12-30 14:19:01.151613,2023-12-30 15:19:07.960473,0 days 01:00:06.808860,maccs,keras_tabular_transformer,,,,,,,,,,,,,,,,0.024435812380883437,0.4818272154165767,0.4856188155379563,0.4253064883481897,16.0,2.0,16.0,8.0,,,,,,,,,,,,,128.0,,,,,,,,,,,,,,,,relu,0.39132185120040874,,8.0,,,,,,,,,,128.0,,,,,,,,200.0,,,,,1D,,,,,,,,,,,,,,,,,,,,,,,,,,,,,,,,,,,,,,,,,,,,,,,,,,,,,,,,,,,,,,,,,,,,,,,,,,,,,,,,,keras,,1.0,4.0,,,,,,,,,,,,,,,,,,,,,,,,,,,,,,,,,,,,,,,,,simple_standardisation,,custom_standardizer,,,,,,,,,,,,,,,,,,,,COMPLETE
77,77,0.3217245047342222,2023-12-30 15:19:08.016961,2023-12-30 16:23:25.268709,0 days 01:04:17.251748,2d_descriptors,keras_dense,,,,,,,,,,,,,,,,,,,,,,,,,False,,,,,,,,32.0,,,,,,,,,,,,,,,,,,,,,,,,,,,,,,,,,,,,,30.0,,,,,,,,1D,,,,,,,,,,,,,,,,,,,,,relu,,,,,0.1165282634895135,,,,,11.0,,,,,,,,,,,0.008641760911474875,,,,,3.881966109472394e-05,,,,,,,,,,,,,,,,,,,,,,,,,,,,,yeo-johnson,,,,,keras,,,,,,,,,,,,,,,1.0,,,,,,,,,,,,,,,,,,,,,,,,,,,,power_transformer,simple_standardisation,False,custom_standardizer,,,,,,,,,,,,,,,,,,,,COMPLETE
78,78,0.3275348036835658,2023-12-30 16:23:25.288690,2023-12-30 17:09:45.349358,0 days 00:46:20.060668,2d_descriptors,,,,,,,,,,,0.006719061304303331,,,,,,,,,,,,,,,,,,,,,,,,,,,,,,,,,,,,,,,,,,,,,,,,,,,,,,,,,,,,,,,,,,,percentil_fs,,,,,,,,,,,,,,,,,,,,,,,,,,,,,,,,,,,,,,,,,,,,,,,,,,,,,,,,,,,,,,,,,,,,,,,,,,,,,yeo-johnson,,,,,sklearn,,,,,,,,,,,,,,,,,,,,,,,,,,,,,100.0,,,,,,gamma_regressor_model,,,,,,,,power_transformer,simple_standardisation,False,custom_standardizer,,,,,,,,,,,,,,,,,,,,COMPLETE
79,79,0.3821961559096767,2023-12-30 17:09:45.402043,2023-12-30 17:55:01.774833,0 days 00:45:16.372790,2d_descriptors,,,,,,,,,,,0.7193888626650647,,,,,,,,,,,,,,,,,,,,,,,,,,,,,,,,,,,,,,,,,,,,,,,,,,,,,,,,,,,,,,,,,,,percentil_fs,,,,,,,,,,,,,,,,,,,,,,,,,,,,,,,,,,,,,,,,,,,,,,,,,,,,,,,,,,,,,,,,,,,,,,,,,,,,,yeo-johnson,,,,,sklearn,,,,,,,,,,,,,,,,,,,,,,,,,,,,,91.0,,,,,,gamma_regressor_model,,,,,,,,power_transformer,simple_standardisation,False,custom_standardizer,,,,,,,,,,,,,,,,,,,,COMPLETE
80,80,0.3419451414094563,2023-12-30 17:55:01.803196,2023-12-30 18:52:15.815279,0 days 00:57:14.012083,mixed,,,,,,,,,,,0.5735649391699202,,,,,,,,,,,,,,,,,,,,,,,,,,,,,,,,,,,,,,,,,,,,,,,,,,,,,,,,,,,,,,,,,morgan,rdk,percentil_fs,,,,,,,,,,,,,,,,,,,,,,,,,,,,,,,,,,,,,,,,,,,,,,,,,,,,,,,,,,,,,,,,,,,,,,,,,,,,,,,,,,sklearn,,,,,,,,,,,,,,,,,,,,,,,,,,,,,97.0,,,,,,gamma_regressor_model,,,,,,,,,simple_standardisation,,custom_standardizer,,,,,,,,,,,,,,,,,,,,COMPLETE
81,81,0.08232566679472628,2023-12-30 18:52:15.854167,2023-12-30 20:03:51.493629,0 days 01:11:35.639462,2d_descriptors,,,,,,,,3.629706416768691e-08,3.962367190943902e-07,,,,,,,,,,,,,,,,,,,,,,,,,,,,,,,,,,,,,,,,,,,,,,,,,,,,,,,,,,,,,,,,,,,,,percentil_fs,,,,,,,,,,,,,,,,,,,,,,,,,,,,,,,,,,,,,,,,,,,,,,,,,,,,,0.010017342303267384,,0.00020717392532768785,,,,,,,,,,,,,,,,,,,,,,yeo-johnson,,,,,sklearn,,,,,,,,,,,,,,,,,,,,,,,,,,,,,81.0,,,,,,ard_regression_model,,,,,,,,power_transformer,simple_standardisation,False,custom_standardizer,,,,,,0.07680816157220309,,,,,,,,,,,,,,COMPLETE
82,82,,2023-12-30 20:03:51.520926,2023-12-30 20:52:06.517012,0 days 00:48:14.996086,2d_descriptors,,,,,,,,,,,,,,,,,,,,,,,,,,,,,,,,,,,,,,,,,,,,,,,,,,,,,,,,,,,,,,,,,,,,,,,,,,,,,,percentil_fs,,,,,,,,,,,,,,,,,,,,,,,,,,,,,,,,,,,,,,,,,,,,,,,,,,,,,,,,,,,,,,,,,,,,,,,,,,,,,yeo-johnson,,,,,sklearn,,,,,,,,,,,,,,,,,,,,,,,,,,,,,0.0,,,,,,lasso_lars_cv_model,,,,,,,,power_transformer,simple_standardisation,False,custom_standardizer,,,,,,,,,,,,,,,,,,,,FAIL
83,83,,2023-12-30 20:52:06.553654,2023-12-30 21:38:36.505740,0 days 00:46:29.952086,2d_descriptors,,,,,,,,,,,,,,,,,,,,,,,,,,,,,,,,,,,,,,,,,,,,,,,,,,,,,,,,,,,,,,,,,,,,,,,,,,,,,,percentil_fs,,,,,,,,,,,,,,,,,,,,,,,,,,,,,,,,,,,,,,,,,,,,,,,,,,,,,,,,,,,,,,,,,,,,,,,,,,,,,yeo-johnson,,,,,sklearn,,,,,,,,,,,,,,,,,,,,,,,,,,,,,3.0,,,,,,lasso_lars_cv_model,,,,,,,,power_transformer,simple_standardisation,False,custom_standardizer,,,,,,,,,,,,,,,,,,,,FAIL
84,84,0.19649917532098665,2023-12-30 21:38:36.518136,2023-12-30 22:26:25.455062,0 days 00:47:48.936926,2d_descriptors,,,,,,,,,,,,,,,,,,,,,,,,,,,,,,,,,,,,,,,,,,,,,,,,,,,,,,,,,,,,,,,,,,,,,,,,,,,,,,percentil_fs,,,,,,,,,,,,,,,,,,,,,,,,,,,,,,,,,,,,,,,,,,,,,,,,,,,,,,,,,,,,,,,,,,,,,,,,,,,,,yeo-johnson,,,,,sklearn,,,,,,,,,,,,,,,,,,,,,,,,,,,,,1.0,,,,,,stacking_regressor_model,,,,,,,,power_transformer,simple_standardisation,False,custom_standardizer,,,,,,,,,,,,,,,,,,,,COMPLETE
85,85,-inf,2023-12-30 22:26:25.475226,2023-12-30 22:26:25.595400,0 days 00:00:00.120174,,,,,,,,,,,,,,,,,,,,,,,,,,,,,,,,,,512.0,,,,,,,,,,,,,,,,,,,,,,,,,,,,,,,,,,,,,116.0,,,,,,,,,,,,,,,,,,,,,,,,,,,,,,,,,,,,,,,,,,,,,,,,,,,,,,,,,,,,,,,,,,,,,,,,,,,,,,,,,,,,,,,,,gat_model,deepchem,,,,,,,,,,,,,,,,,,,,,,,,,,,,,,,,,,,,,,,,,,,,simple_standardisation,,custom_standardizer,,,,,,,,False,,,False,,True,,,,,,,COMPLETE
86,86,,2023-12-30 22:26:25.610625,2023-12-30 23:41:37.099938,0 days 01:15:11.489313,,,keras_bidirectional_rnn,,,,,,,,,,,,,,,,,,,,,,,,,,,,,,32.0,,,,,,,,,,,,,,,,,,,,,tanh,0.20409882344910105,,16.0,,,,,,,,,,,,,200.0,,,,,,,,,,2D,,,,,,,,,,,,,,,0.019116842248605992,,,20.0,,,,,,,,,,,,,,,,,,,,,,,,,,,,,,,,,,,,,,,,,,,,,,0.1105933436194626,,,231.0,,,,,,,,,,,,,,keras,,,,,,,,,,,,,,1.0,,,,1.0,,,,,,,,,,,,,,,,,,,,,,,,,,simple_standardisation,,custom_standardizer,,,,,,,,,,,,,,,,,,,,FAIL
87,87,,2023-12-30 23:41:37.113200,2023-12-31 01:26:22.251885,0 days 01:44:45.138685,,,keras_bidirectional_rnn,,,,,,,,,,,,,,,,,,,,,,,,,,,,,,32.0,,,,,,,,,,,,,,,,,,,,,tanh,0.21082979440363633,,16.0,,,,,,,,,,,,,50.0,,,,,,,,,,2D,,,,,,,,,,,,,,,0.011530829192489933,,,24.0,,,,,,,,,,,,,,,,,,,,,,,,,,,,,,,,,,,,,,,,,,,,,,0.11622150598071357,,,216.0,,,,,,,,,,,,,,keras,,,,,,,,,,,,,,1.0,,,,1.0,,,,,,,,,,,,,,,,,,,,,,,,,,simple_standardisation,,custom_standardizer,,,,,,,,,,,,,,,,,,,,FAIL
88,88,,2023-12-31 01:26:22.312962,2023-12-31 02:46:39.537346,0 days 01:20:17.224384,,,keras_bidirectional_rnn,,,,,,,,,,,,,,,,,,,,,,,,,,,,,,256.0,,,,,,,,,,,,,,,,,,,,,tanh,0.19970636895675464,,16.0,,,,,,,,,,,,,1000.0,,,,,,,,,,2D,,,,,,,,,,,,,,,0.005384675063537625,,,18.0,,,,,,,,,,,,,,,,,,,,,,,,,,,,,,,,,,,,,,,,,,,,,,0.11506237589820373,,,227.0,,,,,,,,,,,,,,keras,,,,,,,,,,,,,,1.0,,,,1.0,,,,,,,,,,,,,,,,,,,,,,,,,,simple_standardisation,,custom_standardizer,,,,,,,,,,,,,,,,,,,,FAIL
89,89,,2023-12-31 02:46:39.551398,2023-12-31 04:10:59.169935,0 days 01:24:19.618537,,,keras_bidirectional_rnn,,,,,,,,,,,,,,,,,,,,,,,,,,,,,,256.0,,,,,,,,,,,,,,,,,,,,,tanh,0.2197043631131668,,16.0,,,,,,,,,,,,,150.0,,,,,,,,,,2D,,,,,,,,,,,,,,,0.0078030263717732695,,,19.0,,,,,,,,,,,,,,,,,,,,,,,,,,,,,,,,,,,,,,,,,,,,,,0.10509787067328102,,,237.0,,,,,,,,,,,,,,keras,,,,,,,,,,,,,,1.0,,,,1.0,,,,,,,,,,,,,,,,,,,,,,,,,,simple_standardisation,,custom_standardizer,,,,,,,,,,,,,,,,,,,,FAIL
90,90,,2023-12-31 04:10:59.187791,2023-12-31 06:02:52.202854,0 days 01:51:53.015063,,,keras_bidirectional_rnn,,,,,,,,,,,,,,,,,,,,,,,,,,,,,,32.0,,,,,,,,,,,,,,,,,,,,,tanh,0.1831670878630739,,16.0,,,,,,,,,,,,,300.0,,,,,,,,,,2D,,,,,,,,,,,,,,,0.048477038541589634,,,22.0,,,,,,,,,,,,,,,,,,,,,,,,,,,,,,,,,,,,,,,,,,,,,,0.09656974135871671,,,219.0,,,,,,,,,,,,,,keras,,,,,,,,,,,,,,1.0,,,,1.0,,,,,,,,,,,,,,,,,,,,,,,,,,simple_standardisation,,custom_standardizer,,,,,,,,,,,,,,,,,,,,FAIL
91,91,-inf,2023-12-31 06:02:52.215975,2023-12-31 07:02:52.264918,0 days 01:00:00.048943,,,keras_bidirectional_rnn,,,,,,,,,,,,,,,,,,,,,,,,,,,,,,64.0,,,,,,,,,,,,,,,,,,,,,tanh,0.20140688951280944,,32.0,,,,,,,,,,,,,300.0,,,,,,,,,,2D,,,,,,,,,,,,,,,0.004336889884553885,,,24.0,,,,,,,,,,,,,,,,,,,,,,,,,,,,,,,,,,,,,,,,,,,,,,0.12320589794544684,,,219.0,,,,,,,,,,,,,,keras,,,,,,,,,,,,,,1.0,,,,1.0,,,,,,,,,,,,,,,,,,,,,,,,,,simple_standardisation,,custom_standardizer,,,,,,,,,,,,,,,,,,,,COMPLETE
92,92,-inf,2023-12-31 07:02:52.322811,2023-12-31 07:10:03.377092,0 days 00:07:11.054281,rdk,keras_tabular_transformer,,,,,,,,,,,,,,,,0.46078755018214657,0.1861616507674469,0.0022931576116057006,,16.0,8.0,4.0,,,,,,,,,,,,,,64.0,,,,,,,,,,,,,,,,tanh,0.09930026438873196,,48.0,,,,,,,,,,32.0,,,,,,,,150.0,,,,,1D,,,,,,,2048.0,,,,,,,,,,,,,,,,,,,,,,,,,,,,,,,,,,,,,,,,,,,,,,,,,,,,,,,,,,,,,,,,,,,,9.0,,,,1.0,,keras,,4.0,3.0,,,,,,,,,,,,,,,,,,,,,,,,,,,,,,,,,,,,,,,,,simple_standardisation,,custom_standardizer,,,,,,,,,,,,,,,,,,,,COMPLETE
93,93,0.30223077201614185,2023-12-31 07:10:03.415991,2023-12-31 08:35:06.713948,0 days 01:25:03.297957,morgan,keras_1d_cnn,,,,,,,,,,,,,,,,,,,,,,,,,,,,,,128.0,,,,,,,,,,relu,,,True,,,0.04631782424702339,,,,,,tanh,,,32.0,,0.5263319864794419,,,,,,,,,,100.0,,,,,,,,,,,1D,,20.0,,,,,,0.06279830651280463,,,,,,,,,,,,,,,,,,,,,,,,,,,,,,64.0,,,,,,,,,,,,,,,,,,,,,,,,,,,,,,,,,,,,,,,,,,,keras,,,,1024.0,1.0,,,,,,,,,,,,,,,,,,,,,,,,,,,,6.0,,,,,,,,,,,simple_standardisation,,custom_standardizer,2.0,,,,,,,,,,,,,,,,,,,COMPLETE
94,94,0.319888288673981,2023-12-31 08:35:06.734325,2023-12-31 09:41:58.534021,0 days 01:06:51.799696,2d_descriptors,,,,,,,,,,,,,0.092645714007625,,,,,,,,,,,,,,,,,,,,,,,,,,,,,,,,,,,,,,,,,,,,,,,,,,,,,,,,,,,,,,,,,percentil_fs,,,,,,,,,,,,,,,,,,,,,,,,,,,,,,,,,,,,,,,,,,,,,,,,,,,,,,,,,,,,,,,,,,,,,,,,,,,,,yeo-johnson,,,,,sklearn,,,,,,,,,,,,,,,,,,,,,,,,,,,,,67.0,,0.13658799766975677,,,,quantile_regressor_model,,,,,,,,power_transformer,simple_standardisation,False,custom_standardizer,,,,,,,,,,,,,,,,,,,,COMPLETE
95,95,,2023-12-31 09:41:58.562925,2023-12-31 10:38:24.881546,0 days 00:56:26.318621,2d_descriptors,,,,,1.4539584978673958,,,,,,,,,,,,,,,,,,,,,,,,,,,,,,,,,,,,,,,,,,,,,,,3.0,,,,,,,,,,,,,,,,,,,,,,,,,,pass_through_transformer,,,,,,,,,,,0.3547474462975034,,,,,,,,,,,,,,,,,,,,,,,,,,,,,,,rbf,,,,,,,,,,,,,,,,,,,,,,,,,,,,,,,,,,,,,,,,sklearn,,,,,,,,,,,,,,,,,,,,,,,,,,,,,,,,,,,svr_model,,,,,,,,standard_scaler,simple_standardisation,,custom_standardizer,,,,,,,,,,,,,,,,,True,,False,FAIL
96,96,0.2882933039590425,2023-12-31 10:38:24.901913,2023-12-31 11:34:47.201512,0 days 00:56:22.299599,2d_descriptors,,,,,,,,,,8.902104795085041,,,,,,,,,,,,,,,,,,,,,,,,,,,,,,,,,,,,,,,,,,,,,,,,,,,,,,,,,,,,,,,,,,,,pass_through_transformer,,,,,,,,,,,,,,,,,,,,,,,,,,,,,,,,,,,,,,,,,,,,,,,,,,,,,,0.6857476166588761,,5.236876621282876,,,,,,,,,,,,,,,,,,,,,,,,,,sklearn,,,,,,,,,,,,,,,,,,,,,,,,,,,,,,,,"(25.0, 75.0)",,,bayesian_ridge_model,,,,,,,,robust_scaler,simple_standardisation,,custom_standardizer,,,,,,,,,,,,,,,,False,,False,,COMPLETE
97,97,0.16151435452659366,2023-12-31 11:34:47.240310,2023-12-31 12:45:17.635169,0 days 01:10:30.394859,2d_descriptors,,,,,,,,,,,,,,,8.238063956817815,,,,,,,,,,,,,,,,,,,,,,,,,,,,,,,,,,,,,,,,,,,,,,,,,,,,,,,,,,,,,,,percentil_fs,,,,,,,,,,,,,,,,,,,,,,,,,,,,,,,,,,,,,,,,,,,,,,,,,,,,,,,,,,,,,,,,,,,,,,,,,,,,,,,,,,sklearn,,,,,,,,,,,,,,,,,,,,,,,,,,,,,51.0,,,,,,ridge_model,,,,,,,,standard_scaler,simple_standardisation,,custom_standardizer,,,,,,,,,,,,,,,,,False,,False,COMPLETE
98,98,0.015002262307577691,2023-12-31 12:45:17.660153,2023-12-31 16:53:05.234973,0 days 04:07:47.574820,2d_descriptors,,,,,,,,,,,,,,,,,,,,,,,,,,,,,,,,,,,,,,,,,,,,,,,,,,,,,,,,,,,,,,,,,,,,,,,,,,,,,,pass_through_transformer,,,,,,,,,,,,,,,,,,,,,,,,,,,,,,,,,,,,,,,,,,,,,,,,,,,,,,,,,,,,,,,,,,,,,,,,,,,,,box-cox,,,,,sklearn,,,,,,,,,,,,,,,,,,,,,,,,,,,,,,,,,,,theil_sen_regressor_model,,,,,,,,power_transformer,,True,chembl_standardizer,,,,,,,,,,,,,,,,,,,,COMPLETE
99,99,0.0379174773843489,2023-12-31 16:53:05.264235,2023-12-31 17:49:28.898228,0 days 00:56:23.633993,2d_descriptors,,,,,,,,,,,,,,,,,,,,,,,,,,,,,,,,,,,,,,,,,,,,,,,,,,,,,,,,,,,,,,,,,,,,,,,,,,,,,,percentil_fs,,,,,,,,,,,,,,,,,,,,,,,,,,,,,,,,,,,,,,,,,,,,,,,,,,,,,,,,,,,,,0.17989990244384246,,exponential,,,,,,,,,,,,,,,,,,,sklearn,,,,,,,,,350.0,,,,,,,,,,,811.0,,,,,,,normal,,74.0,,,,,,ada_boost_regressor_model,,,,,,,,quantile_transformer,heavy_standardisation,,custom_standardizer,,,,,,,,,,,,,,,,,,,,COMPLETE
