,number,value,datetime_start,datetime_complete,duration,params_1D_featurizer,params_1d_model,params_2d_model,params_algorithm_kneighbors_regressor,params_alpha_bayesian_ridge,params_alpha_elastic_net,params_alpha_gaussian_process_regressor,params_alpha_kernel_ridge,params_alpha_ridge_model,params_attention_dropout_0,params_attention_dropout_1,params_attention_dropout_2,params_attention_dropout_3,params_attention_key_dim_0,params_attention_key_dim_1,params_attention_key_dim_2,params_attention_key_dim_3,params_base_estimator_bagging_regressor,params_base_estimator_ransac_regressor,params_base_filters,params_batch_normalization_0,params_batch_normalization_1,params_batch_size_deepchem,params_batchnorm,params_bootstrap_bagging_regressor,params_bootstrap_features,params_bootstrap_random_forest_regressor,params_conv_activation_0,params_conv_activation_1,params_conv_activation_2,params_conv_batch_norm_0,params_conv_batch_norm_1,params_conv_batch_norm_2,params_conv_dropout_0,params_conv_dropout_1,params_conv_dropout_2,params_criterion_random_forest_regressor,params_dense_activation,params_dense_dropout,params_dense_layer_size,params_dense_units,params_depth_dmpnn,params_dropout,params_dropout_attentive_fp,params_dropout_dag,params_dropout_gcn,params_dropout_graph_conv,params_dropout_pagtn,params_dropout_text_cnn,params_dropouts_dtnn,params_dropouts_weave,params_embed_dropout_p,params_embedding_dim,params_embedding_output_dim,params_encoder_dropout_p,params_epochs_deepchem,params_f1,params_f2,params_feature_selector,params_featurizer_type,params_ff_dropout_p,params_filter_0,params_filter_1,params_filter_2,params_filters,params_fnn_dropout_p,params_fnn_layers,params_fpSize,params_g_noise,params_gamma_kernel_ridge,params_gen_dropout_p,params_gen_n_layers,params_graph_conv_layers_conv_model,params_graph_conv_layers_gcn,params_graph_feat_size_attentive_fp,params_gru_dropout_0,params_gru_dropout_1,params_gru_dropout_2,params_gru_units_0,params_gru_units_1,params_gru_units_2,params_hidden_activation_0,params_hidden_activation_1,params_hidden_dropout_0,params_hidden_dropout_1,params_hidden_layer_units_0,params_hidden_layer_units_1,params_k,params_kernel_ridge,params_kernel_size_0,params_kernel_size_1,params_kernel_size_2,params_kernel_size_smiles_to_vec,params_l1_0,params_l1_1,params_l1_ratio_elastic_net,params_l2_0,params_l2_1,params_lambda_1_bayesian_ridge,params_lambda_2_bayesian_ridge,params_layer_sizes_dag,params_layer_sizes_gather,params_leaf_size_kneighbors_regressor,params_lstm_dropout_0,params_lstm_dropout_1,params_lstm_dropout_2,params_lstm_units_0,params_lstm_units_1,params_lstm_units_2,params_master_atom,params_maxLength,params_maxPath,params_max_features_random_forest_regressor,params_max_length_pagtn,params_max_path,params_minLength,params_minPath,params_min_path,params_min_samples,params_model_steps,params_model_type,params_nBits,params_n_attention_heads,params_n_attention_layers,params_n_bits,params_n_conv_layers,params_n_embedding_dtnn,params_n_embedding_text_cnn,params_n_encoders,params_n_estimators,params_n_estimators_bagging_regressor,params_n_estimators_random_forest_regressor,params_n_graph_feat_dag,params_n_graph_feat_weave,params_n_gru_layers,params_n_hidden_dtnn,params_n_hidden_layers,params_n_hidden_weave,params_n_layers,params_n_lstm_layers,params_n_neighbors_kneighbors_regressor,params_n_quantiles,params_n_rnn_layers,params_num_heads,params_num_layers_attentive_fp,params_num_layers_pagtn,params_output_distribution,params_p,params_percentile,params_predictor_dropout_gcn,params_radius,params_regression_model,params_rnn_dropouts_0,params_rnn_dropouts_1,params_rnn_dropouts_2,params_rnn_units_0,params_rnn_units_1,params_rnn_units_2,params_sa_dropout_p,params_scaler,params_standardization_type,params_standardizer,params_stride_0,params_stride_1,params_stride_2,params_strides,params_support_weak,params_threshold,params_use_chirality_attentive_fp,params_use_chirality_gat,params_use_chirality_gcn,params_use_chirality_graph_conv,params_use_chirality_weave,params_use_edges_gat,params_use_edges_gcn,params_use_partial_charge_attentive_fp,params_use_partial_charge_gat,params_use_partial_charge_gcn,params_weights_kneighbors_regressor,state
0,0,0.27864610256786065,2024-02-15 17:01:50.757116,2024-02-15 19:07:27.168963,0 days 02:05:36.411847,,,,,,,,,,,,,,,,,,,,,,,8.0,,,,,,,,,,,,,,,,,,,,,,,,,,,,,0.25,,,0.5,786.0,,,,,0.25,,,,,,,,,,0.5,1.0,,,,,,,,,,,,,,,,,,,,,,,,,,,,,,,,,,,,,,,,,,,,,,,,mat_model,deepchem,,,,,,,,4.0,,,,,,,,,,1.0,,,,,,,,,,,,,,,,,,,,0.25,,,pass_through_standardizer,,,,,,,,,,,,,,,,,,COMPLETE
1,1,-inf,2024-02-15 19:07:27.215369,2024-02-15 22:07:27.385977,0 days 03:00:00.170608,2d_descriptors,,,,,,,,,,,,,,,,,rfr,,,,,,,False,False,,,,,,,,,,,,,,,,,,,,,,,,,,,,,,,,,low_variance_fs,,,,,,,,,,,,,,,,,,,,,,,,,,,,,,,,,,,,,,,,,,,,,,,,,,,,,,,,,,,,,,sklearn,,,,,,,,,,500.0,,,,,,,,,,,,,,,,,,,,,bagging_regressor_model,,,,,,,,pass_through_transformer,,basic_standardizer,,,,,,0.030571436672348715,,,,,,,,,,,,COMPLETE
2,2,-inf,2024-02-15 22:07:27.449504,2024-02-15 22:07:27.905582,0 days 00:00:00.456078,layered,keras_tabular_transformer,,,,,,,,0.3952169288809593,0.23550573016739257,,,16.0,8.0,,,,,,,,,,,,,,,,,,,,,,,relu,0.11405455374646611,,88.0,,,,,,,,,,,,,128.0,,,,,,1D,,,,,,,,1024.0,,,,,,,,,,,,,,,,,,,,,,,,,,,,,,,,,,,,,,,,,,,,7.0,,,,,3.0,,,,keras,,4.0,2.0,,,,,,,,,,,,,,,,,,,,,,,,,,,,,,,,,,,,,,,,,,,,,,,,,,,,,,,,COMPLETE
3,3,-inf,2024-02-15 22:07:27.930560,2024-02-15 22:07:33.465536,0 days 00:00:05.534976,,,keras_rnn,,,,,,,,,,,,,,,,,,,,,,,,,,,,,,,,,,,relu,0.17505859119153822,,16.0,,,,,,,,,,,,,,,,,,,2D,,,,,,,,,,,,,,,,0.3985329256476225,,,25.0,,,,,,,,,,,,,,,,,,,,,,,,,0.15802269987707418,0.02022911386522641,0.33539263601025365,166.0,86.0,194.0,,,,,,,,,,,,keras,,,,,,,,,,,,,,1.0,,,,,3.0,,,,,,,,,,,,,,,,,,,,,,,,,,,,,,,,,,,,,,,,COMPLETE
4,4,-inf,2024-02-15 22:07:33.498516,2024-02-15 22:07:38.830773,0 days 00:00:05.332257,,,keras_simple_rnn,,,,,,,,,,,,,,,,,,,,,,,,,,,,,,,,,,,tanh,0.39480130847088785,,160.0,,,,,,,,,,,,,,,,,,,2D,,,,,,,,,,,,,,,,,,,,,,,,,,,,,,,,,,,,,,,,,,,,,,,,,,,,,,,,,,,,,keras,,,,,,,,,,,,,,,,,,,,,,1.0,,,,,,,,,,0.11212763664105085,,,193.0,,,,,,,,,,,,,,,,,,,,,,,,COMPLETE
5,5,-inf,2024-02-15 22:07:38.857944,2024-02-16 01:07:38.887945,0 days 03:00:00.030001,mixed,,,,,,,,,,,,,,,,,,,,,,,,,,,,,,,,,,,,,,,,,,,,,,,,,,,,,,,,maccs,maccs,,1D,,,,,,,,,,,,,,,,,,,,,,,,,,,,,,,,,,,,,,,,,,,,,,,,,,,,,,,,,,,,,keras,,,,,,,,,,,,,,,,,,,,,,,,,,,,,,,,,,,,,,,,,,,,,,,,,,,,,,,,,,,COMPLETE
6,6,0.3056995613512948,2024-02-16 01:07:38.926534,2024-02-16 01:12:31.969817,0 days 00:04:53.043283,layered,,,,,,,,,,,,,,,,,,,,,,,,,,True,,,,,,,,,,absolute_error,,,,,,,,,,,,,,,,,,,,,,low_variance_fs,,,,,,,,,1024.0,,,,,,,,,,,,,,,,,,,,,,,,,,,,,,,,,,,,,,,,,,,,5.0,sqrt,,,,2.0,,,,sklearn,,,,,,,,,,,700.0,,,,,,,,,,,,,,,,,,,,random_forest_regressor_model,,,,,,,,,heavy_standardisation,custom_standardizer,,,,,,0.07951688017124386,,,,,,,,,,,,COMPLETE
7,7,0.06202947175109321,2024-02-16 01:12:32.000032,2024-02-16 01:16:40.845068,0 days 00:04:08.845036,mol2vec,,,brute,,,,,,,,,,,,,,,,,,,,,,,,,,,,,,,,,,,,,,,,,,,,,,,,,,,,,,,pass_through_transformer,,,,,,,,,,,,,,,,,,,,,,,,,,,,,,,,,,,,,,,,,,,,7.0,,,,,,,,,,,,,,,,,,sklearn,,,,,,,,,,,,,,,,,,,,5.0,,,,,,,10.0,,,,kneighbors_regressor_model,,,,,,,,,,basic_standardizer,,,,,,,,,,,,,,,,,distance,COMPLETE
8,8,0.3010057533121736,2024-02-16 01:16:40.884967,2024-02-16 03:54:05.201645,0 days 02:37:24.316678,,,,,,,,,,,,,,,,,,,,,,,512.0,,,,,,,,,,,,,,,,,,,,,,,,,,,,,0.25,,,0.25,905.0,,,,,0.25,,,,,,,,,,0.0,1.0,,,,,,,,,,,,,,,,,,,,,,,,,,,,,,,,,,,,,,,,,,,,,,,,mat_model,deepchem,,,,,,,,4.0,,,,,,,,,,1.0,,,,,,,,,,,,,,,,,,,,0.25,,,chembl_standardizer,,,,,,,,,,,,,,,,,,COMPLETE
9,9,0.46917354676666784,2024-02-16 03:54:05.241210,2024-02-16 04:11:51.907233,0 days 00:17:46.666023,,,,,,,,,,,,,,,,,,,,,,,256.0,,,,,,,,,,,,,,,,,,,,,,,,,,0.0,,,,,,,510.0,,,,,,,,,,,,,,,,,,,,,,,,,,,,,,,,,,,,,,,,,,,,,,,,,,,,,,,,,,,,,,,,text_cnn_model,deepchem,,,,,,,75.0,,,,,,,,,,,,,,,,,,,,,,,,,,,,,,,,,,pass_through_standardizer,,,,,,,,,,,,,,,,,,COMPLETE
10,10,0.45315710075499904,2024-02-16 04:11:51.956651,2024-02-16 04:19:30.107939,0 days 00:07:38.151288,,,,,,,,,,,,,,,,,,,,,,,256.0,,,,,,,,,,,,,,,,,,,,,,,,,,0.0,,,,,,,221.0,,,,,,,,,,,,,,,,,,,,,,,,,,,,,,,,,,,,,,,,,,,,,,,,,,,,,,,,,,,,,,,,text_cnn_model,deepchem,,,,,,,75.0,,,,,,,,,,,,,,,,,,,,,,,,,,,,,,,,,,pass_through_standardizer,,,,,,,,,,,,,,,,,,COMPLETE
11,11,0.4553482484161943,2024-02-16 04:19:30.150523,2024-02-16 04:26:38.112394,0 days 00:07:07.961871,,,,,,,,,,,,,,,,,,,,,,,256.0,,,,,,,,,,,,,,,,,,,,,,,,,,0.0,,,,,,,205.0,,,,,,,,,,,,,,,,,,,,,,,,,,,,,,,,,,,,,,,,,,,,,,,,,,,,,,,,,,,,,,,,text_cnn_model,deepchem,,,,,,,75.0,,,,,,,,,,,,,,,,,,,,,,,,,,,,,,,,,,pass_through_standardizer,,,,,,,,,,,,,,,,,,COMPLETE
12,12,0.4658392835075264,2024-02-16 04:26:38.148158,2024-02-16 04:35:57.618450,0 days 00:09:19.470292,,,,,,,,,,,,,,,,,,,,,,,256.0,,,,,,,,,,,,,,,,,,,,,,,,,,0.0,,,,,,,276.0,,,,,,,,,,,,,,,,,,,,,,,,,,,,,,,,,,,,,,,,,,,,,,,,,,,,,,,,,,,,,,,,text_cnn_model,deepchem,,,,,,,75.0,,,,,,,,,,,,,,,,,,,,,,,,,,,,,,,,,,pass_through_standardizer,,,,,,,,,,,,,,,,,,COMPLETE
13,13,0.4549157475451796,2024-02-16 04:35:57.658685,2024-02-16 05:34:13.515321,0 days 00:58:15.856636,,,,,,,,,,,,,,,,,,,,,,,256.0,True,,,,,,,,,,,,,,,,,,,,,,0.0,,,,,,,,,,531.0,,,,,,,,,,,,,,,,,,"[64, 128]",,,,,,,,,,,,,,,,,,,,,,,,,,,,,,,,,,,,,,,,,,,,,,gcn_model,deepchem,,,,,,,,,,,,,,,,,,,,,,,,,,,,,0.0,,,,,,,,,,,,pass_through_standardizer,,,,,,,,,False,,,,True,,,False,,COMPLETE
14,14,0.42452258518572233,2024-02-16 05:34:13.557117,2024-02-16 06:16:18.659117,0 days 00:42:05.102000,,,,,,,,,,,,,,,,,,,,,,,16.0,,,,,,,,,,,,,,,,,,,3.0,,,,,,,,,,,,,,451.0,,,,,,,,,,0.25,2.0,,,,,,,,,,,,,,,,,,,,,,,,,,,,,,,,,,,,,,,,,,,,,,,,,,,,,dmpnn_model,deepchem,,,,,,,,,,,,,,,,,,,,,,,,,,,,,,,,,,,,,,,,,pass_through_standardizer,,,,,,,,,,,,,,,,,,COMPLETE
15,15,0.1530568632038976,2024-02-16 06:16:18.720127,2024-02-16 07:39:49.010197,0 days 01:23:30.290070,,,,,,,,,,,,,,,,,,,,64.0,,,128.0,,,,,,,,,,,,,,,,,,,,,,,,,,,,,,,,,376.0,,,,,,,,,,,,,,,,,,,,,,,,,,,,,,,,,,,,,,,,,,,,,,,,,,,,,,,,,,,,,,,,chem_ception_model,deepchem,,,,,,,,,,,,,,,,,,,,,,,,,,,,,,,,,,,,,,,,simple_standardisation,custom_standardizer,,,,,,,,,,,,,,,,,,COMPLETE
16,16,-inf,2024-02-16 07:39:49.052498,2024-02-16 10:39:49.150795,0 days 03:00:00.098297,,,,,,,,,,,,,,,,,,,,,,,32.0,,,,,,,,,,,,,,,,,,,,,0.5,,,,,,,,,,,,703.0,,,,,,,,,,,,,,,,,,,500.0,,,,,,,,,,,,,,,,,,,,,,,,,,,,,,,,,,,,,,,,,,,,,attentive_fp_model,deepchem,,,,,,,,,,,,,,,,,,,,,,,,5.0,,,,,,,,,,,,,,,,,chembl_standardizer,,,,,,,True,,,,,,,True,,,,COMPLETE
17,17,-inf,2024-02-16 10:39:49.188473,2024-02-16 10:39:50.138718,0 days 00:00:00.950245,,,,,,,,,,,,,,,,,,,,,,,64.0,,,,,,,,,,,,,,,,,,,,,,,,,,,,0.5,,,,,108.0,,,,,,,,,,,,,,,,,,,,,,,,,,,,,,,,,,,,,,,,,,,,,,,,,,,,,,,,,,,,,,,,weave_model,deepchem,,,,,,,,,,,,,64.0,,,,100.0,,,,,,,,,,,,,,,,,,,,,,,,pass_through_standardizer,,,,,,,,,,,False,,,,,,,COMPLETE
18,18,-inf,2024-02-16 10:39:50.161923,2024-02-16 13:39:51.659805,0 days 03:00:01.497882,,,,,,,,,,,,,,,,,,,,,,,256.0,,,,,,,,,,,,,,,,,,,,,,,,,,,0.0,,,,,,365.0,,,,,,,,,,,,,,,,,,,,,,,,,,,,,,,,,,,,,,,,,,,,,,,,,,,,,,,,,,,,,,,,dtnn_model,deepchem,,,,,,75.0,,,,,,,,,100.0,,,,,,,,,,,,,,,,,,,,,,,,,,pass_through_standardizer,,,,,,,,,,,,,,,,,,COMPLETE
19,19,0.35734886185906056,2024-02-16 13:39:51.680306,2024-02-16 13:48:39.184033,0 days 00:08:47.503727,atom_pair,,,,,,,,6.213320380183855,,,,,,,,,,,,,,,,,,,,,,,,,,,,,,,,,,,,,,,,,,,,,,,,,,select_from_model_fs,,,,,,,,,,,,,,,,,,,,,,,,,,,,,,,,,,,,,,,,,,,,,,,,,,,,50.0,,,,,2.0,,,,,sklearn,2048.0,,,,,,,,642.0,,,,,,,,,,,,,,,,,,,,,,ridge_model,,,,,,,,,,pass_through_standardizer,,,,,,,,,,,,,,,,,,COMPLETE
20,20,0.36079611404523343,2024-02-16 13:48:39.231947,2024-02-16 14:03:45.933659,0 days 00:15:06.701712,,,,,,,,,,,,,,,,,,,,,,,256.0,,,,,,,,,,,,,,,,,128.0,,,,,,,0.5,,,,,,,,,671.0,,,,,,,,,,,,,,,,,"[128, 64]",,,,,,,,,,,,,,,,,,,,,,,,,,,,,,,,,,,,,True,,,,,,,,,,graph_conv_model,deepchem,,,,,,,,,,,,,,,,,,,,,,,,,,,,,,,,,,,,,,,,,basic_standardizer,,,,,,,,,,True,,,,,,,,COMPLETE
21,21,0.44669356007937466,2024-02-16 14:03:45.984651,2024-02-16 14:11:34.646031,0 days 00:07:48.661380,,,,,,,,,,,,,,,,,,,,,,,256.0,,,,,,,,,,,,,,,,,,,,,,,,,,0.0,,,,,,,216.0,,,,,,,,,,,,,,,,,,,,,,,,,,,,,,,,,,,,,,,,,,,,,,,,,,,,,,,,,,,,,,,,text_cnn_model,deepchem,,,,,,,75.0,,,,,,,,,,,,,,,,,,,,,,,,,,,,,,,,,,pass_through_standardizer,,,,,,,,,,,,,,,,,,COMPLETE
22,22,0.456457390657398,2024-02-16 14:11:34.695908,2024-02-16 14:20:31.610704,0 days 00:08:56.914796,,,,,,,,,,,,,,,,,,,,,,,256.0,,,,,,,,,,,,,,,,,,,,,,,,,,0.0,,,,,,,260.0,,,,,,,,,,,,,,,,,,,,,,,,,,,,,,,,,,,,,,,,,,,,,,,,,,,,,,,,,,,,,,,,text_cnn_model,deepchem,,,,,,,75.0,,,,,,,,,,,,,,,,,,,,,,,,,,,,,,,,,,pass_through_standardizer,,,,,,,,,,,,,,,,,,COMPLETE
23,23,-inf,2024-02-16 14:20:31.661471,2024-02-16 14:21:27.759400,0 days 00:00:56.097929,,,,,,,,,,,,,,,,,,,,,,,256.0,,,,,,,,,,,,,,,,,,,,,,0.0,,,,,,,,,,,364.0,,,,,,,,,,,,,,,,,,,,,,,,,,,,,,,,,,,,,,,,,,,,,"[200, 100]",[500],,,,,,,,,,,,,,,,,,dag_model,deepchem,,,,,,,,,,,,128.0,,,,,,,,,,,,,,,,,,,,,,,,,,,,,pass_through_standardizer,,,,,,,,,,,,,,,,,,COMPLETE
24,24,0.22375079027542344,2024-02-16 14:21:27.798693,2024-02-16 15:30:50.953296,0 days 01:09:23.154603,,,,,,,,,,,,,,,,,,,,,,,8.0,,,,,,,,,,,,,,,,,,,,,,,,,,,,,,32.0,,,508.0,,,,,,,,,64.0,,,,,,,,,,,,,,,,,,,,,,,,,,,,3.0,,,,,,,,,,,,,,,,,,,,,,,,,,,smiles_to_vec_model,deepchem,,,,,,,,,,,,,,,,,,,,,,,,,,,,,,,,,,,,,,,,simple_standardisation,custom_standardizer,,,,3.0,,,,,,,,,,,,,,COMPLETE
25,25,0.49748116782492763,2024-02-16 15:30:51.004645,2024-02-16 15:50:08.535400,0 days 00:19:17.530755,,,,,,,,,,,,,,,,,,,,,,,16.0,,,,,,,,,,,,,,,,,,,,,,,,,,0.25,,,,,,,309.0,,,,,,,,,,,,,,,,,,,,,,,,,,,,,,,,,,,,,,,,,,,,,,,,,,,,,,,,,,,,,,,,text_cnn_model,deepchem,,,,,,,75.0,,,,,,,,,,,,,,,,,,,,,,,,,,,,,,,,,,chembl_standardizer,,,,,,,,,,,,,,,,,,COMPLETE
26,26,-inf,2024-02-16 15:50:08.578889,2024-02-16 15:50:08.879754,0 days 00:00:00.300865,,,,,,,,,,,,,,,,,,,,,,,16.0,,,,,,,,,,,,,,,,,,,,,,,,,,,,,,,,,617.0,,,,,,,,,,,,,,,,,,,,,,,,,,,,,,,,,,,,,,,,,,,,,,,,,,,,,,,,,,,,,,,,gat_model,deepchem,,,,,,,,,,,,,,,,,,,,,,,,,,,,,,,,,,,,,,,,,chembl_standardizer,,,,,,,,False,,,,True,,,True,,,COMPLETE
27,27,0.44601839394511444,2024-02-16 15:50:08.909748,2024-02-16 17:57:05.375425,0 days 02:06:56.465677,,,,,,,,,,,,,,,,,,,,,,,16.0,,,,,,,,,,,,,,,,,,,,,,,,,0.5,,,,,,,,311.0,,,,,,,,,,,,,,,,,,,,,,,,,,,,,,,,,,,,,,,,,,,,,,,,,,,,,,,,,,16.0,,,,,,pagtn_model,deepchem,,,,,,,,,,,,,,,,,,,,,,,2.0,,3.0,,,,,,,,,,,,,,,,chembl_standardizer,,,,,,,,,,,,,,,,,,COMPLETE
28,28,-inf,2024-02-16 17:57:05.438966,2024-02-16 17:57:23.920892,0 days 00:00:18.481926,,,keras_bidirectional_rnn,,,,,,,,,,,,,,,,,,,,,,,,,,,,,,,,,,,tanh,0.002398505697302322,,240.0,,,,,,,,,,,,,,,,,,,2D,,,,,,,,,,,,,,,,0.03428222694524724,0.45176564799492147,0.21656447354113154,253.0,94.0,192.0,,,,,,,,,,,,,,,,,,,,,,,0.47377255611546926,,,18.0,,,,,,,,,,,,,,keras,,,,,,,,,,,,,,3.0,,,,,1.0,,,,,,,,,,,,,,,,,,,,,,,,,,,,,,,,,,,,,,,,COMPLETE
29,29,0.368127589455542,2024-02-16 17:57:23.946541,2024-02-16 18:06:31.406308,0 days 00:09:07.459767,maccs,,,,,,,0.7624382381373555,,,,,,,,,,,,,,,,,,,,,,,,,,,,,,,,,,,,,,,,,,,,,,,,,,,percentil_fs,,,,,,,,,,,0.11321929507515582,,,,,,,,,,,,,,,,,,,linear,,,,,,,,,,,,,,,,,,,,,,,,,,,,,,,,sklearn,,,,,,,,,,,,,,,,,,,,,,,,,,,,89.0,,,kernel_ridge_regressor_model,,,,,,,,,,chembl_standardizer,,,,,,,,,,,,,,,,,,COMPLETE
30,30,0.5127880048729699,2024-02-16 18:06:31.453116,2024-02-16 18:21:59.421454,0 days 00:15:27.968338,,,,,,,,,,,,,,,,,,,,,,,128.0,,,,,,,,,,,,,,,,,,,,,,,,,,0.5,,,,,,,443.0,,,,,,,,,,,,,,,,,,,,,,,,,,,,,,,,,,,,,,,,,,,,,,,,,,,,,,,,,,,,,,,,text_cnn_model,deepchem,,,,,,,50.0,,,,,,,,,,,,,,,,,,,,,,,,,,,,,,,,,,chembl_standardizer,,,,,,,,,,,,,,,,,,COMPLETE
31,31,0.5372681394905342,2024-02-16 18:21:59.465581,2024-02-16 18:38:30.810618,0 days 00:16:31.345037,,,,,,,,,,,,,,,,,,,,,,,128.0,,,,,,,,,,,,,,,,,,,,,,,,,,0.5,,,,,,,468.0,,,,,,,,,,,,,,,,,,,,,,,,,,,,,,,,,,,,,,,,,,,,,,,,,,,,,,,,,,,,,,,,text_cnn_model,deepchem,,,,,,,50.0,,,,,,,,,,,,,,,,,,,,,,,,,,,,,,,,,,chembl_standardizer,,,,,,,,,,,,,,,,,,COMPLETE
32,32,0.5217655936376641,2024-02-16 18:38:30.852039,2024-02-16 18:54:53.611630,0 days 00:16:22.759591,,,,,,,,,,,,,,,,,,,,,,,128.0,,,,,,,,,,,,,,,,,,,,,,,,,,0.5,,,,,,,445.0,,,,,,,,,,,,,,,,,,,,,,,,,,,,,,,,,,,,,,,,,,,,,,,,,,,,,,,,,,,,,,,,text_cnn_model,deepchem,,,,,,,50.0,,,,,,,,,,,,,,,,,,,,,,,,,,,,,,,,,,chembl_standardizer,,,,,,,,,,,,,,,,,,COMPLETE
33,33,0.5118699256887765,2024-02-16 18:54:53.645381,2024-02-16 19:11:23.991650,0 days 00:16:30.346269,,,,,,,,,,,,,,,,,,,,,,,128.0,,,,,,,,,,,,,,,,,,,,,,,,,,0.5,,,,,,,448.0,,,,,,,,,,,,,,,,,,,,,,,,,,,,,,,,,,,,,,,,,,,,,,,,,,,,,,,,,,,,,,,,text_cnn_model,deepchem,,,,,,,50.0,,,,,,,,,,,,,,,,,,,,,,,,,,,,,,,,,,chembl_standardizer,,,,,,,,,,,,,,,,,,COMPLETE
34,34,0.5084466456824978,2024-02-16 19:11:24.031533,2024-02-16 19:27:54.981475,0 days 00:16:30.949942,,,,,,,,,,,,,,,,,,,,,,,128.0,,,,,,,,,,,,,,,,,,,,,,,,,,0.5,,,,,,,447.0,,,,,,,,,,,,,,,,,,,,,,,,,,,,,,,,,,,,,,,,,,,,,,,,,,,,,,,,,,,,,,,,text_cnn_model,deepchem,,,,,,,50.0,,,,,,,,,,,,,,,,,,,,,,,,,,,,,,,,,,chembl_standardizer,,,,,,,,,,,,,,,,,,COMPLETE
35,35,0.5247200375210885,2024-02-16 19:27:55.010973,2024-02-16 19:43:52.020051,0 days 00:15:57.009078,,,,,,,,,,,,,,,,,,,,,,,128.0,,,,,,,,,,,,,,,,,,,,,,,,,,0.5,,,,,,,434.0,,,,,,,,,,,,,,,,,,,,,,,,,,,,,,,,,,,,,,,,,,,,,,,,,,,,,,,,,,,,,,,,text_cnn_model,deepchem,,,,,,,50.0,,,,,,,,,,,,,,,,,,,,,,,,,,,,,,,,,,chembl_standardizer,,,,,,,,,,,,,,,,,,COMPLETE
36,36,-inf,2024-02-16 19:43:52.069911,2024-02-16 19:43:52.640114,0 days 00:00:00.570203,morgan,keras_1d_cnn,,,,,,,,,,,,,,,,,,,,,,,,,,relu,relu,relu,True,False,False,0.5370140924934874,0.5457418161069004,0.1659791969831768,,relu,,,256.0,,0.5281749230600354,,,,,,,,,,,,,,,,,1D,,26.0,25.0,27.0,,,,,0.03231241824799979,,,,,,,,,,,,,,,,,,,,,44.0,31.0,54.0,,,,,,,,,,,,,,,,,,,,,,,,,,,,,keras,,,,2048.0,3.0,,,,,,,,,,,,,,,,,,,,,,,,,2.0,,,,,,,,,,,,1.0,1.0,2.0,,,,,,,,,,,,,,,COMPLETE
37,37,0.40856923393998706,2024-02-16 19:43:52.654003,2024-02-16 20:00:17.669832,0 days 00:16:25.015829,rdk,,,,6.708986973640421,,,,,,,,,,,,,,,,,,,,,,,,,,,,,,,,,,,,,,,,,,,,,,,,,,,,,,boruta_algorithm,,,,,,,,,2048.0,,,,,,,,,,,,,,,,,,,,,,,,,,,,,,,6.759043123653755,7.774439974591395,,,,,,,,,,,,,,,6.0,,,3.0,,,sklearn,,,,,,,,,,,,,,,,,,,,,,,,,,,,,,,bayesian_ridge_model,,,,,,,,,,chembl_standardizer,,,,,True,,,,,,,,,,,,,COMPLETE
38,38,-inf,2024-02-16 20:00:17.717714,2024-02-16 20:00:18.351284,0 days 00:00:00.633570,atom_pair,keras_dense,,,,,,,,,,,,,,,,,,,False,True,,,,,,,,,,,,,,,,,,,,,,,,,,,,,,,,,,,,,,1D,,,,,,,,,,,,,,,,,,,,,,tanh,tanh,0.4478758278187787,0.13704981739012462,31.0,33.0,,,,,,,0.0016261132333263185,2.2920973981089485e-06,,1.5199218389116832e-06,4.695025459433531e-06,,,,,,,,,,,,,20.0,,,,,1.0,,,,,keras,1024.0,,,,,,,,,,,,,,,2.0,,,,,,,,,,,,,,,,,,,,,,,,,,,,,,,,,,,,,,,,,,,COMPLETE
39,39,0.4855987219208112,2024-02-16 20:00:18.367835,2024-02-16 20:53:02.503933,0 days 00:52:44.136098,,,,,,,,,,,,,,,,,,,,,,,128.0,,,,,,,,,,,,,,,,,,,4.0,,,,,,,,,,,,,,595.0,,,,,,,,,,0.5,1.0,,,,,,,,,,,,,,,,,,,,,,,,,,,,,,,,,,,,,,,,,,,,,,,,,,,,,dmpnn_model,deepchem,,,,,,,,,,,,,,,,,,,,,,,,,,,,,,,,,,,,,,,,,chembl_standardizer,,,,,,,,,,,,,,,,,,COMPLETE
40,40,0.1320270922177075,2024-02-16 20:53:02.555238,2024-02-16 21:03:58.446925,0 days 00:10:55.891687,maccs,,,,,8.099135525898673,,,,,,,,,,,,,,,,,,,,,,,,,,,,,,,,,,,,,,,,,,,,,,,,,,,,,k_best,,,,,,,,,,,,,,,,,,,,,,,,,,,,,14.0,,,,,,,,0.4315133453869351,,,,,,,,,,,,,,,,,,,,,,,,,sklearn,,,,,,,,,,,,,,,,,,,,,,,,,,,,,,,elastic_net_model,,,,,,,,,,chembl_standardizer,,,,,,,,,,,,,,,,,,COMPLETE
41,41,0.5400154949155507,2024-02-16 21:03:58.492586,2024-02-16 21:20:19.573757,0 days 00:16:21.081171,,,,,,,,,,,,,,,,,,,,,,,128.0,,,,,,,,,,,,,,,,,,,,,,,,,,0.5,,,,,,,431.0,,,,,,,,,,,,,,,,,,,,,,,,,,,,,,,,,,,,,,,,,,,,,,,,,,,,,,,,,,,,,,,,text_cnn_model,deepchem,,,,,,,50.0,,,,,,,,,,,,,,,,,,,,,,,,,,,,,,,,,,chembl_standardizer,,,,,,,,,,,,,,,,,,COMPLETE
42,42,0.5321123788625243,2024-02-16 21:20:19.620873,2024-02-16 21:36:47.362947,0 days 00:16:27.742074,,,,,,,,,,,,,,,,,,,,,,,128.0,,,,,,,,,,,,,,,,,,,,,,,,,,0.5,,,,,,,424.0,,,,,,,,,,,,,,,,,,,,,,,,,,,,,,,,,,,,,,,,,,,,,,,,,,,,,,,,,,,,,,,,text_cnn_model,deepchem,,,,,,,50.0,,,,,,,,,,,,,,,,,,,,,,,,,,,,,,,,,,chembl_standardizer,,,,,,,,,,,,,,,,,,COMPLETE
43,43,0.5223792752904781,2024-02-16 21:36:47.406564,2024-02-16 21:53:13.447010,0 days 00:16:26.040446,,,,,,,,,,,,,,,,,,,,,,,128.0,,,,,,,,,,,,,,,,,,,,,,,,,,0.5,,,,,,,403.0,,,,,,,,,,,,,,,,,,,,,,,,,,,,,,,,,,,,,,,,,,,,,,,,,,,,,,,,,,,,,,,,text_cnn_model,deepchem,,,,,,,50.0,,,,,,,,,,,,,,,,,,,,,,,,,,,,,,,,,,chembl_standardizer,,,,,,,,,,,,,,,,,,COMPLETE
44,44,-inf,2024-02-16 21:53:13.485059,2024-02-16 21:53:13.756708,0 days 00:00:00.271649,,,,,,,,,,,,,,,,,,,,,,,128.0,,,,,,,,,,,,,,,,,,,,,,,,,,,,,,,,,389.0,,,,,,,,,,,,,,,,,,,,,,,,,,,,,,,,,,,,,,,,,,,,,,,,,,,,,,,,,,,,,,,,gat_model,deepchem,,,,,,,,,,,,,,,,,,,,,,,,,,,,,,,,,,,,,,,,,chembl_standardizer,,,,,,,,True,,,,False,,,False,,,COMPLETE
45,45,-inf,2024-02-16 21:53:13.780305,2024-02-17 00:53:16.867774,0 days 03:00:03.087469,,,,,,,,,,,,,,,,,,,,,,,128.0,,,,,,,,,,,,,,,,,,,,,,,,,,,0.5,,,,,,548.0,,,,,,,,,,,,,,,,,,,,,,,,,,,,,,,,,,,,,,,,,,,,,,,,,,,,,,,,,,,,,,,,dtnn_model,deepchem,,,,,,50.0,,,,,,,,,50.0,,,,,,,,,,,,,,,,,,,,,,,,,,basic_standardizer,,,,,,,,,,,,,,,,,,COMPLETE
46,46,-inf,2024-02-17 00:53:16.901095,2024-02-17 00:53:44.360137,0 days 00:00:27.459042,,,keras_bidirectional_rnn,,,,,,,,,,,,,,,,,,,,,,,,,,,,,,,,,,,tanh,0.464063275658112,,128.0,,,,,,,,,,,,,,,,,,,2D,,,,,,,,,,,,,,,,0.4684705879399852,0.03722651476580724,0.481627086169681,153.0,244.0,23.0,,,,,,,,,,,,,,,,,,,,,,,0.012775148161772443,,,250.0,,,,,,,,,,,,,,keras,,,,,,,,,,,,,,3.0,,,,,1.0,,,,,,,,,,,,,,,,,,,,,,,,,,,,,,,,,,,,,,,,COMPLETE
47,47,0.40944901146715607,2024-02-17 00:53:44.401259,2024-02-17 01:13:38.041582,0 days 00:19:53.640323,,,,,,,,,,,,,,,,,,,,,,,128.0,,,,,,,,,,,,,,,,,256.0,,,,,,,0.0,,,,,,,,,402.0,,,,,,,,,,,,,,,,,"[256, 128]",,,,,,,,,,,,,,,,,,,,,,,,,,,,,,,,,,,,,False,,,,,,,,,,graph_conv_model,deepchem,,,,,,,,,,,,,,,,,,,,,,,,,,,,,,,,,,,,,,,,,chembl_standardizer,,,,,,,,,,False,,,,,,,,COMPLETE
48,48,-inf,2024-02-17 01:13:38.075541,2024-02-17 01:14:39.123607,0 days 00:01:01.048066,,,,,,,,,,,,,,,,,,,,,,,512.0,,,,,,,,,,,,,,,,,,,,,,,,,,,,,0.5,,,0.0,500.0,,,,,0.0,,,,,,,,,,0.0,3.0,,,,,,,,,,,,,,,,,,,,,,,,,,,,,,,,,,,,,,,,,,,,,,,,mat_model,deepchem,,,,,,,,10.0,,,,,,,,,,3.0,,,,,,,,,,,,,,,,,,,,0.5,,,chembl_standardizer,,,,,,,,,,,,,,,,,,COMPLETE
49,49,0.28002262224321905,2024-02-17 01:14:39.154184,2024-02-17 03:05:11.334699,0 days 01:50:32.180515,,,,,,,,,,,,,,,,,,,,,,,128.0,,,,,,,,,,,,,,,,,,,,,,,,,0.0,,,,,,,,580.0,,,,,,,,,,,,,,,,,,,,,,,,,,,,,,,,,,,,,,,,,,,,,,,,,,,,,,,,,,5.0,,,,,,pagtn_model,deepchem,,,,,,,,,,,,,,,,,,,,,,,1.0,,5.0,,,,,,,,,,,,,,,,chembl_standardizer,,,,,,,,,,,,,,,,,,COMPLETE
50,50,0.40408708654982844,2024-02-17 03:05:11.372476,2024-02-17 03:39:40.468600,0 days 00:34:29.096124,,,,,,,,,,,,,,,,,,,,,,,128.0,,,,,,,,,,,,,,,,,,,,,,,,,,0.5,,,,,,,906.0,,,,,,,,,,,,,,,,,,,,,,,,,,,,,,,,,,,,,,,,,,,,,,,,,,,,,,,,,,,,,,,,text_cnn_model,deepchem,,,,,,,50.0,,,,,,,,,,,,,,,,,,,,,,,,,,,,,,,,,heavy_standardisation,custom_standardizer,,,,,,,,,,,,,,,,,,COMPLETE
51,51,0.514022798334062,2024-02-17 03:39:40.487110,2024-02-17 04:04:37.515020,0 days 00:24:57.027910,,,,,,,,,,,,,,,,,,,,,,,128.0,,,,,,,,,,,,,,,,,,,,,,,,,,0.5,,,,,,,479.0,,,,,,,,,,,,,,,,,,,,,,,,,,,,,,,,,,,,,,,,,,,,,,,,,,,,,,,,,,,,,,,,text_cnn_model,deepchem,,,,,,,50.0,,,,,,,,,,,,,,,,,,,,,,,,,,,,,,,,,,chembl_standardizer,,,,,,,,,,,,,,,,,,COMPLETE
52,52,0.5324013165107764,2024-02-17 04:04:37.560443,2024-02-17 04:27:16.744735,0 days 00:22:39.184292,,,,,,,,,,,,,,,,,,,,,,,128.0,,,,,,,,,,,,,,,,,,,,,,,,,,0.5,,,,,,,411.0,,,,,,,,,,,,,,,,,,,,,,,,,,,,,,,,,,,,,,,,,,,,,,,,,,,,,,,,,,,,,,,,text_cnn_model,deepchem,,,,,,,50.0,,,,,,,,,,,,,,,,,,,,,,,,,,,,,,,,,,chembl_standardizer,,,,,,,,,,,,,,,,,,COMPLETE
53,53,0.49012934244863615,2024-02-17 04:27:16.772377,2024-02-17 04:53:59.928482,0 days 00:26:43.156105,,,,,,,,,,,,,,,,,,,,,,,32.0,,,,,,,,,,,,,,,,,,,,,,,,,,0.5,,,,,,,327.0,,,,,,,,,,,,,,,,,,,,,,,,,,,,,,,,,,,,,,,,,,,,,,,,,,,,,,,,,,,,,,,,text_cnn_model,deepchem,,,,,,,100.0,,,,,,,,,,,,,,,,,,,,,,,,,,,,,,,,,,chembl_standardizer,,,,,,,,,,,,,,,,,,COMPLETE
54,54,0.41109803777978404,2024-02-17 04:53:59.944702,2024-02-17 05:58:58.662020,0 days 01:04:58.717318,,,,,,,,,,,,,,,,,,,,,,,64.0,False,,,,,,,,,,,,,,,,,,,,,,0.5,,,,,,,,,,411.0,,,,,,,,,,,,,,,,,,"[64, 64]",,,,,,,,,,,,,,,,,,,,,,,,,,,,,,,,,,,,,,,,,,,,,,gcn_model,deepchem,,,,,,,,,,,,,,,,,,,,,,,,,,,,,0.5,,,,,,,,,,,,chembl_standardizer,,,,,,,,,True,,,,False,,,True,,COMPLETE
55,55,0.49942968658984005,2024-02-17 05:58:58.684156,2024-02-17 06:15:15.795423,0 days 00:16:17.111267,,,,,,,,,,,,,,,,,,,,,,,128.0,,,,,,,,,,,,,,,,,,,,,,,,,,0.5,,,,,,,343.0,,,,,,,,,,,,,,,,,,,,,,,,,,,,,,,,,,,,,,,,,,,,,,,,,,,,,,,,,,,,,,,,text_cnn_model,deepchem,,,,,,,50.0,,,,,,,,,,,,,,,,,,,,,,,,,,,,,,,,,,basic_standardizer,,,,,,,,,,,,,,,,,,COMPLETE
56,56,0.17782064995380598,2024-02-17 06:15:15.810017,2024-02-17 08:03:13.364891,0 days 01:47:57.554874,,,,,,,,,,,,,,,,,,,,8.0,,,8.0,,,,,,,,,,,,,,,,,,,,,,,,,,,,,,,,,489.0,,,,,,,,,,,,,,,,,,,,,,,,,,,,,,,,,,,,,,,,,,,,,,,,,,,,,,,,,,,,,,,,chem_ception_model,deepchem,,,,,,,,,,,,,,,,,,,,,,,,,,,,,,,,,,,,,,,,,chembl_standardizer,,,,,,,,,,,,,,,,,,COMPLETE
57,57,0.10909319494503615,2024-02-17 08:03:13.383119,2024-02-17 08:20:29.786575,0 days 00:17:16.403456,mol2vec,,,,,,,,,,,,,,,,,,linear,,,,,,,,,,,,,,,,,,,,,,,,,,,,,,,,,,,,,,,,pass_through_transformer,,,,,,,,,,,,,,,,,,,,,,,,,,,,,,,,,,,,,,,,,,,,,,,,,,,,,,,,,,,,0.05646505239778421,,sklearn,,,,,,,,,,,,,,,,,,,,,,,,,,,,,,,ransac_regressor_model,,,,,,,,,,chembl_standardizer,,,,,,,,,,,,,,,,,,COMPLETE
58,58,0.38328903165697514,2024-02-17 08:20:29.813576,2024-02-17 09:06:17.628175,0 days 00:45:47.814599,,,,,,,,,,,,,,,,,,,,,,,512.0,,,,,,,,,,,,,,,,,,,,,0.0,,,,,,,,,,,,414.0,,,,,,,,,,,,,,,,,,,100.0,,,,,,,,,,,,,,,,,,,,,,,,,,,,,,,,,,,,,,,,,,,,,attentive_fp_model,deepchem,,,,,,,,,,,,,,,,,,,,,,,,1.0,,,,,,,,,,,,,,,,,chembl_standardizer,,,,,,,False,,,,,,,False,,,,COMPLETE
59,59,-inf,2024-02-17 09:06:17.643172,2024-02-17 09:06:18.206497,0 days 00:00:00.563325,,,,,,,,,,,,,,,,,,,,,,,128.0,,,,,,,,,,,,,,,,,,,,,,,,,,,,0.0,,,,,282.0,,,,,,,,,,,,,,,,,,,,,,,,,,,,,,,,,,,,,,,,,,,,,,,,,,,,,,,,,,,,,,,,weave_model,deepchem,,,,,,,,,,,,,128.0,,,,50.0,,,,,,,,,,,,,,,,,,,,,,,heavy_standardisation,custom_standardizer,,,,,,,,,,,True,,,,,,,COMPLETE
60,60,-inf,2024-02-17 09:06:18.230003,2024-02-17 09:06:51.507793,0 days 00:00:33.277790,,,keras_rnn,,,,,,,,,,,,,,,,,,,,,,,,,,,,,,,,,,,tanh,0.31726154743382473,,16.0,,,,,,,,,,,,,,,,,,,2D,,,,,,,,,,,,,,,,0.1882463092255568,,,22.0,,,,,,,,,,,,,,,,,,,,,,,,,0.44674613596026885,0.4955522696432702,0.019865200178108666,23.0,248.0,35.0,,,,,,,,,,,,keras,,,,,,,,,,,,,,1.0,,,,,3.0,,,,,,,,,,,,,,,,,,,,,,,,,,,,,,,,,,,,,,,,COMPLETE
61,61,0.5324878013186538,2024-02-17 09:06:51.534900,2024-02-17 09:25:57.793317,0 days 00:19:06.258417,,,,,,,,,,,,,,,,,,,,,,,128.0,,,,,,,,,,,,,,,,,,,,,,,,,,0.5,,,,,,,455.0,,,,,,,,,,,,,,,,,,,,,,,,,,,,,,,,,,,,,,,,,,,,,,,,,,,,,,,,,,,,,,,,text_cnn_model,deepchem,,,,,,,50.0,,,,,,,,,,,,,,,,,,,,,,,,,,,,,,,,,,chembl_standardizer,,,,,,,,,,,,,,,,,,COMPLETE
62,62,0.5032346596551436,2024-02-17 09:25:57.807761,2024-02-17 09:47:06.933984,0 days 00:21:09.126223,,,,,,,,,,,,,,,,,,,,,,,128.0,,,,,,,,,,,,,,,,,,,,,,,,,,0.5,,,,,,,548.0,,,,,,,,,,,,,,,,,,,,,,,,,,,,,,,,,,,,,,,,,,,,,,,,,,,,,,,,,,,,,,,,text_cnn_model,deepchem,,,,,,,50.0,,,,,,,,,,,,,,,,,,,,,,,,,,,,,,,,,,chembl_standardizer,,,,,,,,,,,,,,,,,,COMPLETE
63,63,0.5045663297582365,2024-02-17 09:47:06.967131,2024-02-17 10:05:46.960734,0 days 00:18:39.993603,,,,,,,,,,,,,,,,,,,,,,,128.0,,,,,,,,,,,,,,,,,,,,,,,,,,0.25,,,,,,,405.0,,,,,,,,,,,,,,,,,,,,,,,,,,,,,,,,,,,,,,,,,,,,,,,,,,,,,,,,,,,,,,,,text_cnn_model,deepchem,,,,,,,50.0,,,,,,,,,,,,,,,,,,,,,,,,,,,,,,,,,,chembl_standardizer,,,,,,,,,,,,,,,,,,COMPLETE
64,64,,2024-02-17 10:05:46.974878,2024-02-17 11:38:32.435983,0 days 01:32:45.461105,,,,,,,,,,,,,,,,,,,,,,,128.0,,,,,,,,,,,,,,,,,,,,,,,,,,,,,,64.0,,,799.0,,,,,,,,,32.0,,,,,,,,,,,,,,,,,,,,,,,,,,,,5.0,,,,,,,,,,,,,,,,,,,,,,,,,,,smiles_to_vec_model,deepchem,,,,,,,,,,,,,,,,,,,,,,,,,,,,,,,,,,,,,,,,,chembl_standardizer,,,,1.0,,,,,,,,,,,,,,FAIL
65,65,-inf,2024-02-17 11:38:32.489702,2024-02-17 11:49:32.019974,0 days 00:10:59.530272,,,,,,,,,,,,,,,,,,,,,,,128.0,,,,,,,,,,,,,,,,,,,,,,0.5,,,,,,,,,,,818.0,,,,,,,,,,,,,,,,,,,,,,,,,,,,,,,,,,,,,,,,,,,,,[500],[50],,,,,,,,,,,,,,,,,,dag_model,deepchem,,,,,,,,,,,,64.0,,,,,,,,,,,,,,,,,,,,,,,,,,,,,chembl_standardizer,,,,,,,,,,,,,,,,,,COMPLETE
66,66,0.5272773460323144,2024-02-17 11:49:32.057364,2024-02-17 12:11:21.190618,0 days 00:21:49.133254,,,,,,,,,,,,,,,,,,,,,,,128.0,,,,,,,,,,,,,,,,,,,,,,,,,,0.5,,,,,,,480.0,,,,,,,,,,,,,,,,,,,,,,,,,,,,,,,,,,,,,,,,,,,,,,,,,,,,,,,,,,,,,,,,text_cnn_model,deepchem,,,,,,,50.0,,,,,,,,,,,,,,,,,,,,,,,,,,,,,,,,,,chembl_standardizer,,,,,,,,,,,,,,,,,,COMPLETE
67,67,0.2782400904275158,2024-02-17 12:11:21.205267,2024-02-17 12:56:12.815747,0 days 00:44:51.610480,,,,,,,,,,,,,,,,,,,,,,,32.0,,,,,,,,,,,,,,,,,,,,,,,,,,,,,,64.0,,,484.0,,,,,,,,,32.0,,,,,,,,,,,,,,,,,,,,,,,,,,,,7.0,,,,,,,,,,,,,,,,,,,,,,,,,,,smiles_to_vec_model,deepchem,,,,,,,,,,,,,,,,,,,,,,,,,,,,,,,,,,,,,,,,,basic_standardizer,,,,2.0,,,,,,,,,,,,,,COMPLETE
68,68,-inf,2024-02-17 12:56:12.857806,2024-02-17 12:57:34.797808,0 days 00:01:21.940002,,,,,,,,,,,,,,,,,,,,,,,64.0,,,,,,,,,,,,,,,,,,,,,,,,,,,,,0.0,,,0.0,524.0,,,,,0.5,,,,,,,,,,0.5,3.0,,,,,,,,,,,,,,,,,,,,,,,,,,,,,,,,,,,,,,,,,,,,,,,,mat_model,deepchem,,,,,,,,10.0,,,,,,,,,,3.0,,,,,,,,,,,,,,,,,,,,0.0,,,chembl_standardizer,,,,,,,,,,,,,,,,,,COMPLETE
69,69,0.5124315812086312,2024-02-17 12:57:34.833882,2024-02-17 13:22:43.220070,0 days 00:25:08.386188,,,,,,,,,,,,,,,,,,,,,,,128.0,,,,,,,,,,,,,,,,,,,,,,,,,,0.5,,,,,,,644.0,,,,,,,,,,,,,,,,,,,,,,,,,,,,,,,,,,,,,,,,,,,,,,,,,,,,,,,,,,,,,,,,text_cnn_model,deepchem,,,,,,,50.0,,,,,,,,,,,,,,,,,,,,,,,,,,,,,,,,,,chembl_standardizer,,,,,,,,,,,,,,,,,,COMPLETE
70,70,0.5244233276898977,2024-02-17 13:22:43.268222,2024-02-17 13:41:37.754014,0 days 00:18:54.485792,,,,,,,,,,,,,,,,,,,,,,,128.0,,,,,,,,,,,,,,,,,,,,,,,,,,0.25,,,,,,,361.0,,,,,,,,,,,,,,,,,,,,,,,,,,,,,,,,,,,,,,,,,,,,,,,,,,,,,,,,,,,,,,,,text_cnn_model,deepchem,,,,,,,50.0,,,,,,,,,,,,,,,,,,,,,,,,,,,,,,,,,,chembl_standardizer,,,,,,,,,,,,,,,,,,COMPLETE
71,71,0.40456574940299833,2024-02-17 13:41:37.795390,2024-02-17 14:34:41.017083,0 days 00:53:03.221693,,,,,,,,,,,,,,,,,,,,,,,128.0,False,,,,,,,,,,,,,,,,,,,,,,0.5,,,,,,,,,,474.0,,,,,,,,,,,,,,,,,,"[32, 64]",,,,,,,,,,,,,,,,,,,,,,,,,,,,,,,,,,,,,,,,,,,,,,gcn_model,deepchem,,,,,,,,,,,,,,,,,,,,,,,,,,,,,0.5,,,,,,,,,,,simple_standardisation,custom_standardizer,,,,,,,,,False,,,,False,,,False,,COMPLETE
72,72,0.4918823961961561,2024-02-17 14:34:41.069479,2024-02-17 14:57:13.465293,0 days 00:22:32.395814,,,,,,,,,,,,,,,,,,,,,,,128.0,,,,,,,,,,,,,,,,,,,,,,,,,,0.25,,,,,,,361.0,,,,,,,,,,,,,,,,,,,,,,,,,,,,,,,,,,,,,,,,,,,,,,,,,,,,,,,,,,,,,,,,text_cnn_model,deepchem,,,,,,,50.0,,,,,,,,,,,,,,,,,,,,,,,,,,,,,,,,,,chembl_standardizer,,,,,,,,,,,,,,,,,,COMPLETE
73,73,0.5058093464410838,2024-02-17 14:57:13.500287,2024-02-17 15:20:54.248507,0 days 00:23:40.748220,,,,,,,,,,,,,,,,,,,,,,,128.0,,,,,,,,,,,,,,,,,,,,,,,,,,0.25,,,,,,,429.0,,,,,,,,,,,,,,,,,,,,,,,,,,,,,,,,,,,,,,,,,,,,,,,,,,,,,,,,,,,,,,,,text_cnn_model,deepchem,,,,,,,50.0,,,,,,,,,,,,,,,,,,,,,,,,,,,,,,,,,,chembl_standardizer,,,,,,,,,,,,,,,,,,COMPLETE
74,74,0.5013295541172992,2024-02-17 15:20:54.293810,2024-02-17 15:42:36.859908,0 days 00:21:42.566098,,,,,,,,,,,,,,,,,,,,,,,128.0,,,,,,,,,,,,,,,,,,,,,,,,,,0.5,,,,,,,372.0,,,,,,,,,,,,,,,,,,,,,,,,,,,,,,,,,,,,,,,,,,,,,,,,,,,,,,,,,,,,,,,,text_cnn_model,deepchem,,,,,,,50.0,,,,,,,,,,,,,,,,,,,,,,,,,,,,,,,,,,chembl_standardizer,,,,,,,,,,,,,,,,,,COMPLETE
75,75,0.5185529393559631,2024-02-17 15:42:36.912641,2024-02-17 16:26:17.927643,0 days 00:43:41.015002,,,,,,,,,,,,,,,,,,,,,,,8.0,,,,,,,,,,,,,,,,,,,,,,,,,,0.5,,,,,,,467.0,,,,,,,,,,,,,,,,,,,,,,,,,,,,,,,,,,,,,,,,,,,,,,,,,,,,,,,,,,,,,,,,text_cnn_model,deepchem,,,,,,,50.0,,,,,,,,,,,,,,,,,,,,,,,,,,,,,,,,,,chembl_standardizer,,,,,,,,,,,,,,,,,,COMPLETE
76,76,0.08039888657864683,2024-02-17 16:26:17.978212,2024-02-17 16:47:14.685973,0 days 00:20:56.707761,morgan,,,,,,0.58247105768734,,,,,,,,,,,,,,,,,,,,,,,,,,,,,,,,,,,,,,,,,,,,,,,,,,,,k_best,,,,,,,,,,,,,,,,,,,,,,,,,,,,,1.0,,,,,,,,,,,,,,,,,,,,,,,,,,,,,,,,,sklearn,,,,1024.0,,,,,,,,,,,,,,,,,,,,,,,,,,6.0,gaussian_process_regressor_model,,,,,,,,,,chembl_standardizer,,,,,,,,,,,,,,,,,,COMPLETE
77,77,0.3731194913490449,2024-02-17 16:47:14.715264,2024-02-17 17:45:44.244689,0 days 00:58:29.529425,,,,,,,,,,,,,,,,,,,,,,,128.0,,,,,,,,,,,,,,,,,,,2.0,,,,,,,,,,,,,,520.0,,,,,,,,,,0.0,3.0,,,,,,,,,,,,,,,,,,,,,,,,,,,,,,,,,,,,,,,,,,,,,,,,,,,,,dmpnn_model,deepchem,,,,,,,,,,,,,,,,,,,,,,,,,,,,,,,,,,,,,,,,,chembl_standardizer,,,,,,,,,,,,,,,,,,COMPLETE
78,78,0.3670521763514384,2024-02-17 17:45:44.261791,2024-02-17 19:12:20.421227,0 days 01:26:36.159436,,,,,,,,,,,,,,,,,,,,,,,128.0,,,,,,,,,,,,,,,,,,,,,0.0,,,,,,,,,,,,336.0,,,,,,,,,,,,,,,,,,,300.0,,,,,,,,,,,,,,,,,,,,,,,,,,,,,,,,,,,,,,,,,,,,,attentive_fp_model,deepchem,,,,,,,,,,,,,,,,,,,,,,,,3.0,,,,,,,,,,,,,,,,,chembl_standardizer,,,,,,,False,,,,,,,False,,,,COMPLETE
79,79,-inf,2024-02-17 19:12:20.448660,2024-02-17 19:12:21.511590,0 days 00:00:01.062930,mixed,keras_tabular_transformer,,,,,,,,0.012764144766201968,0.4869681934510856,0.03444970785864171,0.03497381825028567,8.0,4.0,2.0,4.0,,,,,,,,,,,,,,,,,,,,,relu,0.49858233051649614,,48.0,,,,,,,,,,,,,8.0,,,mol2vec,2d_descriptors,,1D,,,,,,,,,,,,,,,,,,,,,,,,,,,,,,,,,,,,,,,,,,,,,,,,,,,,,,,,,,,,,keras,,2.0,4.0,,,,,,,,,,,,,,,,,,,,,,,,,,,,,,,,,,,,,,,,,,,,,,,,,,,,,,,,COMPLETE
80,80,0.1397125243089092,2024-02-17 19:12:21.524663,2024-02-17 19:47:02.989866,0 days 00:34:41.465203,,,,,,,,,,,,,,,,,,,,16.0,,,512.0,,,,,,,,,,,,,,,,,,,,,,,,,,,,,,,,,259.0,,,,,,,,,,,,,,,,,,,,,,,,,,,,,,,,,,,,,,,,,,,,,,,,,,,,,,,,,,,,,,,,chem_ception_model,deepchem,,,,,,,,,,,,,,,,,,,,,,,,,,,,,,,,,,,,,,,,,chembl_standardizer,,,,,,,,,,,,,,,,,,COMPLETE
81,81,0.4997650570944773,2024-02-17 19:47:03.022545,2024-02-17 20:03:51.379195,0 days 00:16:48.356650,,,,,,,,,,,,,,,,,,,,,,,128.0,,,,,,,,,,,,,,,,,,,,,,,,,,0.5,,,,,,,149.0,,,,,,,,,,,,,,,,,,,,,,,,,,,,,,,,,,,,,,,,,,,,,,,,,,,,,,,,,,,,,,,,text_cnn_model,deepchem,,,,,,,100.0,,,,,,,,,,,,,,,,,,,,,,,,,,,,,,,,,,chembl_standardizer,,,,,,,,,,,,,,,,,,COMPLETE
82,82,0.5295994547629106,2024-02-17 20:03:51.414425,2024-02-17 20:24:22.586838,0 days 00:20:31.172413,,,,,,,,,,,,,,,,,,,,,,,128.0,,,,,,,,,,,,,,,,,,,,,,,,,,0.5,,,,,,,388.0,,,,,,,,,,,,,,,,,,,,,,,,,,,,,,,,,,,,,,,,,,,,,,,,,,,,,,,,,,,,,,,,text_cnn_model,deepchem,,,,,,,50.0,,,,,,,,,,,,,,,,,,,,,,,,,,,,,,,,,,chembl_standardizer,,,,,,,,,,,,,,,,,,COMPLETE
83,83,0.5026211802462747,2024-02-17 20:24:22.629925,2024-02-17 20:47:33.521491,0 days 00:23:10.891566,,,,,,,,,,,,,,,,,,,,,,,128.0,,,,,,,,,,,,,,,,,,,,,,,,,,0.5,,,,,,,439.0,,,,,,,,,,,,,,,,,,,,,,,,,,,,,,,,,,,,,,,,,,,,,,,,,,,,,,,,,,,,,,,,text_cnn_model,deepchem,,,,,,,50.0,,,,,,,,,,,,,,,,,,,,,,,,,,,,,,,,,,chembl_standardizer,,,,,,,,,,,,,,,,,,COMPLETE
84,84,0.5215778726334663,2024-02-17 20:47:33.566057,2024-02-17 21:10:16.448449,0 days 00:22:42.882392,,,,,,,,,,,,,,,,,,,,,,,128.0,,,,,,,,,,,,,,,,,,,,,,,,,,0.5,,,,,,,386.0,,,,,,,,,,,,,,,,,,,,,,,,,,,,,,,,,,,,,,,,,,,,,,,,,,,,,,,,,,,,,,,,text_cnn_model,deepchem,,,,,,,50.0,,,,,,,,,,,,,,,,,,,,,,,,,,,,,,,,,,chembl_standardizer,,,,,,,,,,,,,,,,,,COMPLETE
85,85,-inf,2024-02-17 21:10:16.464606,2024-02-18 00:10:19.647124,0 days 03:00:03.182518,,,,,,,,,,,,,,,,,,,,,,,16.0,,,,,,,,,,,,,,,,,,,,,,,,,,,0.5,,,,,,292.0,,,,,,,,,,,,,,,,,,,,,,,,,,,,,,,,,,,,,,,,,,,,,,,,,,,,,,,,,,,,,,,,dtnn_model,deepchem,,,,,,100.0,,,,,,,,,200.0,,,,,,,,,,,,,,,,,,,,,,,,,,chembl_standardizer,,,,,,,,,,,,,,,,,,COMPLETE
86,86,0.39557778844696306,2024-02-18 00:10:19.686987,2024-02-18 00:42:25.723130,0 days 00:32:06.036143,,,,,,,,,,,,,,,,,,,,,,,128.0,,,,,,,,,,,,,,,,,512.0,,,,,,,0.0,,,,,,,,,352.0,,,,,,,,,,,,,,,,,"[256, 128, 64]",,,,,,,,,,,,,,,,,,,,,,,,,,,,,,,,,,,,,True,,,,,,,,,,graph_conv_model,deepchem,,,,,,,,,,,,,,,,,,,,,,,,,,,,,,,,,,,,,,,,,basic_standardizer,,,,,,,,,,False,,,,,,,,COMPLETE
87,87,-inf,2024-02-18 00:42:25.737870,2024-02-18 00:42:26.198524,0 days 00:00:00.460654,,,,,,,,,,,,,,,,,,,,,,,128.0,,,,,,,,,,,,,,,,,,,,,,,,,,,,0.5,,,,,458.0,,,,,,,,,,,,,,,,,,,,,,,,,,,,,,,,,,,,,,,,,,,,,,,,,,,,,,,,,,,,,,,,weave_model,deepchem,,,,,,,,,,,,,256.0,,,,200.0,,,,,,,,,,,,,,,,,,,,,,,,chembl_standardizer,,,,,,,,,,,True,,,,,,,COMPLETE
88,88,0.527026611244777,2024-02-18 00:42:26.221555,2024-02-18 01:09:18.820251,0 days 00:26:52.598696,,,,,,,,,,,,,,,,,,,,,,,128.0,,,,,,,,,,,,,,,,,,,,,,,,,,0.25,,,,,,,569.0,,,,,,,,,,,,,,,,,,,,,,,,,,,,,,,,,,,,,,,,,,,,,,,,,,,,,,,,,,,,,,,,text_cnn_model,deepchem,,,,,,,50.0,,,,,,,,,,,,,,,,,,,,,,,,,,,,,,,,,,chembl_standardizer,,,,,,,,,,,,,,,,,,COMPLETE
89,89,0.4664355837756268,2024-02-18 01:09:18.836781,2024-02-18 01:25:16.089708,0 days 00:15:57.252927,2d_descriptors,,,,,,,,,,,,,,,,,,,,,,,,,,,,,,,,,,,,,,,,,,,,,,,,,,,,,,,,,,select_from_model_fs,,,,,,,,,,,,,,,,,,,,,,,,,,,,,,,,,,,,,,,,,,,,,,,,,,,,,,,,,,,,,,sklearn,,,,,,,,,15.0,,,,,,,,,,,,550.0,,,,,normal,,,,,stacking_regressor_model,,,,,,,,quantile_transformer,,pass_through_standardizer,,,,,,,,,,,,,,,,,,COMPLETE
90,90,-inf,2024-02-18 01:25:16.115978,2024-02-18 01:48:33.329865,0 days 00:23:17.213887,,,,,,,,,,,,,,,,,,,,,,,128.0,,,,,,,,,,,,,,,,,,,,,,,,,,0.5,,,,,,,952.0,,,,,,,,,,,,,,,,,,,,,,,,,,,,,,,,,,,,,,,,,,,,,,,,,,,,,,,,,,,,,,,,text_cnn_model,deepchem,,,,,,,50.0,,,,,,,,,,,,,,,,,,,,,,,,,,,,,,,,,,chembl_standardizer,,,,,,,,,,,,,,,,,,COMPLETE
91,91,0.38650234936395783,2024-02-18 01:48:33.376269,2024-02-18 03:41:35.241997,0 days 01:53:01.865728,,,,,,,,,,,,,,,,,,,,,,,32.0,,,,,,,,,,,,,,,,,,,,,,,,,0.0,,,,,,,,506.0,,,,,,,,,,,,,,,,,,,,,,,,,,,,,,,,,,,,,,,,,,,,,,,,,,,,,,,,,,20.0,,,,,,pagtn_model,deepchem,,,,,,,,,,,,,,,,,,,,,,,1.0,,2.0,,,,,,,,,,,,,,,,chembl_standardizer,,,,,,,,,,,,,,,,,,COMPLETE
92,92,0.5084714659197731,2024-02-18 03:41:35.257577,2024-02-18 04:11:59.777168,0 days 00:30:24.519591,,,,,,,,,,,,,,,,,,,,,,,128.0,,,,,,,,,,,,,,,,,,,,,,,,,,0.25,,,,,,,568.0,,,,,,,,,,,,,,,,,,,,,,,,,,,,,,,,,,,,,,,,,,,,,,,,,,,,,,,,,,,,,,,,text_cnn_model,deepchem,,,,,,,50.0,,,,,,,,,,,,,,,,,,,,,,,,,,,,,,,,,,chembl_standardizer,,,,,,,,,,,,,,,,,,COMPLETE
93,93,0.5069702577240982,2024-02-18 04:11:59.792521,2024-02-18 04:38:34.464567,0 days 00:26:34.672046,,,,,,,,,,,,,,,,,,,,,,,128.0,,,,,,,,,,,,,,,,,,,,,,,,,,0.25,,,,,,,428.0,,,,,,,,,,,,,,,,,,,,,,,,,,,,,,,,,,,,,,,,,,,,,,,,,,,,,,,,,,,,,,,,text_cnn_model,deepchem,,,,,,,50.0,,,,,,,,,,,,,,,,,,,,,,,,,,,,,,,,,,chembl_standardizer,,,,,,,,,,,,,,,,,,COMPLETE
94,94,-inf,2024-02-18 04:38:34.488717,2024-02-18 04:45:04.156870,0 days 00:06:29.668153,,,,,,,,,,,,,,,,,,,,,,,128.0,,,,,,,,,,,,,,,,,,,,,,,,,,0.25,,,,,,,614.0,,,,,,,,,,,,,,,,,,,,,,,,,,,,,,,,,,,,,,,,,,,,,,,,,,,,,,,,,,,,,,,,text_cnn_model,deepchem,,,,,,,50.0,,,,,,,,,,,,,,,,,,,,,,,,,,,,,,,,,,chembl_standardizer,,,,,,,,,,,,,,,,,,COMPLETE
95,95,-inf,2024-02-18 04:45:04.181206,2024-02-18 05:20:12.794985,0 days 00:35:08.613779,,,,,,,,,,,,,,,,,,,,,,,128.0,,,,,,,,,,,,,,,,,,,,,,,,,,,,,,128.0,,,378.0,,,,,,,,,128.0,,,,,,,,,,,,,,,,,,,,,,,,,,,,5.0,,,,,,,,,,,,,,,,,,,,,,,,,,,smiles_to_vec_model,deepchem,,,,,,,,,,,,,,,,,,,,,,,,,,,,,,,,,,,,,,,,,chembl_standardizer,,,,1.0,,,,,,,,,,,,,,COMPLETE
96,96,-inf,2024-02-18 05:20:12.827491,2024-02-18 05:20:13.134851,0 days 00:00:00.307360,,,,,,,,,,,,,,,,,,,,,,,64.0,,,,,,,,,,,,,,,,,,,,,,,,,,,,,,,,,534.0,,,,,,,,,,,,,,,,,,,,,,,,,,,,,,,,,,,,,,,,,,,,,,,,,,,,,,,,,,,,,,,,gat_model,deepchem,,,,,,,,,,,,,,,,,,,,,,,,,,,,,,,,,,,,,,,,simple_standardisation,custom_standardizer,,,,,,,,False,,,,True,,,True,,,COMPLETE
97,97,-inf,2024-02-18 05:20:13.159294,2024-02-18 05:21:02.880982,0 days 00:00:49.721688,,,keras_simple_rnn,,,,,,,,,,,,,,,,,,,,,,,,,,,,,,,,,,,relu,0.2829021027554379,,192.0,,,,,,,,,,,,,,,,,,,2D,,,,,,,,,,,,,,,,,,,,,,,,,,,,,,,,,,,,,,,,,,,,,,,,,,,,,,,,,,,,,keras,,,,,,,,,,,,,,,,,,,,,,3.0,,,,,,,,,,0.48201108620138505,0.23296344587995166,0.09943884314085694,33.0,94.0,139.0,,,,,,,,,,,,,,,,,,,,,,COMPLETE
98,98,-inf,2024-02-18 05:21:02.896881,2024-02-18 05:22:22.794221,0 days 00:01:19.897340,,,,,,,,,,,,,,,,,,,,,,,256.0,,,,,,,,,,,,,,,,,,,,,,,,,,0.5,,,,,,,426.0,,,,,,,,,,,,,,,,,,,,,,,,,,,,,,,,,,,,,,,,,,,,,,,,,,,,,,,,,,,,,,,,text_cnn_model,deepchem,,,,,,,50.0,,,,,,,,,,,,,,,,,,,,,,,,,,,,,,,,,,chembl_standardizer,,,,,,,,,,,,,,,,,,COMPLETE
99,99,-inf,2024-02-18 05:22:22.819839,2024-02-18 05:24:46.221468,0 days 00:02:23.401629,,,,,,,,,,,,,,,,,,,,,,,128.0,,,,,,,,,,,,,,,,,,,,,,0.5,,,,,,,,,,,466.0,,,,,,,,,,,,,,,,,,,,,,,,,,,,,,,,,,,,,,,,,,,,,[50],[100],,,,,,,,,,,,,,,,,,dag_model,deepchem,,,,,,,,,,,,256.0,,,,,,,,,,,,,,,,,,,,,,,,,,,,,chembl_standardizer,,,,,,,,,,,,,,,,,,COMPLETE
